vmag,ra,de,pmRa,pmDe,sRgbR,sRgbG,sRgbB
6.7,0.08608333,45.22917,-0.012,-0.018,0.843752,0.9954435,1.511886
6.29,0.08438889,-0.5030556,0.045,-0.06,1.360425,0.934887,0.587065
4.61,0.08891667,-5.7075,-0.009,0.089,1.325317,0.9415493,0.6245921
5.51,0.095,13.39611,0.045,-0.012,1.24511,0.9558647,0.7193206
5.96,0.1044444,58.43667,0.263,0.03,1.119825,0.9750837,0.8985121
5.7,0.1052778,-49.075,0.565,-0.038,1.043325,0.9843654,1.032307
5.59,0.1073611,64.19611,0.008,0,0.8063781,0.9946213,1.630482
6.13,0.1102222,29.02139,0.38,-0.182,1.162379,0.969053,0.8327068
6.18,0.1139167,-23.1075,0.1,-0.045,0.9761498,0.9905277,1.16955
6.19,0.1217222,-17.38639,-0.018,0.036,0.8715355,0.9953564,1.430662
6.43,0.1289167,-2.548889,0.027,-0.002,0.7686149,0.9925749,1.762392
5.94,0.1296667,-22.50889,0.052,-0.044,0.8715355,0.9953564,1.430662
5.68,0.1343056,-33.52944,-0.037,0,1.372211,0.932602,0.5749471
6.07,0.1366944,-2.447778,0.009,-0.003,1.526972,0.9008257,0.4334489
2.06,0.1398056,29.09056,0.136,-0.163,0.7785514,0.9932398,1.726427
5.99,0.1381667,-8.823889,-0.052,-0.033,1.325317,0.9415493,0.6245921
6.19,0.1447222,36.62667,-0.1,-0.145,1.023699,0.9863767,1.070307
6.06,0.1426111,-17.5775,0,-0.025,1.702462,0.8610749,0.3099481
6.23,0.1478333,25.46278,0.114,0.031,1.28489,0.9489328,0.6706696
6.01,0.1556111,79.71472,0.102,-0.027,0.8921627,0.9949391,1.373863
2.27,0.1529722,59.14972,0.525,-0.181,0.957758,0.9918342,1.210907
5.53,0.1506667,18.21194,0.137,-0.024,1.325317,0.9415493,0.6245921
6.33,0.1506667,-54.00194,0.051,0.016,1.156997,0.9698464,0.8407252
5.42,0.1558333,-27.98778,0.072,-0.004,0.9949045,0.9890186,1.129132
3.88,0.1568611,-45.7475,0.124,-0.181,1.319505,0.9426305,0.6310211
5.51,0.1673056,11.14556,0.041,-0.003,0.792227,0.9940051,1.678416
5.03,0.1720278,46.07222,0.008,0,0.9854823,0.9897984,1.149222
6.74,0.1749167,57.16556,0.023,0.006,0.788763,0.9938273,1.690417
5.84,0.1718889,-5.248611,0.036,-0.033,1.290627,0.9479049,0.663932
5.28,0.16725,-82.22389,-0.029,-0.02,1.331141,0.9404596,0.6182135
5.85,0.1785556,-12.58,0.15,-0.038,1.307917,0.9447668,0.6440313
6.64,0.1773889,-73.22444,0.123,0.016,0.9715175,0.9908733,1.179802
4.89,0.18775,-15.46806,-0.077,-0.268,1.028574,0.9858926,1.060716
5.41,0.1928889,-27.79972,0.01,0.016,1.503099,0.9059449,0.4531172
5.25,0.1955556,-35.13306,0.173,0.119,1.004415,0.9881883,1.109282
6.16,0.19975,48.1525,0.058,0.017,1.568927,0.8916483,0.4006839
5.25,0.2027778,-17.93833,0.056,-0.031,1.586981,0.8876316,0.387255
6.73,0.214,37.69333,0.028,-0.012,0.7718961,0.9928048,1.750413
2.83,0.2206111,15.18361,0.003,-0.012,0.7405209,0.9901739,1.869259
6.3,0.2233333,26.98722,-0.008,-0.047,1.10937,0.9764765,0.9155611
5.72,0.2252222,41.03528,-0.123,-0.148,0.9442073,0.9926812,1.242528
5.94,0.2283611,-26.02194,0.026,-0.069,1.629291,0.8780689,0.3572699
6.31,0.2289444,-26.28472,-0.02,0.012,1.586981,0.8876316,0.387255
6.25,0.2339722,33.20611,-0.006,-0.018,0.8136278,0.9948701,1.606589
4.8,0.2433889,20.20667,0.093,0,1.641429,0.8752886,0.3490357
5.12,0.241,-7.780556,0.059,0.004,1.671872,0.8682461,0.3290678
5.77,0.2220556,-84.99417,0.004,0.008,1.733201,0.853778,0.2916365
4.44,0.244,-18.93278,-0.024,-0.067,1.696332,0.8625193,0.3137062
6.24,0.2489167,22.28417,0.065,-0.011,0.8136278,0.9948701,1.606589
5.79,0.2496667,8.820833,0.097,-0.028,0.9442073,0.9926812,1.242528
5.75,0.2484722,-9.569722,0.028,-0.011,0.788763,0.9938273,1.690417
6.45,0.2519444,31.53583,0.035,-0.005,1.302141,0.9458218,0.6506131
6.35,0.2529444,27.28306,0.021,-0.031,0.8099886,0.9947508,1.618527
6.17,0.2495,-34.90444,0.073,-0.023,1.503099,0.9059449,0.4531172
6.35,0.2705556,76.95083,0.018,-0.002,0.792227,0.9940051,1.678416
6.15,0.2726667,43.59472,0.043,-0.03,0.836055,0.9953655,1.535403
5.67,0.2691389,-31.44639,0.122,-0.03,1.509061,0.9046737,0.4481333
6.49,0.2653333,-75.91139,-0.013,0.006,1.302141,0.9458218,0.6506131
6.11,0.2761389,8.24,-0.02,-0.019,1.256405,0.9539321,0.7051516
5.74,0.2825278,61.53333,-0.001,-0.001,1.233874,0.9577577,0.733708
6.47,0.2784722,-20.21056,0.012,-0.014,0.7853289,0.9936404,1.702421
5.89,0.2858611,47.9475,0.008,0,0.7853289,0.9936404,1.702421
4.61,0.2848611,38.68167,-0.05,-0.019,0.8398899,0.9954101,1.523629
6.77,0.2802778,-78.78056,0.077,-0.043,1.014014,0.9873076,1.089673
6.14,0.2952778,51.43306,-0.005,-0.004,0.7718961,0.9928048,1.750413
6.45,0.2923889,-19.05111,0.015,0.003,0.9715175,0.9908733,1.179802
6.17,0.2965833,1.688889,0.095,0.012,1.267758,0.9519608,0.6911988
4.52,0.3054722,36.78528,-0.063,-0.041,0.836055,0.9953655,1.535403
6.05,0.3047778,11.20583,-0.036,-0.038,1.319505,0.9426305,0.6310211
6.11,0.3116944,43.79111,0.02,-0.003,0.788763,0.9938273,1.690417
5.87,0.3106389,31.51722,0.058,-0.006,0.8136278,0.9948701,1.606589
6.46,0.3116111,-8.052778,0.413,-0.139,1.12508,0.9743699,0.8900779
6.33,0.3118333,-43.23528,0.056,0.012,1.42594,0.9219321,0.5222255
3.56,0.3238056,-8.823889,-0.014,-0.036,1.431855,0.9207385,0.5166105
6.33,0.3282222,40.72972,-0.026,-0.01,1.407792,0.9255665,0.539732
6.52,0.3347778,48.86528,0.005,-0.017,1.302141,0.9458218,0.6506131
4.23,0.3345278,-64.87472,1.705,1.164,1.073387,0.9809783,0.977142
5.9,0.3401111,30.93583,0.021,0.004,0.781925,0.9934445,1.714426
5.79,0.3459722,32.91139,-0.026,-0.014,1.653589,0.8724872,0.3409441
5.37,0.3433056,8.190278,-0.002,0.008,1.503099,0.9059449,0.4531172
6.56,0.3484722,10.97694,-0.046,-0.028,1.302141,0.9458218,0.6506131
5.18,0.3520278,37.96861,0.06,-0.04,0.9949045,0.9890186,1.129132
5.51,0.3441667,-69.625,-0.007,0,0.799244,0.9943325,1.65443
5.18,0.3586667,-28.98167,0.04,-0.074,1.302141,0.9458218,0.6506131
5.12,0.3628611,-20.05778,0.071,-0.005,1.795138,0.8388184,0.2572891
6.23,0.37375,13.4825,0.062,0.021,1.431855,0.9207385,0.5166105
5.97,0.3579444,-77.42694,0.002,-0.01,1.538936,0.8982318,0.4238772
6.39,0.3810556,-12.20944,0.394,0.061,1.114588,0.9757859,0.9070064
6.55,0.3868333,-31.03611,0.029,-0.003,0.8172955,0.9949792,1.594669
7.39,0.4005556,38.57722,-0.007,-0.023,1.889207,0.8155105,0.2109612
5.57,0.4043333,52.02,0.013,-0.004,0.7752084,0.9930265,1.738424
5.4,0.4131944,61.83111,0.012,-0.001,0.8172955,0.9949792,1.594669
6.07,0.40825,-2.219167,-0.033,-0.044,1.431855,0.9207385,0.5166105
5.74,0.4184444,53.04694,0.023,-0.002,0.7957208,0.9941736,1.666419
5.77,0.4233889,1.939722,-0.013,-0.015,1.222698,0.9596106,0.7483163
2.8,0.4291944,-77.25417,2.215,0.324,1.093832,0.9784774,0.941588
2.39,0.4380556,-42.30611,0.203,-0.396,1.354547,0.9360177,0.5931965
3.94,0.4367222,-43.68,0.109,0.029,0.8838352,0.9951422,1.396449
6.19,0.4437222,-0.04972222,0.073,-0.001,1.24511,0.9558647,0.7193206
5.98,0.4540833,-25.54722,0.036,-0.019,1.319505,0.9426305,0.6310211
5.06,0.4674722,17.89306,0.117,0.021,1.690208,0.8639587,0.3174968
5.17,0.4704722,44.39444,0.089,-0.016,0.8284677,0.9952433,1.559035
4.81,0.4654722,-33.00722,-0.019,-0.052,1.68409,0.8653929,0.3213205
6.06,0.4701944,16.445,0.019,-0.015,1.647506,0.8738905,0.3449722
6.04,0.47225,10.18972,0.046,-0.207,0.9996489,0.9886097,1.119177
6.43,0.4725278,-20.335,-0.116,-0.114,1.078469,0.9803711,0.968162
5.43,0.474,-39.915,0.13,-0.036,1.635357,0.8766814,0.3531348
6.26,0.4823889,36.9,-0.011,0.003,1.256405,0.9539321,0.7051516
6.26,0.4786389,-50.53278,0.15,-0.002,1.354547,0.9360177,0.5931965
6.21,0.5152778,77.01944,0.337,-0.038,1.211584,0.9614226,0.7631477
5.94,0.5055278,59.97722,0.017,-0.012,0.8209915,0.9950778,1.582768
5.23,0.5020278,29.75167,0.041,-0.054,0.9134204,0.9942164,1.318236
6.14,0.49775,-14.86417,0.144,-0.032,0.9715175,0.9908733,1.179802
6.57,0.4969167,-32.11667,-0.004,-0.054,1.503099,0.9059449,0.4531172
5.72,0.5006667,-3.957222,0.011,-0.012,1.635357,0.8766814,0.3531348
5.19,0.5063056,-23.78778,-0.024,0.013,0.8634652,0.9954395,1.45368
6.19,0.5077222,-40.93944,-0.001,0.021,0.9532177,0.9921292,1.221391
5.69,0.50725,-48.215,0.129,-0.088,0.9623215,0.9915266,1.200481
6.18,0.5236944,66.51944,0.023,-0.006,0.781925,0.9934445,1.714426
5.87,0.5237778,33.58167,0.047,-0.019,1.384036,0.9302863,0.5630207
4.73,0.5295556,54.52222,0.045,-0.01,0.781925,0.9934445,1.714426
5.6,0.5281111,52.83944,-0.053,-0.019,1.389962,0.9291172,0.5571284
4.77,0.5236111,-48.80361,0.143,0.017,0.8247156,0.9951659,1.57089
4.37,0.52575,-62.95806,0.09,-0.054,0.792227,0.9940051,1.678416
4.54,0.526,-62.96583,0.101,-0.056,0.8756096,0.995297,1.419215
6.7,0.5407778,43.49472,0.018,-0.01,0.8136278,0.9948701,1.606589
6.42,0.5553611,70.98167,0.028,-0.004,0.8136278,0.9948701,1.606589
4.16,0.55,62.93167,0.003,-0.003,0.8715355,0.9953564,1.430662
5.38,0.5431944,20.29444,0.135,-0.047,1.348679,0.9371404,0.5993768
5.67,0.5399444,6.955556,0.035,0.002,0.8172955,0.9949792,1.594669
6.67,0.5429167,27.58056,-0.017,-0.015,1.302141,0.9458218,0.6506131
6.3,0.5469722,28.28028,-0.006,0.007,1.302141,0.9458218,0.6506131
5.93,0.5528889,54.895,0.071,-0.042,1.325317,0.9415493,0.6245921
5.09,0.5455,-63.03111,0.081,-0.038,0.8322476,0.9953098,1.547205
6.48,0.5735833,66.75028,0.021,0,0.788763,0.9938273,1.690417
5.55,0.5614167,-29.55833,-0.026,-0.03,1.461477,0.9146789,0.4893029
6.13,0.5564722,-71.26611,0.067,-0.012,0.9091193,0.9943857,1.329262
5.57,0.5743889,-52.37306,0.23,0.032,1.018846,0.9868484,1.07996
6.4,0.5820278,13.37111,-0.09,-0.057,1.302141,0.9458218,0.6506131
5.2,0.5874722,-3.592778,0.413,-0.026,1.063285,0.9821562,0.9952854
5.93,0.5924444,-0.5055556,0.146,-0.066,1.004415,0.9881883,1.109282
5.08,0.6023056,54.16861,0.022,0,0.7785514,0.9932398,1.726427
6.41,0.5985278,13.20667,-0.143,-0.189,1.043325,0.9843654,1.032307
5.79,0.6075833,60.32611,-0.001,-0.003,0.9352911,0.9931827,1.263889
5.51,0.59475,-48.00083,0.045,-0.104,1.004415,0.9881883,1.109282
6.06,0.5926111,-54.82194,0.027,-0.054,1.307917,0.9447668,0.6440313
6.5,0.6055556,27.25472,0.011,-0.016,0.7853289,0.9936404,1.702421
6.45,0.6008333,-14.97361,-0.083,-0.079,1.336976,0.9393615,0.611885
6.06,0.6019167,-22.8425,-0.072,-0.052,0.9352911,0.9931827,1.263889
5.13,0.6129444,44.48861,-0.023,0.033,1.659678,0.8710787,0.3369508
3.66,0.6161944,53.89694,0.019,-0.009,0.749593,0.9910358,1.833889
4.36,0.6146944,33.71944,0.015,-0.004,0.7686149,0.9925749,1.762392
5.89,0.6131389,15.23167,0.002,-0.015,0.765365,0.9923371,1.774358
6.47,0.6186667,24.01417,-0.014,-0.044,1.302141,0.9458218,0.6506131
5.48,0.6225278,35.39944,-0.016,-0.005,1.233874,0.9577577,0.733708
6.4,0.6631389,82.49389,-0.111,0.078,1.058264,0.9827269,1.004449
5.57,0.6224167,-24.76722,1.39,-0.012,1.146286,0.9713996,0.8569388
6.42,0.6103889,-65.12472,0.029,-0.02,1.455546,0.9159029,0.4946641
6.39,0.6251389,3.135278,0.095,-0.061,1.497141,0.9072102,0.4581465
6.41,0.6216944,-54.39417,0.056,-0.021,1.302141,0.9458218,0.6506131
4.37,0.6425833,29.31167,-0.227,-0.254,1.228278,0.9586892,0.7409844
5.43,0.65275,49.35444,0.008,-0.011,1.68409,0.8653929,0.3213205
3.27,0.6554722,30.86083,0.136,-0.091,1.467412,0.9134489,0.4839908
5.87,0.6560556,21.25056,-0.464,-0.37,1.217133,0.9605217,0.755704
5.36,0.6654444,21.43833,0.028,-0.035,1.395897,0.9279408,0.5512831
2.23,0.6751389,56.53722,0.053,-0.032,1.40184,0.9267572,0.5454844
6.85,0.6446667,-73.13722,-0.017,0.02,0.8594694,0.9954634,1.465249
6.69,0.6660833,-33.96167,0.333,-0.116,1.038387,0.9848868,1.041715
6.01,0.6644444,-44.79667,0.045,0,1.384036,0.9302863,0.5630207
6.49,0.6746111,-16.51694,0.037,-0.04,1.256405,0.9539321,0.7051516
6.14,0.6758056,-23.80444,0.644,-0.333,1.135646,0.9729076,0.8733891
5.91,0.6784444,-4.351944,-0.013,-0.013,1.360425,0.934887,0.587065
5.33,0.6853333,39.45861,-0.01,-0.007,1.239485,0.9568162,0.7264869
5.89,0.674,-59.45444,0.889,0.448,1.058264,0.9827269,1.004449
5.83,0.7009444,66.1475,-0.013,-0.009,1.325317,0.9415493,0.6245921
6.04,0.6933333,24.62917,0.107,-0.016,0.9220961,0.9938405,1.296338
4.8,0.7010833,50.5125,0.015,-0.005,0.7785514,0.9932398,1.726427
4.59,0.6887778,-46.085,-0.014,-0.002,1.28489,0.9489328,0.6706696
6.17,0.7086389,58.75333,0.036,-0.007,0.8136278,0.9948701,1.606589
5.7,0.6962222,-56.50167,0.085,0.044,0.8963644,0.9948192,1.36264
4.94,0.7244722,47.02472,-0.02,-0.034,0.8879863,0.9950467,1.385133
6.06,0.7119167,-38.46333,0.003,-0.005,0.8063781,0.9946213,1.630482
5.98,0.7116111,-60.2625,0.255,-0.045,1.491187,0.9084697,0.4632215
5.39,0.7078889,-65.46806,0.053,0.042,1.03347,0.9853959,1.051185
2.04,0.7265,-17.98667,0.234,0.033,1.313705,0.943703,0.6375007
5.67,0.7406667,47.86417,-0.026,0.015,0.7752084,0.9930265,1.738424
6.02,0.7306111,-12.01167,0.007,-0.204,1.360425,0.934887,0.587065
4.36,0.7225556,-57.46306,-0.006,0.011,0.8172955,0.9949792,1.594669
5.66,0.7608333,74.98806,-0.018,-0.026,0.836055,0.9953655,1.535403
4.54,0.7454167,48.28444,0.019,-0.008,0.792227,0.9940051,1.678416
4.76,0.7365,-10.60944,-0.009,-0.113,1.307917,0.9447668,0.6440313
5.9,0.7366944,-38.42167,0.244,0.113,1.395897,0.9279408,0.5512831
5.42,0.7547778,55.22167,-0.025,0.002,0.8322476,0.9953098,1.547205
5.24,0.7456667,-22.00611,-0.066,0.083,0.9532177,0.9921292,1.221391
5.94,0.7491944,-42.67667,-0.086,-0.102,0.9308688,0.9934145,1.274651
6.07,0.7423056,-62.49778,0.143,-0.005,1.004415,0.9881883,1.109282
6.33,0.7775,69.325,0.196,0.001,1.302141,0.9458218,0.6506131
6.15,0.7566944,-4.629167,0.028,0.033,1.671872,0.8682461,0.3290678
6.15,0.75,-53.715,0.23,0,1.048284,0.9838315,1.02296
6.15,0.7579722,-12.88083,-0.034,-0.201,1.088691,0.9791206,0.9503851
6.52,0.7708611,55.30528,0.015,-0.012,1.302141,0.9458218,0.6506131
6.05,0.7696944,44.86139,0.028,-0.009,0.792227,0.9940051,1.678416
6.47,0.7615833,-16.42417,0.014,-0.005,0.9442073,0.9926812,1.242528
6.39,0.7784444,59.57444,-0.008,-0.001,1.354547,0.9360177,0.5931965
5.41,0.7961389,74.8475,0.015,-0.009,0.788763,0.9938273,1.690417
5.8,0.7626667,-47.55167,0.184,0.086,1.104171,0.9771553,0.9241761
5.5,0.7699444,-22.52194,0.201,-0.006,1.290627,0.9479049,0.663932
5.38,0.7758333,15.47556,-0.027,-0.044,1.690208,0.8639587,0.3174968
5.87,0.8025278,72.675,0.13,0.024,1.307917,0.9447668,0.6440313
5.5,0.78375,11.97389,0.058,-0.036,1.28489,0.9489328,0.6706696
6.13,0.7871111,19.57889,0.104,0.011,0.9264704,0.9936338,1.285468
4.06,0.7889722,24.26722,-0.1,-0.083,1.372211,0.932602,0.5749471
5.99,0.7898889,6.740833,0.014,-0.015,1.267758,0.9519608,0.6911988
6.54,0.7985556,20.92528,0.157,0.006,1.03347,0.9853959,1.051185
5.7,0.7953611,-18.06139,0.043,0.031,1.479292,0.9109711,0.4735113
3.44,0.8183333,57.81583,1.1,-0.529,1.068326,0.9815733,0.9861831
5.57,0.8003056,-21.7225,0.028,-0.011,0.7957208,0.9941736,1.666419
5.93,0.8048333,7.3,0.111,0.004,1.360425,0.934887,0.587065
5.75,0.8063889,5.280556,0.758,-1.146,1.233874,0.9577577,0.733708
4.89,0.8139167,50.96833,0.035,-0.006,0.7785514,0.9932398,1.726427
4.43,0.8113889,7.585,0.085,-0.052,1.599043,0.8849264,0.3784985
5.07,0.8163056,16.94056,-0.003,-0.204,1.038387,0.9848868,1.041715
4.53,0.8302222,41.07889,0.023,-0.019,0.765365,0.9923371,1.774358
5.59,0.8237778,-13.56139,0.105,-0.104,1.479292,0.9109711,0.4735113
5.9,0.8205278,-24.13639,0.078,-0.051,1.273455,0.9509609,0.6843027
6.27,0.81575,-46.69778,-0.008,0.017,1.24511,0.9558647,0.7193206
7,0.8313333,27.71083,0.084,-0.01,0.966908,0.9912063,1.190112
7.1,0.8314444,27.71028,0.091,-0.009,1.302141,0.9458218,0.6506131
6.28,0.8259444,-23.36167,-0.008,0,0.8674873,0.9954039,1.442151
5.39,0.8454444,64.2475,0.03,-0.012,1.028574,0.9858926,1.060716
6.15,0.8384167,45.00222,0.065,0.006,0.8209915,0.9950778,1.582768
5.19,0.8354444,-10.64444,-0.226,-0.229,1.03347,0.9853959,1.051185
5.07,0.8098333,-74.92333,0.13,-0.033,1.520997,0.9021141,0.4382997
6.07,0.8545556,61.80583,-0.002,0.006,1.832598,0.8296167,0.2380458
6.39,0.8492778,51.50806,0.135,-0.003,0.9308688,0.9934145,1.274651
6.48,0.8343611,-43.39472,0.011,0.016,0.9352911,0.9931827,1.263889
5.62,0.91475,83.70722,0.062,-0.022,0.8515572,0.9954764,1.488497
6.21,0.8593611,51.57111,-0.01,-0.019,1.302141,0.9458218,0.6506131
5.22,0.8447778,-50.98694,0.067,0.039,0.966908,0.9912063,1.190112
6.37,0.8550833,3.385,0.016,-0.067,1.342822,0.9382551,0.6056062
4.82,0.8844722,61.12417,-0.071,0.172,1.048284,0.9838315,1.02296
6.9,0.8644722,-43.70917,0.025,-0.013,0.9623215,0.9915266,1.200481
6.69,0.8815,38.54861,0.029,-0.021,0.8247156,0.9951659,1.57089
5.46,0.8779444,-24.00583,0.035,0.035,1.443694,0.9183328,0.5055358
4.77,0.8834722,-1.144167,0.008,-0.017,1.641429,0.8752886,0.3490357
6.06,0.8911667,37.41806,0.013,-0.046,1.384036,0.9302863,0.5630207
6.27,0.8965556,52.68917,0.076,-0.026,0.8921627,0.9949391,1.373863
6.46,0.8867778,-24.77694,0.098,0.037,1.004415,0.9881883,1.109282
6.22,0.8734167,-69.50444,-0.007,-0.086,1.063285,0.9821562,0.9952854
4.83,0.9166944,58.97278,-0.032,-0.043,1.42594,0.9219321,0.5222255
5.74,0.9097778,19.18833,0.018,-0.014,0.8136278,0.9948701,1.606589
6.16,0.9048889,-8.740833,0.018,-0.052,1.256405,0.9539321,0.7051516
6.27,0.9181111,48.67861,-0.022,-0.006,1.708597,0.8596255,0.3062224
5.7,0.8938611,-62.87139,0.073,0.004,1.635357,0.8766814,0.3531348
5.47,0.9161111,23.62833,0.131,-0.031,1.302141,0.9458218,0.6506131
6.2,0.92075,24.55694,0.02,-0.015,1.671872,0.8682461,0.3290678
6.21,0.9369167,57.99667,0.037,-0.014,1.520997,0.9021141,0.4382997
6.37,0.9487778,68.77611,0.137,-0.021,0.9761498,0.9905277,1.16955
6.09,0.9329167,27.20944,-0.02,0.013,0.8715355,0.9953564,1.430662
5.85,0.9284444,-7.347222,-0.007,-0.046,1.611126,0.8821995,0.369895
2.47,0.9451389,60.71667,0.026,-0.005,0.765365,0.9923371,1.774358
4.63,0.9443889,59.18111,-0.092,-0.046,1.279166,0.9499515,0.6774598
5.55,0.9464167,60.36278,0.032,-0.008,0.792227,0.9940051,1.678416
5.31,0.93375,-11.26667,-0.02,-0.008,1.611126,0.8821995,0.369895
6.1,0.9320833,-27.77556,0,0.002,1.702462,0.8610749,0.3099481
3.87,0.9458889,38.49944,0.152,0.033,0.8674873,0.9954039,1.442151
5.45,0.91675,-69.52694,0.006,-0.045,1.354547,0.9360177,0.5931965
4.42,0.9534444,23.4175,-0.044,-0.048,1.267758,0.9519608,0.6911988
6.12,0.9610278,45.83972,0.013,0.005,1.313705,0.943703,0.6375007
5.97,0.9753056,66.35222,0.043,-0.006,0.8099886,0.9947508,1.618527
5.42,0.9639444,28.99222,0.008,-0.008,1.348679,0.9371404,0.5993768
5.98,0.9706111,33.95083,0.035,-0.072,1.302141,0.9458218,0.6506131
6.32,0.9651389,13.69583,-0.011,-0.013,1.239485,0.9568162,0.7264869
6.37,0.9719167,21.40444,-0.006,-0.003,0.8515572,0.9954764,1.488497
6.39,1.008611,70.98306,0.082,0,0.8674873,0.9954039,1.442151
5.61,0.9788611,-11.38,-0.034,-0.019,1.28489,0.9489328,0.6706696
4.31,0.9767778,-29.3575,0.022,0.004,0.7621466,0.9920915,1.786308
6.23,0.9728889,-60.69639,0.05,0.018,0.8555,0.9954757,1.476855
6.84,1.000944,44.71111,0.011,-0.024,1.302141,0.9458218,0.6506131
6.04,1.001,44.71333,0.016,-0.023,0.8136278,0.9948701,1.606589
6.11,0.9971389,6.483056,0.023,-0.008,1.702462,0.8610749,0.3099481
4.25,1.14575,86.25694,0.076,-0.012,1.42594,0.9219321,0.5222255
6.46,1.564,89.01556,0.062,-0.036,0.8594694,0.9954634,1.465249
6.47,1.038444,51.035,-0.004,-0.013,1.302141,0.9458218,0.6506131
5.59,1.02175,-38.91667,0.069,0.045,1.407792,0.9255665,0.539732
6.45,1.050417,47.37611,0.088,-0.015,0.9177461,0.9940347,1.307261
5.98,1.048417,41.345,-0.02,-0.01,0.8797096,0.9952256,1.40781
5.5,1.046972,31.80444,0.015,-0.028,0.799244,0.9943325,1.65443
5.92,1.060278,61.075,-0.006,0.004,1.028574,0.9858926,1.060716
5.5,1.040667,-31.55194,0.082,0.012,0.8476411,0.9954656,1.500175
4.28,1.049056,7.89,-0.078,0.023,1.279166,0.9499515,0.6774598
6.11,1.033833,-57.0025,0.006,0.015,1.267758,0.9519608,0.6911988
5.43,1.050722,-4.836667,-0.108,-0.106,1.366313,0.9337484,0.580982
5.84,1.072111,61.58028,-0.07,-0.022,1.053264,0.9832854,1.013674
5.99,1.067333,52.50222,0.001,-0.059,1.580958,0.888976,0.3916917
5.36,1.047,-46.3975,0,0.002,1.24511,0.9558647,0.7193206
6.29,1.054889,-29.52583,-0.114,-0.03,1.262074,0.9529513,0.6981484
6.04,1.063611,1.366667,0.122,-0.042,0.9264704,0.9936338,1.285468
6.54,1.079667,51.01,0.019,-0.002,0.788763,0.9938273,1.690417
6.19,1.074333,29.65861,0.084,-0.116,0.9996489,0.9886097,1.119177
6.21,1.04525,-65.45611,0.004,0,1.68409,0.8653929,0.3213205
6.72,1.076778,39.99111,0.077,-0.022,0.9442073,0.9926812,1.242528
6.25,1.270417,87.14528,0.051,-0.027,1.372211,0.932602,0.5749471
6,1.081278,5.656389,0.028,-0.014,1.605082,0.8835657,0.3741778
5.68,1.084833,14.94611,0.006,0.054,0.9901823,0.9894148,1.139147
6.54,1.106333,62.76167,0.102,-0.024,0.8921627,0.9949391,1.373863
5.34,1.094694,21.47333,0.05,-0.016,0.8063781,0.9946213,1.630482
5.56,1.094917,21.46528,0.047,-0.018,0.792227,0.9940051,1.678416
6.29,1.153417,80.01167,-0.03,-0.038,1.302141,0.9458218,0.6506131
6.35,1.097,4.908333,0.022,-0.121,0.9761498,0.9905277,1.16955
7.25,1.097611,4.909444,0.029,-0.119,1.028574,0.9858926,1.060716
6.12,1.093556,-9.979167,-0.034,-0.033,1.307917,0.9447668,0.6440313
6.43,1.116722,56.935,0.1,-0.11,1.407792,0.9255665,0.539732
5.58,1.101417,-9.839444,0.03,0.004,0.8209915,0.9950778,1.582768
6.38,1.119306,53.49833,0.023,-0.001,1.302141,0.9458218,0.6506131
6.12,1.109333,12.95611,0.019,0.023,1.279166,0.9499515,0.6774598
6.14,1.102139,-23.9925,-0.031,-0.041,1.354547,0.9360177,0.5931965
5.17,1.137889,54.92028,3.424,-1.596,1.130354,0.9736445,0.8817036
3.31,1.101389,-46.71861,-0.027,-0.001,1.239485,0.9568162,0.7264869
6.61,1.107361,-35.66083,0.069,-0.023,0.8715355,0.9953564,1.430662
5.03,1.133583,43.94194,0.165,-0.07,0.8594694,0.9954634,1.465249
6.37,1.120306,-23.99639,0.098,-0.036,0.9091193,0.9943857,1.329262
5.79,1.142583,58.26361,0.007,-0.005,0.8136278,0.9948701,1.606589
6.25,1.133694,32.01222,0.204,-0.03,0.9854823,0.9897984,1.149222
5.55,1.132556,20.73917,0.087,-0.094,0.8674873,0.9954039,1.442151
5.82,1.1295,-9.785556,0.152,0.017,0.9996489,0.9886097,1.119177
5.52,1.1395,5.649722,-0.264,-0.185,0.957758,0.9918342,1.210907
5.21,1.129972,-41.48694,0.038,0.01,0.8797096,0.9952256,1.40781
5.37,1.121861,-61.77528,0.073,-0.012,1.233874,0.9577577,0.733708
5.64,1.204639,79.67389,0.091,-0.005,0.8209915,0.9950778,1.582768
3.45,1.143167,-10.18222,0.218,-0.138,1.395897,0.9279408,0.5512831
4.25,1.158389,47.24194,0.01,-0.009,0.792227,0.9940051,1.678416
5.29,1.177583,68.77861,0.036,-0.031,0.8099886,0.9947508,1.618527
2.06,1.162194,35.62056,0.178,-0.114,1.647506,0.8738905,0.3449722
3.92,1.13975,-55.24583,0.019,0.025,0.788763,0.9938273,1.690417
5.55,1.163667,19.65861,-0.006,0.009,1.130354,0.9736445,0.8817036
5.65,1.171889,42.08139,-0.133,-0.043,1.08357,0.9797518,0.959243
5.8,1.172056,25.45778,0,-0.114,1.580958,0.888976,0.3916917
5.55,1.190444,64.20278,0.04,-0.013,0.792227,0.9940051,1.678416
4.33,1.185056,55.14972,0.229,-0.022,0.8838352,0.9951422,1.396449
6.06,1.169861,15.67417,0.031,-0.021,1.59301,0.8862817,0.3828574
5.57,1.194833,65.01889,0.023,-0.016,0.7853289,0.9936404,1.702421
6.4,1.17,-8.906111,-0.013,-0.036,1.325317,0.9415493,0.6245921
5.95,1.176,2.445556,0,-0.015,1.605082,0.8835657,0.3741778
5.81,1.186194,37.72417,-0.012,-0.007,0.781925,0.9934445,1.714426
5.16,1.185222,31.42472,-0.011,-0.014,0.9091193,0.9943857,1.329262
6.41,1.168722,-57.69444,-0.006,-0.121,1.239485,0.9568162,0.7264869
4.66,1.190889,21.03472,0.038,-0.011,1.319505,0.9426305,0.6310211
4.51,1.194333,30.08972,0.072,-0.035,1.354547,0.9360177,0.5931965
5.94,1.195417,-2.251111,-0.062,-0.026,1.538936,0.8982318,0.4238772
6.41,1.219417,61.70583,0.033,-0.021,0.8209915,0.9950778,1.582768
6.11,1.209444,45.33778,0.021,0.026,1.68409,0.8653929,0.3213205
6.19,1.216528,30.06417,0.02,-0.034,1.302141,0.9458218,0.6506131
6.26,1.275194,79.91,-0.055,0.059,0.9949045,0.9890186,1.129132
6.52,1.2065,-30.80222,0.061,-0.077,1.023699,0.9863767,1.070307
5.92,1.212611,-37.85639,0.09,-0.034,0.9308688,0.9934145,1.274651
4.65,1.229139,24.58361,0.017,-0.023,1.325317,0.9415493,0.6245921
5.24,1.228861,7.575278,0.144,-0.056,0.9487008,0.9924115,1.231931
6.3,1.22925,7.578333,0.147,-0.052,1.028574,0.9858926,1.060716
6.43,1.234722,28.52972,0.079,-0.049,1.720887,0.8567117,0.2988666
5.98,1.235444,16.13361,-0.027,-0.026,0.788763,0.9938273,1.690417
7.83,1.270028,71.74389,0.006,0.004,1.17863,0.9666066,0.8090019
5.13,1.24,-7.923056,0.127,0.273,1.014014,0.9873076,1.089673
6.03,1.245111,6.995278,-0.011,-0.024,1.348679,0.9371404,0.5993768
5.7,1.247,-0.9738889,-0.012,0.201,0.9949045,0.9890186,1.129132
6.61,1.273472,48.08222,0.01,0.001,0.799244,0.9943325,1.65443
4.96,1.253083,-45.53139,0.669,0.183,1.073387,0.9809783,0.977142
6.02,1.271889,33.11472,0.016,-0.033,1.389962,0.9291172,0.5571284
6.34,1.28475,44.90194,0.014,-0.045,1.302141,0.9458218,0.6506131
5.41,1.27675,-2.500278,-0.104,-0.063,1.24511,0.9558647,0.7193206
6.73,1.290028,31.74472,-0.052,0.003,1.302141,0.9458218,0.6506131
6.31,1.33875,77.57056,-0.018,0.086,1.256405,0.9539321,0.7051516
6.25,1.302833,47.41972,0.018,-0.002,1.509061,0.9046737,0.4481333
4.86,1.262806,-68.87611,0.399,0.107,1.018846,0.9868484,1.07996
5.16,1.296667,3.614444,-0.046,-0.025,0.843752,0.9954435,1.511886
6.46,1.313056,37.38611,-0.011,-0.014,0.9091193,0.9943857,1.329262
6.24,1.284333,-66.39806,0.044,0.002,0.836055,0.9953655,1.535403
6.38,1.366417,76.23889,0.063,-0.032,0.9308688,0.9934145,1.274651
4.98,1.334694,58.23167,0,-0.002,1.12508,0.9743699,0.8900779
4.76,1.324444,27.26417,0.025,-0.013,0.8284677,0.9952433,1.559035
6.34,1.351444,64.65833,0.057,-0.019,0.8515572,0.9954764,1.488497
5.87,1.330083,-0.5088889,0.012,-0.014,1.104171,0.9771553,0.9241761
6.07,1.396333,78.72583,-0.009,-0.003,0.9808048,0.9901694,1.159356
6.23,1.342917,-3.246944,-0.013,0.006,1.313705,0.943703,0.6375007
6.15,1.341056,-11.23889,-0.047,-0.074,1.366313,0.9337484,0.580982
5.23,1.352056,28.73806,0.027,-0.078,1.532952,0.8995316,0.4286416
4.88,1.372333,45.52889,0.032,0.009,1.348679,0.9371404,0.5993768
6.45,1.389333,58.14306,0.139,-0.094,1.302141,0.9458218,0.6506131
6.2,1.376944,1.726389,0.066,-0.048,1.611126,0.8821995,0.369895
6.49,1.376333,-0.4497222,0.023,-0.014,1.348679,0.9371404,0.5993768
6.35,1.375139,-19.08139,-0.056,-0.071,1.023699,0.9863767,1.070307
5.58,1.394611,37.715,0.083,-0.022,0.9220961,0.9938405,1.296338
6.29,1.39375,34.24583,0.229,0.116,1.206051,0.962313,0.7706477
5.97,1.39025,20.46889,-0.009,-0.007,1.727041,0.8552473,0.295236
6.49,1.429583,70.98,0.016,-0.013,1.302141,0.9458218,0.6506131
4.74,1.432222,68.13,0.074,0.026,1.331141,0.9404596,0.6182135
5.84,1.391944,-30.94556,-0.012,-0.046,1.665772,0.869665,0.3329922
6.21,1.400694,-8.0075,0.174,-0.07,0.9091193,0.9943857,1.329262
3.6,1.400389,-8.183333,-0.079,-0.218,1.336976,0.9393615,0.611885
2.68,1.430278,60.23528,0.297,-0.051,0.8674873,0.9954039,1.442151
5.91,1.405722,-6.914722,0.042,0.003,0.9901823,0.9894148,1.139147
6.14,1.411056,-15.66028,0.012,-0.005,1.250751,0.9549033,0.7122089
6.15,1.413528,-2.848611,0.013,-0.03,1.279166,0.9499515,0.6774598
6.18,1.426583,23.51167,0.032,-0.021,0.9996489,0.9886097,1.119177
5.42,1.411333,-41.4925,0.022,-0.038,1.325317,0.9415493,0.6245921
5.96,1.4385,43.45778,0.103,-0.06,1.028574,0.9858926,1.060716
6.31,1.43575,34.57972,0.23,-0.087,1.018846,0.9868484,1.07996
6.26,1.411639,-44.52833,-0.009,-0.018,1.384036,0.9302863,0.5630207
4.9,1.427,-14.59889,0.039,-0.018,1.437773,0.9195387,0.5110475
5.38,1.437583,19.17222,-0.024,0.01,0.9808048,0.9901694,1.159356
5.5,1.444917,19.24028,0.05,-0.061,1.366313,0.9337484,0.580982
6.27,1.451722,34.3775,0.154,-0.011,1.014014,0.9873076,1.089673
6.41,1.440917,-0.3986111,0.044,-0.001,1.443694,0.9183328,0.5055358
4.83,1.460944,45.40667,0.351,-0.107,0.9949045,0.9890186,1.129132
6.46,1.457389,41.10056,0.003,-0.001,0.9264704,0.9936338,1.285468
6.58,1.448194,3.535278,0.004,-0.035,0.8027965,0.9944818,1.64245
5.93,1.418139,-64.36944,0.023,-0.019,1.635357,0.8766814,0.3531348
5.66,1.447667,-13.05667,0.016,0.009,0.9623215,0.9915266,1.200481
6.6,1.463056,40.33556,0.015,-0.019,0.8027965,0.9944818,1.64245
2.02,2.530194,89.26417,0.038,-0.015,1.08357,0.9797518,0.959243
6.13,1.462944,-10.90167,0.18,0.019,1.491187,0.9084697,0.4632215
6.2,1.473028,7.961389,0.112,-0.003,1.372211,0.932602,0.5749471
5.81,1.5205,70.26472,0.137,-0.077,1.018846,0.9868484,1.07996
6.14,1.514528,66.09806,0.084,-0.01,0.8476411,0.9954656,1.500175
3.41,1.47275,-43.31833,-0.014,-0.209,1.641429,0.8752886,0.3490357
5.27,1.501722,47.00722,0.008,-0.044,1.302141,0.9458218,0.6506131
6.58,1.478694,-33.76361,-0.055,-0.025,0.9397373,0.9929382,1.253181
6.02,1.498028,18.35556,0.063,-0.003,0.8715355,0.9953564,1.430662
5.12,1.493361,-21.62944,0.056,0.006,0.8247156,0.9951659,1.57089
4.84,1.503083,6.143889,0.294,-0.048,1.520997,0.9021141,0.4382997
6.31,1.491778,-46.75639,-0.012,0.013,1.696332,0.8625193,0.3137062
5.93,1.506361,-26.20778,0.045,0.002,1.503099,0.9059449,0.4531172
3.62,1.524722,15.34583,0.028,-0.006,1.28489,0.9489328,0.6706696
6.39,1.535444,34.8,-0.008,-0.002,0.7752084,0.9930265,1.738424
5.7,1.557167,58.3275,0.011,0.002,1.611126,0.8821995,0.369895
3.95,1.520861,-49.07278,0.142,0.151,1.296378,0.9468679,0.6572466
5.82,1.528694,-30.28333,0.009,-0.067,1.348679,0.9371404,0.5993768
4.71,1.565528,59.23194,-0.037,-0.021,1.302141,0.9458218,0.6506131
6.17,1.527528,-45.57556,0,0.006,0.8398899,0.9954101,1.523629
6.59,1.550972,-9.014722,0.029,0.003,0.8027965,0.9944818,1.64245
5.51,1.548889,-36.86528,0.002,-0.023,1.313705,0.943703,0.6375007
5.88,1.571278,37.23722,0.009,-0.015,0.792227,0.9940051,1.678416
6.28,1.543417,-49.72778,-0.03,-0.077,1.014014,0.9873076,1.089673
5.76,1.561917,-7.025278,0.18,-0.081,1.104171,0.9771553,0.9241761
6.58,1.622917,74.30083,0.027,-0.009,0.8284677,0.9952433,1.559035
5.89,1.580306,18.46056,0.033,-0.069,1.611126,0.8821995,0.369895
5.63,1.577167,-15.67611,0.096,0.003,0.843752,0.9954435,1.511886
6.38,1.597917,41.07639,0.139,-0.002,1.366313,0.9337484,0.580982
6.12,1.58075,-31.89222,-0.077,-0.036,1.366313,0.9337484,0.580982
5.92,1.607556,48.72278,-0.012,-0.017,1.42594,0.9219321,0.5222255
6.22,1.596222,14.66139,0.004,-0.011,0.8027965,0.9944818,1.64245
5.28,1.641917,73.04,-0.013,-0.015,1.279166,0.9499515,0.6774598
5.8,1.598556,17.43361,0.152,0.01,1.302141,0.9458218,0.6506131
4.09,1.613278,41.40556,-0.171,-0.382,1.053264,0.9832854,1.013674
5.42,1.599722,-15.40028,0.023,0.011,1.42594,0.9219321,0.5222255
6.01,1.587556,-58.13944,0.277,-0.035,0.9761498,0.9905277,1.16955
5.56,1.635444,57.9775,0.007,-0.006,1.526972,0.9008257,0.4334489
5.69,1.602333,-29.9075,0.1,0.04,0.9532177,0.9921292,1.221391
5.57,1.618306,12.14167,-0.066,0.043,0.9623215,0.9915266,1.200481
3.57,1.633222,48.62833,0.065,-0.113,1.467412,0.9134489,0.4839908
6.36,1.642139,45.4,-0.034,0.014,0.8322476,0.9953098,1.547205
6.24,1.627139,-9.403889,0.259,0.093,1.048284,0.9838315,1.02296
6.11,1.560889,-78.50472,-0.034,-0.136,1.28489,0.9489328,0.6706696
6.18,1.612444,-58.27083,0.022,0.003,1.665772,0.869665,0.3329922
4.98,1.655833,44.38611,-0.022,0.012,1.239485,0.9568162,0.7264869
6.39,1.670306,53.86833,-0.011,-0.002,1.665772,0.869665,0.3329922
5.94,1.640944,-36.52833,-0.018,-0.128,1.331141,0.9404596,0.6182135
0.46,1.628583,-57.23667,0.095,-0.035,0.7621466,0.9920915,1.786308
5.58,1.647722,-21.27528,0.131,0.036,0.957758,0.9918342,1.210907
6.7,1.647222,-25.02194,0.001,0.011,0.788763,0.9938273,1.690417
5.97,1.661333,16.40583,0.077,-0.015,1.372211,0.932602,0.5749471
5.61,1.677722,43.29778,0.127,-0.037,0.9005912,0.994687,1.351465
4.94,1.676333,40.57694,0.013,-0.025,0.7853289,0.9936404,1.702421
5.59,1.705694,68.04306,0.052,-0.009,0.792227,0.9940051,1.678416
6.84,1.646722,-53.43889,-0.027,-0.046,1.004415,0.9881883,1.109282
5.18,1.715528,70.6225,0.077,-0.013,0.8027965,0.9944818,1.64245
6.71,1.700833,61.03833,0.015,-0.007,0.8063781,0.9946213,1.630482
6.37,1.704944,58.62778,0.019,-0.01,0.8099886,0.9947508,1.618527
4.95,1.696444,42.61361,0.809,-0.154,1.093832,0.9784774,0.941588
6.17,1.688444,25.74583,0.118,-0.04,1.004415,0.9881883,1.109282
5.99,1.694222,30.04722,-0.015,-0.006,1.307917,0.9447668,0.6440313
5.87,1.663167,-56.19806,0.31,-0.02,1.24511,0.9558647,0.7193206
5.76,1.663278,-56.19472,0.279,0.02,1.228278,0.9586892,0.7409844
6.34,1.716222,61.42167,0.004,0.011,0.8209915,0.9950778,1.582768
4.44,1.690528,5.4875,-0.021,0.002,1.515027,0.9033968,0.4431943
5.64,1.700972,35.24556,0.049,-0.028,0.792227,0.9940051,1.678416
5.78,1.722139,60.55111,0.008,-0.02,0.8099886,0.9947508,1.618527
5.75,1.69575,-11.32472,0.043,-0.412,1.004415,0.9881883,1.109282
5.24,1.708278,20.26861,-0.296,-0.672,1.211584,0.9614226,0.7631477
6.17,1.690917,-38.13306,0.05,0.052,0.9949045,0.9890186,1.129132
6.34,1.72125,45.32222,0.146,-0.017,1.307917,0.9447668,0.6440313
4.07,1.727667,50.68861,0.026,-0.014,0.8027965,0.9944818,1.64245
5.25,1.702389,-32.32694,-0.065,-0.025,1.331141,0.9404596,0.6182135
5.72,1.700833,-36.8325,-0.028,-0.021,0.8136278,0.9948701,1.606589
6.21,1.738306,57.53639,0.039,-0.04,0.8555,0.9954757,1.476855
4.99,1.712083,-3.690278,-0.007,-0.032,1.526972,0.9008257,0.4334489
6.64,1.69475,-50.03889,-0.023,-0.02,0.8634652,0.9954395,1.45368
6.25,1.746139,57.08917,0.014,-0.004,0.8322476,0.9953098,1.547205
6.34,1.730556,32.19167,-0.022,-0.007,1.302141,0.9458218,0.6506131
6.35,1.740694,46.13972,-0.009,-0.028,1.302141,0.9458218,0.6506131
5.71,1.696667,-60.78944,0.015,-0.041,1.461477,0.9146789,0.4893029
5.52,1.708139,-53.74056,0.171,-0.093,1.048284,0.9838315,1.02296
6.19,1.731889,-4.765556,-0.02,-0.032,1.623231,0.8794511,0.3614414
6.27,1.748833,20.08306,-0.041,-0.109,1.162379,0.969053,0.8327068
3.5,1.734472,-15.9375,-1.718,0.856,1.146286,0.9713996,0.8569388
4.26,1.756556,9.157778,0.073,0.048,1.279166,0.9499515,0.6774598
5.63,1.795778,63.85222,0.582,-0.255,1.195033,0.9640624,0.7858177
5.87,1.632111,-82.975,0.119,0.12,1.088691,0.9791206,0.9503851
5.34,1.766472,-5.733333,-0.007,-0.033,1.611126,0.8821995,0.369895
5.31,1.760778,-25.0525,0.162,-0.057,0.9808048,0.9901694,1.159356
6.55,1.776472,17.41306,0.053,0.011,0.9177461,0.9940347,1.307261
6.33,1.68925,-79.14833,0.052,0.009,1.267758,0.9519608,0.6911988
6.39,1.766944,-27.34917,0.095,-0.052,0.966908,0.9912063,1.190112
6.32,1.796667,46.22972,0.014,-0.056,0.9996489,0.9886097,1.119177
5.49,1.768278,-50.81639,0.034,-0.024,1.659678,0.8710787,0.3369508
5.04,1.768417,-53.52194,0.127,0.056,0.8322476,0.9953098,1.547205
5.94,1.810806,37.95278,0.112,-0.029,1.28489,0.9489328,0.6706696
5.84,1.803028,16.95556,0.053,-0.036,0.8063781,0.9946213,1.630482
5.79,1.811556,32.69028,-0.167,0.298,1.058264,0.9827269,1.004449
6.18,1.788,-41.76,0.024,0.042,1.623231,0.8794511,0.3614414
5.69,1.624444,-84.76972,0.034,0.021,1.267758,0.9519608,0.6911988
5.82,1.821028,47.89694,-0.01,-0.002,0.9352911,0.9931827,1.263889
5.91,1.807222,3.685556,-0.006,0.017,1.28489,0.9489328,0.6706696
6.32,1.796611,-37.15972,0.008,0.011,1.313705,0.943703,0.6375007
5.9,1.849194,51.93333,0.041,-0.12,0.9996489,0.9886097,1.119177
5.86,1.835694,22.27528,-0.017,-0.008,1.156997,0.9698464,0.8407252
4.67,1.826417,-10.68639,-0.146,-0.093,0.9532177,0.9921292,1.221391
6.34,1.822083,-31.07278,0.101,-0.026,1.431855,0.9207385,0.5166105
5.52,1.866472,55.1475,0.014,-0.008,0.7558053,0.9915778,1.810148
5.94,1.847778,11.04333,-0.07,-0.027,0.9397373,0.9929382,1.253181
6.37,1.830222,-38.40389,-0.003,0.233,1.043325,0.9843654,1.032307
5.79,1.869278,50.79278,0.017,-0.026,0.792227,0.9940051,1.678416
6.14,1.838944,-47.81639,0.124,0.051,1.307917,0.9447668,0.6440313
6.26,1.880778,51.47472,-0.011,-0.009,1.302141,0.9458218,0.6506131
3.73,1.857667,-10.335,0.041,-0.039,1.384036,0.9302863,0.5630207
6.45,1.896806,55.59806,0.049,0.001,0.8879863,0.9950467,1.385133
5.94,1.848472,-50.20611,-0.042,-0.003,0.8715355,0.9953564,1.430662
3.38,1.906583,63.67,0.032,-0.021,0.765365,0.9923371,1.774358
5.4,1.888139,40.72972,-0.01,-0.006,1.491187,0.9084697,0.4632215
3.41,1.884694,29.57889,0.011,-0.235,1.028574,0.9858926,1.060716
4.83,1.892167,19.29583,0.078,-0.112,1.302141,0.9458218,0.6506131
4.75,1.892167,19.29361,0.079,-0.104,0.8027965,0.9944818,1.64245
5.8,1.881139,-16.92917,0.042,-0.053,0.9264704,0.9936338,1.285468
4.99,1.933333,68.68528,0.013,-0.011,0.781925,0.9934445,1.714426
4.62,1.892583,3.1875,0.022,0.023,1.267758,0.9519608,0.6911988
6.06,1.79625,-80.17667,-0.074,-0.071,0.957758,0.9918342,1.210907
6.24,1.914944,40.70194,0.047,-0.066,1.449618,0.9171209,0.5000749
6.26,1.915972,37.12833,0.021,-0.01,1.40184,0.9267572,0.5454844
2.64,1.910667,20.80806,0.096,-0.111,0.8674873,0.9954039,1.442151
6.1,1.889778,-38.59472,0.131,0.027,1.372211,0.932602,0.5749471
4.41,1.894111,-46.3025,-0.086,-0.087,1.653589,0.8724872,0.3409441
5.89,1.931778,37.27778,0.004,-0.003,1.677979,0.8668221,0.3251773
5.67,1.935917,37.25167,0.182,0.006,1.336976,0.9393615,0.611885
5.11,1.906111,-42.49694,-0.028,-0.032,0.7957208,0.9941736,1.666419
5.74,1.930833,23.57722,0.009,-0.013,1.414119,0.924301,0.5336135
6.01,1.931611,1.849722,0.158,0.184,1.063285,0.9821562,0.9952854
6.02,1.975917,61.69806,0.014,-0.008,0.8027965,0.9944818,1.64245
6.78,1.965667,41.69444,0.012,-0.014,0.7957208,0.9941736,1.666419
5.1,1.955861,17.8175,0.037,-0.018,1.256405,0.9539321,0.7051516
5.82,1.962167,27.80444,0.026,-0.058,1.659678,0.8710787,0.3369508
4.85,1.9445,-22.52694,0.062,-0.029,1.550918,0.8956152,0.4144755
3.7,1.932639,-51.60889,0.681,0.292,1.217133,0.9605217,0.755704
5.26,1.993889,64.62139,0.033,-0.02,0.8209915,0.9950778,1.582768
5.69,1.976,49.20417,0.01,0.038,1.307917,0.9447668,0.6440313
4.79,1.965472,23.59611,-0.09,-0.013,0.9308688,0.9934145,1.274651
4.69,1.915583,-67.64722,0.074,0.074,1.273455,0.9509609,0.6843027
6.06,1.929556,-60.86139,0.004,0.056,0.9715175,0.9908733,1.179802
6.04,2.049222,77.91639,-0.004,-0.002,1.384036,0.9302863,0.5630207
6.1,1.950028,-51.76611,0.359,0.248,1.023699,0.9863767,1.070307
4.83,1.952778,-47.385,0.103,0.016,1.233874,0.9577577,0.733708
4.54,2.032611,70.90694,-0.067,0.004,0.8797096,0.9952256,1.40781
6.35,1.974083,-33.06667,0.008,-0.02,1.313705,0.943703,0.6375007
5.87,1.99325,21.05833,0.139,-0.022,1.319505,0.9426305,0.6310211
6.09,1.990528,12.29472,0.008,-0.042,0.8921627,0.9949391,1.373863
6.23,2.052917,73.85056,-0.029,-0.005,1.302141,0.9458218,0.6506131
3.98,2.05725,72.42139,-0.045,0.022,0.8136278,0.9948701,1.606589
5.38,2.085389,77.28139,0.125,-0.056,0.9442073,0.9926812,1.242528
5.88,2.002556,3.097222,0.231,-0.251,1.093832,0.9784774,0.941588
5.41,1.996139,-20.82444,0.008,0.019,1.690208,0.8639587,0.3174968
6.37,1.964889,-65.42472,-0.01,-0.013,1.24511,0.9558647,0.7193206
4,2.000083,-21.07778,0.135,-0.024,1.641429,0.8752886,0.3490357
6,2.047972,64.90139,-0.002,-0.015,0.8284677,0.9952433,1.559035
5.51,2.007472,-8.523611,0.096,-0.01,1.611126,0.8821995,0.369895
5.57,1.994111,-42.03056,-0.054,-0.103,1.336976,0.9393615,0.611885
5.58,2.050083,64.39,0.005,-0.005,0.9761498,0.9905277,1.16955
5.04,2.038361,54.4875,0.035,-0.002,0.788763,0.9938273,1.690417
2.86,1.9795,-61.56972,0.264,0.027,0.9308688,0.9934145,1.274651
5.22,2.092,76.115,-0.022,-0.021,1.273455,0.9509609,0.6843027
6.16,1.930694,-78.34833,0.096,0.06,1.004415,0.9881883,1.109282
5.35,2.02075,-30.00167,-0.104,-0.109,1.233874,0.9577577,0.733708
5.23,2.034111,2.763611,0.033,-0.005,1.302141,0.9458218,0.6506131
4.33,2.034111,2.763611,0.033,-0.005,0.8284677,0.9952433,1.559035
6.05,2.157028,81.29583,-0.036,0.006,0.8594694,0.9954634,1.465249
6.52,2.077806,65.10333,0.051,-0.032,0.8172955,0.9949792,1.594669
5.5,2.049444,33.28389,-0.016,-0.013,0.8284677,0.9952433,1.559035
6.1,1.99475,-66.06639,0.032,0.006,1.40184,0.9267572,0.5454844
5.94,2.043111,13.47667,0.016,-0.01,1.653589,0.8724872,0.3409441
5.14,2.028444,-44.71361,-0.028,-0.053,1.59301,0.8862817,0.3828574
2.26,2.065,42.32972,0.045,-0.052,1.520997,0.9021141,0.4382997
4.84,2.065194,42.33083,0.037,-0.055,0.8284677,0.9952433,1.559035
5.63,2.060917,25.93556,0.134,0.022,1.053264,0.9832854,1.013674
6.42,2.041139,-29.665,-0.033,0.027,0.8715355,0.9953564,1.430662
5.43,2.05325,0.1283333,0.079,0.017,0.8756096,0.995297,1.419215
5.86,2.049611,-15.30583,0.028,0.011,1.290627,0.9479049,0.663932
6.21,2.061833,18.25333,-0.007,-0.018,1.550918,0.8956152,0.4144755
5.93,2.063389,-0.3402778,0.079,-0.046,1.233874,0.9577577,0.733708
5.62,2.06125,-4.103611,0.006,-0.068,1.653589,0.8724872,0.3409441
4.69,2.074833,-29.29694,0.012,0.008,0.75896,0.9918383,1.798239
5.03,2.109417,22.64833,0.018,-0.035,0.8594694,0.9954634,1.465249
6.31,2.103417,8.2475,-0.005,-0.036,1.690208,0.8639587,0.3174968
6.15,2.113667,25.70472,0.017,-0.011,0.8063781,0.9946213,1.630482
6.28,2.108139,0.035,0.064,-0.01,1.24511,0.9558647,0.7193206
2,2.119556,23.4625,0.19,-0.148,1.389962,0.9291172,0.5571284
5.67,2.144583,58.42361,-0.011,0.003,1.088691,0.9791206,0.9503851
6.42,2.142667,44.45944,0.016,-0.051,1.302141,0.9458218,0.6506131
4.82,2.141472,37.85917,0.157,-0.044,0.8634652,0.9954395,1.45368
6.31,2.168833,53.84306,0.027,-0.043,1.273455,0.9509609,0.6843027
3,2.159056,34.98722,0.15,-0.04,0.8715355,0.9953564,1.430662
4.98,2.157028,25.93972,0.075,-0.039,0.9532177,0.9921292,1.221391
6.43,2.156417,17.22444,0.142,-0.181,1.302141,0.9458218,0.6506131
6.1,2.146028,-17.77944,-0.002,-0.032,1.665772,0.869665,0.3329922
6.29,2.222556,74.02778,0.048,-0.037,1.250751,0.9549033,0.7122089
6.36,2.191389,57.64583,-0.013,0.005,0.9532177,0.9921292,1.221391
5.63,2.181333,39.03944,-0.015,-0.018,0.8099886,0.9947508,1.618527
6.1,2.181583,39.04306,-0.009,-0.026,0.792227,0.9940051,1.678416
6.48,2.159667,-24.34583,-0.027,-0.044,0.9352911,0.9931827,1.263889
5.7,2.177111,19.50028,0.088,-0.028,1.690208,0.8639587,0.3174968
5.85,2.152583,-43.51667,-0.048,-0.053,1.414119,0.924301,0.5336135
6.02,2.186667,25.93694,-0.007,-0.01,1.515027,0.9033968,0.4431943
6.23,2.190278,31.52639,0.035,-0.013,0.8594694,0.9954634,1.465249
5.63,2.189194,8.569722,-0.139,-0.112,1.063285,0.9821562,0.9952854
6.32,2.168028,-43.81556,0.059,-0.009,1.24511,0.9558647,0.7193206
6.12,2.173778,-50.82444,2.119,0.641,1.200534,0.963193,0.7782043
6.01,2.1895,-10.05222,-0.022,-0.166,0.9808048,0.9901694,1.159356
5.93,2.193278,-1.825278,-0.008,-0.031,1.28489,0.9489328,0.6706696
6.07,2.241417,66.52444,-0.006,-0.006,1.098992,0.9778222,0.9328517
6.44,2.228194,58.56111,-0.012,0.02,1.08357,0.9797518,0.959243
4.94,2.206194,30.30306,-0.064,-0.063,1.17863,0.9666066,0.8090019
4.83,2.220361,44.23167,-0.02,-0.016,1.586981,0.8876316,0.387255
5.96,2.210417,24.16778,0.041,-0.006,1.520997,0.9021141,0.4382997
5.31,2.22675,51.06583,0.346,-0.171,1.262074,0.9529513,0.6981484
5.27,2.213361,21.21083,0.161,0.003,0.9996489,0.9886097,1.119177
6.06,2.234056,47.48417,-0.063,-0.059,0.9854823,0.9897984,1.149222
5.71,2.217583,15.27972,0.097,-0.023,1.629291,0.8780689,0.3572699
4.37,2.216667,8.846667,-0.022,-0.009,1.239485,0.9568162,0.7264869
5.54,2.213194,-2.393611,0.37,-0.069,1.068326,0.9815733,0.9861831
5.86,2.216917,-21.00028,0.05,0.035,1.307917,0.9447668,0.6440313
5.28,2.215139,-30.72389,0.018,0.006,0.8099886,0.9947508,1.618527
6.33,2.266083,47.81139,0.062,-0.071,1.302141,0.9458218,0.6506131
6.48,2.281028,57.05528,0.001,-0.002,0.9308688,0.9934145,1.274651
5.28,2.265611,33.35889,-0.017,-0.038,0.8136278,0.9948701,1.606589
5.79,2.262778,25.78306,0.176,-0.063,1.004415,0.9881883,1.109282
5.58,2.261889,25.04306,-0.088,-0.087,1.028574,0.9858926,1.060716
6.55,2.257861,-9.465556,-0.003,0.031,0.8099886,0.9947508,1.618527
5.91,2.242222,-41.16667,-0.013,-0.028,1.28489,0.9489328,0.6706696
4.87,2.284222,34.22417,1.154,-0.245,1.088691,0.9791206,0.9503851
5.75,2.299972,57.89972,0.063,0.005,1.40184,0.9267572,0.5454844
5.98,2.30125,57.51667,-0.019,0.006,1.331141,0.9404596,0.6182135
6.7,2.292611,44.30694,0.041,0.083,1.302141,0.9458218,0.6506131
4.01,2.288583,33.84722,0.047,-0.051,0.8247156,0.9951659,1.57089
6.55,2.286222,23.76778,-0.033,-0.039,1.313705,0.943703,0.6375007
5.51,2.283056,-6.422222,0.093,-0.108,1.279166,0.9499515,0.6774598
5.55,2.237417,-67.84167,0.037,0.037,1.629291,0.8780689,0.3572699
6.6,2.336917,64.33722,-0.019,0.018,0.8063781,0.9946213,1.630482
5.62,2.302083,19.90111,-0.013,-0.002,0.8209915,0.9950778,1.582768
5.3,2.321333,47.38,-0.059,-0.008,0.8136278,0.9948701,1.606589
6.21,2.319694,46.4725,-0.014,-0.009,1.302141,0.9458218,0.6506131
5.58,2.300389,1.757778,0.368,0.369,1.08357,0.9797518,0.959243
6.37,2.322972,48.95528,-0.093,0.068,1.302141,0.9458218,0.6506131
3.56,2.275167,-51.51222,0.096,-0.027,0.7752084,0.9930265,1.738424
5.03,2.315833,28.6425,0.011,-0.006,0.8322476,0.9953098,1.547205
6.46,2.316111,23.16778,0,-0.005,0.957758,0.9918342,1.210907
6.63,2.327028,39.835,0.033,-0.01,0.7853289,0.9936404,1.702421
5.69,2.257917,-67.74639,0.035,-0.016,1.479292,0.9109711,0.4735113
6.11,2.344833,47.31083,0.007,-0.007,0.788763,0.9938273,1.690417
6.47,2.334556,30.18833,0.016,-0.023,1.302141,0.9458218,0.6506131
3.04,2.322417,-2.9775,-0.008,-0.237,1.550918,0.8956152,0.4144755
5.59,2.3495,50.15139,0.034,-0.027,0.7718961,0.9928048,1.750413
6.34,2.31625,-25.94556,-0.214,0.448,1.151633,0.9706286,0.8488025
6.5,2.328,-4.345556,0.041,0.005,0.8476411,0.9954656,1.500175
5.17,2.372611,55.84556,-0.002,-0.002,0.9715175,0.9908733,1.179802
6.37,2.323528,-41.84833,0.009,0.023,1.395897,0.9279408,0.5512831
5.82,2.380639,41.39639,-0.077,-0.096,0.9264704,0.9936338,1.285468
5.81,2.33175,-55.94472,0.026,0.02,1.629291,0.8780689,0.3572699
5.28,2.365722,0.3958333,-0.013,-0.007,1.690208,0.8639587,0.3174968
6.28,2.397722,55.36444,0.006,-0.024,1.222698,0.9596106,0.7483163
5.42,2.370111,-0.885,-0.019,-0.048,0.9442073,0.9926812,1.242528
5.46,2.367056,-10.77778,0.14,-0.085,0.9623215,0.9915266,1.200481
5.87,2.368056,-17.66222,0.011,-0.06,1.437773,0.9195387,0.5110475
5.19,2.406917,50.00667,0.024,-0.039,1.290627,0.9479049,0.663932
5.2,2.375722,-23.81639,0.2,-0.062,1.08357,0.9797518,0.959243
6.25,2.421111,56.61,-0.002,0.008,0.9442073,0.9926812,1.242528
6.22,2.382722,-18.35444,0.149,-0.109,1.267758,0.9519608,0.6911988
6.31,2.369944,-43.2,0.064,0.035,1.302141,0.9458218,0.6506131
4.71,2.427056,50.27861,0.027,-0.01,1.617176,0.880828,0.3656496
6.53,2.385139,-37.57639,-0.014,-0.037,1.665772,0.869665,0.3329922
5.92,2.381833,-51.09222,0.022,0.061,0.9048428,0.9945425,1.340338
5.47,2.413611,10.61056,0.02,-0.017,0.781925,0.9934445,1.714426
6.44,2.405583,-25.8475,0.036,0.013,1.491187,0.9084697,0.4632215
6.33,2.416222,-2.78,-0.001,-0.007,0.8172955,0.9949792,1.594669
4.09,2.362472,-68.65944,-0.05,0.002,0.8284677,0.9952433,1.559035
6.18,2.409389,-40.84056,0.222,0.111,1.114588,0.9757859,0.9070064
4.52,2.484444,67.4025,-0.017,0.011,0.8634652,0.9954395,1.45368
4.89,2.4325,-12.29056,-0.01,-0.009,0.8063781,0.9946213,1.630482
6.12,2.464389,50.56972,0.036,-0.093,0.9901823,0.9894148,1.139147
5.83,2.433417,-15.34111,-0.058,-0.047,0.8756096,0.995297,1.419215
6.18,2.451944,27.01333,-0.055,-0.065,1.556916,0.8942985,0.4098373
5.54,2.457694,31.80139,-0.027,-0.028,1.372211,0.932602,0.5749471
5.88,2.443111,-20.04278,0.088,0.099,1.455546,0.9159029,0.4946641
5.35,2.414972,-60.31194,-0.068,-0.133,0.9808048,0.9901694,1.159356
5.01,2.381194,-73.64583,-0.083,0.01,1.354547,0.9360177,0.5931965
6.51,2.490278,55.53639,0.033,-0.01,0.8515572,0.9954764,1.488497
5.29,2.469444,29.66944,-0.015,-0.087,1.302141,0.9458218,0.6506131
4.28,2.469306,8.46,0.04,-0.009,0.7957208,0.9941736,1.666419
6.45,2.466667,1.960833,-0.002,-0.012,1.28489,0.9489328,0.6706696
5.89,2.480139,29.93194,-0.069,0.074,1.073387,0.9809783,0.977142
4.25,2.44975,-47.70389,0.023,-0.01,0.7686149,0.9925749,1.762392
6.41,2.423972,-66.49472,-0.029,-0.019,1.623231,0.8794511,0.3614414
6.19,2.487111,23.46889,0.081,-0.028,0.8756096,0.995297,1.419215
5.14,2.467139,-33.81111,0.02,0.007,0.8555,0.9954757,1.476855
6.07,2.493139,9.565833,-0.012,0.012,1.313705,0.943703,0.6375007
6.25,2.504611,33.83389,0.07,-0.057,1.342822,0.9382551,0.6056062
6.11,2.4765,-31.1025,-0.034,-0.019,1.366313,0.9337484,0.580982
5.92,2.509,25.235,0.066,-0.078,0.9901823,0.9894148,1.139147
6.15,2.510667,19.85528,0.078,-0.033,0.9177461,0.9940347,1.307261
6.77,2.498722,-22.68278,0.077,0.006,0.8921627,0.9949391,1.373863
6.23,2.515111,17.70389,0.031,-0.084,1.24511,0.9558647,0.7193206
6,2.512556,0.2552778,-0.053,-0.071,0.8838352,0.9951422,1.396449
6.51,2.503833,-25.18639,0.09,0.031,0.9352911,0.9931827,1.263889
6.37,2.467889,-64.29972,0.037,0.001,0.8027965,0.9944818,1.64245
6.1,2.509111,-22.54556,0.008,-0.033,1.665772,0.869665,0.3329922
5.15,2.535056,36.14722,0.046,0.012,1.580958,0.888976,0.3916917
5.25,2.525028,2.267222,0.027,-0.004,1.461477,0.9146789,0.4893029
5.83,2.547917,34.5425,-0.066,-0.012,1.342822,0.9382551,0.6056062
5.35,2.535944,-1.035,-0.026,-0.037,1.313705,0.943703,0.6375007
4.75,2.534778,-15.24472,-0.07,-0.12,1.009204,0.9877542,1.099447
6.04,2.548361,15.03472,-0.028,0.037,1.053264,0.9832854,1.013674
6.3,2.537444,-36.4275,0.065,0.009,1.313705,0.943703,0.6375007
5.16,2.633889,72.81833,-0.03,0.016,1.233874,0.9577577,0.733708
5.9,2.551944,-34.65,-0.015,-0.02,1.336976,0.9393615,0.611885
6.21,2.561167,-20.00194,-0.041,-0.079,1.360425,0.934887,0.587065
6.36,2.591083,39.66444,0.026,-0.026,0.781925,0.9934445,1.714426
5.78,2.626694,65.74556,0.042,-0.005,1.635357,0.8766814,0.3531348
5.71,2.594111,37.31222,0.004,-0.009,1.532952,0.8995316,0.4286416
4.9,2.564083,-28.2325,-0.019,-0.013,0.799244,0.9943325,1.65443
5.35,2.596333,34.6875,0.03,-0.049,1.696332,0.8625193,0.3137062
6.18,2.584472,7.471389,-0.006,-0.108,1.336976,0.9393615,0.611885
5.75,2.578528,-7.859444,0.063,-0.065,1.538936,0.8982318,0.4238772
5.82,2.601361,6.886944,1.811,1.451,1.290627,0.9479049,0.663932
4.86,2.597917,5.593333,-0.026,-0.025,1.228278,0.9586892,0.7409844
6.24,2.565167,-51.09361,-0.004,-0.03,1.043325,0.9843654,1.032307
5.9,2.615889,38.73278,0.145,-0.194,1.023699,0.9863767,1.070307
6.1,2.611917,31.6075,-0.042,-0.004,1.331141,0.9404596,0.6182135
5.3,2.617361,34.26389,0.058,-0.029,1.629291,0.8780689,0.3572699
5.53,2.6,-7.831667,-0.033,-0.059,1.653589,0.8724872,0.3409441
6.54,2.622444,39.89583,0.006,-0.019,0.7752084,0.9930265,1.738424
6.25,2.618444,32.89194,0.065,0.063,1.023699,0.9863767,1.070307
6.77,2.559333,-62.58694,0.026,0.01,0.7957208,0.9941736,1.666419
5.68,2.610528,12.4475,0.286,-0.089,1.028574,0.9858926,1.060716
7.09,2.616028,24.64833,0.143,0,1.03347,0.9853959,1.051185
6.5,2.616806,24.6475,0.136,-0.006,0.9901823,0.9894148,1.139147
5.81,2.60975,7.729722,-0.049,-0.031,1.325317,0.9415493,0.6245921
5.75,2.602583,-30.04472,-0.013,0.001,1.313705,0.943703,0.6375007
6.18,2.638278,37.72667,-0.04,-0.044,1.018846,0.9868484,1.07996
6.3,2.641056,38.08944,-0.009,0.001,0.8063781,0.9946213,1.630482
6.39,2.633556,7.695278,0.086,-0.044,1.004415,0.9881883,1.109282
5.65,2.628278,-3.396111,0.041,-0.045,1.313705,0.943703,0.6375007
5.79,2.616278,-34.57833,-0.015,-0.27,1.114588,0.9757859,0.9070064
5.43,2.646944,21.96139,-0.008,-0.017,0.8797096,0.9952256,1.40781
5.78,2.796556,81.44833,0.01,-0.076,1.479292,0.9109711,0.4735113
6.21,2.643583,3.443056,0.043,0.002,1.302141,0.9458218,0.6506131
5.28,2.527917,-79.10944,0.121,-0.056,1.290627,0.9479049,0.663932
5.83,2.638528,-30.19417,0.1,-0.077,1.023699,0.9863767,1.070307
5.31,2.623444,-52.54306,0.1,-0.019,0.9264704,0.9936338,1.285468
4.07,2.658056,0.3286111,0.014,-0.004,0.7435117,0.9904674,1.857505
6.49,2.640222,-37.99056,0.111,-0.063,1.043325,0.9843654,1.032307
4.84,2.659389,-11.87222,0.146,-0.236,1.009204,0.9877542,1.099447
5.3,2.678083,27.06083,0.067,-0.031,0.8515572,0.9954764,1.488497
6.25,2.671028,6.111944,0.052,-0.003,0.9854823,0.9897984,1.149222
5.78,2.670083,-9.453056,-0.151,-0.086,1.043325,0.9843654,1.032307
5.77,2.717444,55.10583,0.034,-0.027,0.7718961,0.9928048,1.750413
6.52,2.667361,-30.63389,-0.004,-0.068,1.325317,0.9415493,0.6245921
5.84,2.716583,53.52611,0.068,-0.03,1.372211,0.932602,0.5749471
4.91,2.704139,40.19389,-0.019,-0.186,1.078469,0.9803711,0.968162
4.75,2.663333,-42.89167,0.106,-0.027,0.8398899,0.9954101,1.523629
5.71,2.687194,-0.6958333,0.214,-0.136,1.043325,0.9843654,1.032307
5.95,2.747139,67.82472,0.015,-0.033,0.8555,0.9954757,1.476855
6.48,2.717194,48.26556,0.007,0.002,1.302141,0.9458218,0.6506131
5.69,2.706111,20.01167,0.029,-0.043,0.8099886,0.9947508,1.618527
4.11,2.677778,-39.85556,0.138,-0.032,1.313705,0.943703,0.6375007
6.05,2.69675,-3.213333,-0.019,0.002,1.40184,0.9267572,0.5454844
5.98,2.692778,-14.54944,-0.032,0.042,0.9996489,0.9886097,1.119177
6.3,2.708028,10.74167,-0.025,-0.022,0.8398899,0.9954101,1.523629
6.55,2.658806,-64.28194,0.025,0.013,0.788763,0.9938273,1.690417
4.12,2.736667,49.22833,0.336,-0.089,1.028574,0.9858926,1.060716
5.43,2.734778,44.29694,0.004,-0.007,1.24511,0.9558647,0.7193206
4.66,2.724194,27.70722,0.008,-0.012,0.7718961,0.9928048,1.750413
5.21,2.677667,-54.55,0.036,-0.001,0.9854823,0.9897984,1.149222
6.35,2.730889,25.63806,-0.011,-0.005,0.8476411,0.9954656,1.500175
3.47,2.721667,3.235833,-0.142,-0.152,0.8515572,0.9954764,1.488497
6.01,2.701833,-38.38389,0.018,0.001,1.256405,0.9539321,0.7051516
4.11,2.659833,-68.26694,0.086,-0.002,0.7957208,0.9941736,1.666419
6.1,2.702361,-46.52444,0.015,-0.1,1.233874,0.9577577,0.733708
6.46,2.738639,17.76389,0.039,-0.038,1.342822,0.9382551,0.6056062
5.77,2.742472,15.31167,-0.002,-0.019,0.8136278,0.9948701,1.606589
5.41,2.709306,-50.80028,0.334,0.222,1.063285,0.9821562,0.9952854
4.25,2.735389,-13.85861,-0.008,-0.015,0.7686149,0.9925749,1.762392
5.18,2.749333,12.44583,0.122,-0.084,0.9134204,0.9942164,1.318236
4.27,2.749028,10.11417,0.284,-0.036,0.9442073,0.9926812,1.242528
6.36,2.722306,-40.5275,0.019,0.024,0.8099886,0.9947508,1.618527
6.18,2.815417,69.63417,0,0.032,0.8879863,0.9950467,1.385133
6.03,2.755806,4.711667,0.068,-0.043,0.9442073,0.9926812,1.242528
6.22,2.739028,-32.525,0.02,-0.031,0.8322476,0.9953098,1.547205
4.47,2.751722,-18.5725,0.33,0.038,1.023699,0.9863767,1.070307
6.25,2.782861,35.98361,0.05,-0.005,1.262074,0.9529513,0.6981484
6.3,2.784306,35.555,-0.043,-0.047,1.302141,0.9458218,0.6506131
6.15,2.736306,-52.57056,-0.012,-0.015,0.8515572,0.9954764,1.488497
6.85,2.754583,-46.28722,-0.003,-0.014,1.515027,0.9033968,0.4431943
6.26,2.724056,-66.71444,0.108,-0.07,1.048284,0.9838315,1.02296
4.51,2.798472,29.24722,0.149,-0.123,1.366313,0.9337484,0.580982
6.25,2.825222,57.08417,0.004,-0.01,1.239485,0.9568162,0.7264869
6.49,2.779222,-21.63972,0.091,0.009,0.9761498,0.9905277,1.16955
6.47,2.786444,-22.48556,-0.021,-0.038,0.9808048,0.9901694,1.159356
5.82,2.808917,18.28361,0.044,-0.036,1.420028,0.9231197,0.5278929
5.8,2.866306,68.88861,-0.006,-0.004,1.104171,0.9771553,0.9241761
5.86,2.81275,25.18806,0.059,-0.004,0.792227,0.9940051,1.678416
6.45,2.824194,37.32611,0.009,-0.016,0.9996489,0.9886097,1.119177
6.9,2.798889,-12.46056,0.007,-0.038,1.635357,0.8766814,0.3531348
5.74,2.757639,-63.70444,0.022,-0.009,1.262074,0.9529513,0.6981484
3.76,2.844944,55.89556,0.017,-0.014,1.708597,0.8596255,0.3062224
6.51,2.792694,-35.55083,-0.041,-0.039,1.279166,0.9499515,0.6774598
5.22,2.821528,17.46417,-0.001,-0.015,0.7957208,0.9941736,1.666419
4.84,2.759056,-67.61667,0.069,0.046,0.8398899,0.9954101,1.523629
3.63,2.833056,27.26056,0.067,-0.118,0.781925,0.9934445,1.714426
6.45,2.862639,58.31472,-0.066,0.015,0.8555,0.9954757,1.476855
4.23,2.843083,38.31861,0.197,-0.105,0.957758,0.9918342,1.210907
4.46,2.818167,-32.40583,0.09,0.155,1.296378,0.9468679,0.6572466
5.88,2.861583,46.84194,-0.025,-0.028,1.239485,0.9568162,0.7264869
4.53,2.858556,35.05972,0.009,-0.061,1.635357,0.8766814,0.3531348
6.14,2.830833,-24.56028,-0.043,-0.127,1.342822,0.9382551,0.6056062
5.39,2.831722,-27.94167,0.047,0.028,0.8247156,0.9951659,1.57089
6.36,2.881111,52.99778,0.002,-0.011,0.843752,0.9954435,1.511886
5.49,2.858222,15.08194,0.031,-0.026,0.7853289,0.9936404,1.702421
5.92,2.837444,-35.84361,0.058,0.021,1.24511,0.9558647,0.7193206
6.26,2.889222,48.56944,0.015,-0.027,1.407792,0.9255665,0.539732
4.75,2.850639,-21.00417,-0.046,-0.019,1.250751,0.9549033,0.7122089
5.47,2.844556,-35.67611,0.006,-0.061,1.449618,0.9171209,0.5000749
5.26,2.817083,-62.80667,0.091,0.021,0.8555,0.9954757,1.476855
6.36,2.846639,-39.93167,0.055,0.007,0.836055,0.9953655,1.535403
3.95,2.904306,52.7625,0,-0.005,1.156997,0.9698464,0.8407252
5.33,2.895167,38.3375,0.047,-0.077,0.9901823,0.9894148,1.139147
6.31,2.886583,16.48333,0.055,-0.062,1.302141,0.9458218,0.6506131
6.04,2.875583,-12.76944,0.394,-0.175,1.228278,0.9586892,0.7409844
6.4,2.865361,-30.81444,-0.116,0.106,1.023699,0.9863767,1.070307
6.32,2.880694,-9.441111,0.074,0.05,0.8921627,0.9949391,1.373863
5.59,2.932472,61.52111,0.142,0.032,1.009204,0.9877542,1.099447
6.24,2.940222,64.3325,0.006,-0.002,1.927222,0.8059122,0.1940209
5.95,2.893139,-22.37639,0.09,-0.08,1.325317,0.9415493,0.6245921
5.92,2.892889,-38.43694,0.063,0.031,1.004415,0.9881883,1.109282
6.22,2.947389,51.26083,-0.011,-0.039,1.641429,0.8752886,0.3490357
6.02,2.942611,47.16389,0.004,0,1.503099,0.9059449,0.4531172
6.03,2.872,-62.90972,0.072,0.001,1.449618,0.9171209,0.5000749
5.91,2.930139,18.33167,-0.008,-0.017,1.580958,0.888976,0.3916917
4,2.898028,-49.89028,0.135,0.014,1.97824,0.7928849,0.1727343
5.63,2.940583,18.02306,0.276,-0.213,0.9996489,0.9886097,1.119177
5.97,2.937167,8.381667,0.068,-0.087,1.023699,0.9863767,1.070307
6.21,2.901806,-50.87139,0.01,0.006,1.647506,0.8738905,0.3449722
4.75,2.84125,-75.06694,-0.037,-0.027,1.497141,0.9072102,0.4581465
5.11,2.954806,31.93417,0.003,-0.031,0.8136278,0.9948701,1.606589
3.89,2.940472,-8.898056,0.079,-0.22,1.366313,0.9337484,0.580982
5.17,2.943722,-3.712222,-0.035,-0.044,0.8476411,0.9954656,1.500175
6.04,2.967306,38.615,-0.007,-0.016,1.544924,0.8969263,0.4191554
6.11,2.951278,4.501111,0.017,0.023,1.714739,0.8581711,0.3025287
5.8,2.968111,20.66861,0.233,-0.031,0.9901823,0.9894148,1.139147
4.7,2.979361,39.66278,0.024,-0.043,0.8398899,0.9954101,1.523629
6.56,2.905806,-64.43556,0.009,-0.004,1.532952,0.8995316,0.4286416
5.49,3.102167,79.41861,-0.039,0.009,1.641429,0.8752886,0.3490357
4.93,2.984361,35.18306,-0.046,0.006,1.437773,0.9195387,0.5110475
5.45,2.956583,-23.86194,0.098,-0.03,0.9091193,0.9943857,1.329262
6.29,2.953639,-29.85528,0.012,-0.005,1.018846,0.9868484,1.07996
5.47,2.997194,47.22083,0.021,0.024,1.239485,0.9568162,0.7264869
5.89,2.994417,41.03306,0.019,-0.039,1.562919,0.8929762,0.4052402
4.63,2.986861,21.34028,-0.017,-0.005,0.8322476,0.9953098,1.547205
4.63,2.986861,21.34028,-0.017,-0.005,0.8322476,0.9953098,1.547205
5.84,2.96825,-23.60611,0.06,0.05,1.497141,0.9072102,0.4581465
5.28,3.0145,52.35167,0.028,-0.026,0.799244,0.9943325,1.65443
6.74,3.014833,52.35222,0.014,-0.021,0.8172955,0.9949792,1.594669
5.23,2.978333,-2.7825,-0.03,-0.056,0.8172955,0.9949792,1.594669
6.41,2.959083,-38.19111,0.007,0.005,0.8063781,0.9946213,1.630482
6.11,3.003278,38.13167,0.006,-0.028,0.7957208,0.9941736,1.666419
6.14,2.979833,-9.776389,0.01,-0.011,0.9048428,0.9945425,1.340338
4.7,2.99525,8.9075,0.004,-0.014,0.7752084,0.9930265,1.738424
3.24,2.971028,-40.30472,-0.045,0.019,0.8715355,0.9953564,1.430662
4.35,2.971194,-40.30444,-0.064,0.018,0.8476411,0.9954656,1.500175
5.56,2.994778,-2.465,-0.002,-0.022,0.788763,0.9938273,1.690417
6.14,2.985167,-28.90694,0.018,-0.044,1.325317,0.9415493,0.6245921
5.71,2.993361,-25.27417,0.18,0.087,0.9854823,0.9897984,1.149222
5.95,3.01225,10.87028,0.08,-0.039,1.653589,0.8724872,0.3409441
6.31,2.993972,-32.50722,0.01,0.011,0.8172955,0.9949792,1.594669
6.11,3.014167,-2.878611,0.02,0.006,1.764092,0.8463581,0.2740952
5.9,3.031694,26.46222,-0.012,0,0.8715355,0.9953564,1.430662
5.95,3.195222,81.47056,-0.04,-0.009,0.8756096,0.995297,1.419215
5.75,3.019444,-7.662778,0.098,-0.07,1.331141,0.9404596,0.6182135
6.25,3.031194,5.336111,0.036,0.015,1.331141,0.9404596,0.6182135
4.99,2.979944,-64.07139,0.022,0.001,0.8674873,0.9954039,1.442151
5.61,3.039583,4.352778,0.014,0.005,0.781925,0.9934445,1.714426
2.53,3.038,4.089722,-0.009,-0.078,1.68409,0.8653929,0.3213205
5.83,3.03225,-9.961389,0.046,0,1.366313,0.9337484,0.580982
6.19,3.035917,-6.494722,0.087,-0.148,1.08357,0.9797518,0.959243
5.89,3.027139,-28.09167,0.279,-0.437,1.184081,0.9657693,0.8012163
2.93,3.079944,53.50639,0,-0.005,1.135646,0.9729076,0.8733891
6.36,3.058417,28.26972,0.083,-0.02,1.302141,0.9458218,0.6506131
5.32,3.045083,-7.685278,0.047,-0.001,1.267758,0.9519608,0.6911988
4.76,3.092333,56.70583,-0.014,0.067,1.313705,0.943703,0.6375007
4.09,3.039861,-23.62444,-0.145,-0.054,0.8797096,0.9952256,1.40781
6.11,3.094417,56.06861,-0.003,-0.039,1.313705,0.943703,0.6375007
3.39,3.086278,38.84028,0.13,-0.106,1.690208,0.8639587,0.3174968
5.89,3.121944,64.05778,-0.015,0.006,0.8063781,0.9946213,1.630482
6.05,3.089111,40.5825,-0.053,0.001,1.307917,0.9447668,0.6440313
6.49,3.077972,15.85611,-0.001,-0.093,1.302141,0.9458218,0.6506131
5.26,3.071222,-7.600833,0.056,0.013,0.8963644,0.9948192,1.36264
6.05,3.07725,1.863611,0.028,-0.003,1.325317,0.9415493,0.6245921
6.8,3.09075,25.25528,0.002,-0.008,0.8099886,0.9947508,1.618527
7,3.09075,25.25528,0.003,-0.008,1.302141,0.9458218,0.6506131
5.82,3.048861,-46.975,0.029,0.003,1.479292,0.9109711,0.4735113
6.31,3.134417,52.21333,0.032,-0.026,0.8136278,0.9948701,1.606589
5.62,3.106583,13.18722,0,-0.063,1.348679,0.9371404,0.5993768
4.87,3.198972,74.39361,0.012,-0.09,0.8247156,0.9951659,1.57089
6.41,3.129833,47.30833,0.005,-0.008,0.8634652,0.9954395,1.45368
5.11,3.060222,-59.73778,-0.073,-0.067,0.957758,0.9918342,1.210907
5.27,3.109306,-6.088611,0.006,-0.008,1.659678,0.8710787,0.3369508
2.12,3.136139,40.95556,0.004,-0.001,0.799244,0.9943325,1.65443
4.05,3.151111,49.61333,1.263,-0.091,1.078469,0.9803711,0.968162
6.11,3.123806,17.88,-0.025,0.008,0.7752084,0.9930265,1.738424
5.53,3.037611,-71.9025,0.025,0.014,0.7686149,0.9925749,1.762392
6.27,3.139222,18.795,0.047,-0.016,1.647506,0.8738905,0.3449722
3.8,3.158278,44.85722,0.177,-0.157,1.290627,0.9479049,0.663932
6.28,3.144083,8.470833,-0.015,0.069,1.336976,0.9393615,0.611885
6.19,3.130806,-27.83111,0.075,-0.02,0.8797096,0.9952256,1.40781
5.72,3.160194,29.07694,0.019,-0.014,0.8634652,0.9954395,1.45368
6.42,3.169111,27.82,0.005,-0.048,0.8209915,0.9950778,1.582768
6.02,3.174167,26.89639,0.004,0.07,1.467412,0.9134489,0.4839908
4.63,3.188167,39.61167,-0.023,0.005,1.366313,0.9337484,0.580982
5.98,3.177472,11.8725,0.041,-0.026,0.7957208,0.9941736,1.666419
6.33,3.207333,47.72583,0.074,-0.083,1.556916,0.8942985,0.4098373
6.15,3.202667,42.37611,0.028,-0.013,0.7853289,0.9936404,1.702421
4.35,3.193833,19.72667,0.152,-0.011,1.319505,0.9426305,0.6310211
6.12,3.189417,13.04778,-0.013,0.015,1.313705,0.943703,0.6375007
6.38,3.1765,-23.73833,0.058,0.033,1.262074,0.9529513,0.6981484
5.79,3.203944,27.25694,0.01,-0.017,0.7752084,0.9930265,1.738424
6.05,3.188556,-3.811667,-0.006,-0.014,1.696332,0.8625193,0.3137062
5.9,3.223333,48.17694,0.03,-0.022,1.28489,0.9489328,0.6706696
6.26,3.188,-16.02528,-0.014,-0.02,1.420028,0.9231197,0.5278929
5.56,3.207333,6.660833,-0.009,-0.004,1.348679,0.9371404,0.5993768
6.15,3.130333,-69.26556,-0.025,-0.016,1.313705,0.943703,0.6375007
6.12,3.174278,-48.73417,0.034,-0.027,1.372211,0.932602,0.5749471
5.45,3.338806,77.73472,0.059,-0.061,0.8921627,0.9949391,1.373863
5.06,3.212889,-1.196111,0.196,-0.067,1.068326,0.9815733,0.9861831
3.87,3.201194,-28.98694,0.339,0.64,1.043325,0.9843654,1.032307
5.79,3.263333,57.14083,-0.004,0.003,1.151633,0.9706286,0.8488025
5.61,3.538917,84.91111,0.063,-0.136,1.256405,0.9539321,0.7051516
6.07,3.249083,42.50389,0.07,0.012,1.342822,0.9382551,0.6056062
6.36,3.292111,65.65861,-0.01,0.01,0.8515572,0.9954764,1.488497
5.93,3.207167,-44.41972,0.093,-0.017,1.004415,0.9881883,1.109282
5.03,3.270056,50.93778,-0.007,-0.016,1.389962,0.9291172,0.5571284
6.27,3.217083,-35.94389,0.003,-0.001,0.788763,0.9938273,1.690417
5.52,3.255694,30.55667,-0.006,0.007,0.8209915,0.9950778,1.582768
4.89,3.248361,21.04444,-0.028,-0.073,0.8136278,0.9948701,1.606589
6.16,3.267972,45.34583,0.054,-0.045,1.702462,0.8610749,0.3099481
6.16,3.227222,-29.80417,0.027,-0.002,1.331141,0.9404596,0.6182135
6.31,3.263056,32.85639,-0.035,0.009,0.9715175,0.9908733,1.179802
6.25,3.267194,34.68861,0.043,-0.034,0.9308688,0.9934145,1.274651
5.74,3.209222,-57.32167,0.019,0.009,2.087827,0.7643969,0.1320311
6.06,3.276417,32.18361,-0.018,-0.108,1.296378,0.9468679,0.6572466
6.45,3.2865,40.48333,0.015,-0.023,1.302141,0.9458218,0.6506131
6.25,3.250056,-26.10028,-0.019,-0.015,0.8322476,0.9953098,1.547205
5.57,3.125556,-78.98944,0.071,0.066,0.9397373,0.9929382,1.253181
5.47,3.2965,44.025,0.032,-0.029,0.7957208,0.9941736,1.666419
6.17,3.266917,-5.918611,0.007,-0.004,0.8099886,0.9947508,1.618527
4.8,3.263889,-8.819722,-0.002,0.046,0.9091193,0.9943857,1.329262
4.84,3.333167,65.65222,0.015,-0.013,0.765365,0.9923371,1.774358
5.96,3.296056,39.28333,0.022,-0.02,0.843752,0.9954435,1.511886
5.15,3.3105,50.22222,0.029,-0.026,0.7957208,0.9941736,1.666419
6.14,3.276583,-9.154444,-0.005,0.048,0.9854823,0.9897984,1.149222
5.03,3.318778,50.095,0.023,-0.025,0.7957208,0.9941736,1.666419
6.65,3.269806,-30.8275,0.03,0.004,0.792227,0.9940051,1.678416
4.82,3.312167,34.22278,0.003,-0.006,1.59301,0.8862817,0.3828574
5.38,3.306222,-0.9302778,0.252,-0.052,1.325317,0.9415493,0.6245921
5.91,3.300778,-28.79694,0.185,-0.015,0.9532177,0.9921292,1.221391
4.88,3.306139,-22.51139,0.018,0.012,1.24511,0.9558647,0.7193206
5.9,3.332167,27.07111,-0.026,-0.075,1.222698,0.9596106,0.7483163
4.83,3.322694,3.370278,0.271,0.092,1.12508,0.9743699,0.8900779
5.71,3.311444,-18.55972,0.136,-0.053,0.9715175,0.9908733,1.179802
5.85,3.290722,-47.75167,-0.005,0.021,1.443694,0.9183328,0.5055358
4.47,3.339,29.04833,-0.008,-0.016,1.629291,0.8780689,0.3572699
6.12,3.340444,25.66278,0.017,-0.087,1.443694,0.9183328,0.5055358
5.93,3.364611,49.07083,0.191,-0.07,0.9996489,0.9886097,1.119177
4.95,3.357361,43.32944,-0.063,-0.006,0.8322476,0.9953098,1.547205
3.69,3.325278,-21.75778,0.052,0.033,1.671872,0.8682461,0.3290678
5.61,3.326333,-24.12306,0.001,-0.025,1.696332,0.8625193,0.3137062
5.28,3.353778,21.14694,0.025,-0.024,0.792227,0.9940051,1.678416
5.54,3.296167,-62.57528,1.339,0.648,1.104171,0.9771553,0.9241761
5.69,3.351889,3.675556,0.051,-0.026,1.28489,0.9489328,0.6706696
4.27,3.332139,-43.06972,3.043,0.725,1.140957,0.9721593,0.8651342
5.23,3.41125,64.58611,-0.005,0.001,1.959064,0.7978001,0.180548
5.24,3.303583,-62.50639,1.336,0.645,1.08357,0.9797518,0.959243
5.29,3.387,49.21333,0.022,-0.02,0.792227,0.9940051,1.678416
5.52,3.369972,27.6075,0.009,-0.014,1.360425,0.934887,0.587065
6.39,3.345889,-26.60639,0.043,0.024,1.053264,0.9832854,1.013674
6.05,3.299722,-66.92694,0.055,0.007,0.8674873,0.9954039,1.442151
5.09,3.379222,20.74194,-0.044,-0.022,1.443694,0.9183328,0.5055358
5.52,3.356667,-23.63528,-0.021,-0.029,1.233874,0.9577577,0.733708
1.79,3.405389,49.86111,0.024,-0.025,1.023699,0.9863767,1.070307
6.35,3.371194,-25.58778,0.009,-0.002,0.8209915,0.9950778,1.582768
5.61,3.40825,33.53583,0.038,-0.028,0.8063781,0.9946213,1.630482
6.51,3.430111,53.92167,0.088,-0.03,0.9352911,0.9931827,1.263889
6.39,3.35925,-47.77694,-0.002,-0.023,1.302141,0.9458218,0.6506131
5.5,3.405139,24.72417,0.015,-0.05,1.414119,0.924301,0.5336135
6.38,3.394194,4.881944,0.006,-0.008,1.222698,0.9596106,0.7483163
6.2,3.388278,-7.794167,0.01,-0.222,1.135646,0.9729076,0.8733891
5.52,3.266,-77.38833,0.109,0.061,1.004415,0.9881883,1.109282
6.51,3.419278,41.25722,-0.005,0.001,1.302141,0.9458218,0.6506131
6.08,3.40725,20.80361,-0.002,-0.006,0.8027965,0.9944818,1.64245
6.04,3.402806,12.62944,0.028,-0.021,1.437773,0.9195387,0.5110475
6.09,3.432611,49.12083,0.026,-0.022,0.792227,0.9940051,1.678416
3.6,3.413556,9.028889,-0.066,-0.078,1.239485,0.9568162,0.7264869
6.5,3.395722,-32.70722,0.023,-0.005,1.520997,0.9021141,0.4382997
6.32,3.505417,71.86389,0.01,0.005,1.782701,0.8418485,0.2639255
6.49,3.473222,60.25556,0.018,-0.021,0.8247156,0.9951659,1.57089
4.98,3.467528,49.06278,0.024,-0.028,0.7853289,0.9936404,1.702421
4.21,3.484472,59.94028,-0.003,-0.004,0.9901823,0.9894148,1.139147
6.57,3.450889,18.75639,0.043,-0.006,0.8756096,0.995297,1.419215
5.58,3.481222,49.84833,0.028,-0.026,0.8027965,0.9944818,1.64245
3.74,3.452833,9.732778,0.06,-0.039,0.7853289,0.9936404,1.702421
6.28,3.455194,12.735,0.007,-0.019,0.8099886,0.9947508,1.618527
4.54,3.498583,58.87861,0.006,-0.002,1.063285,0.9821562,0.9952854
5.61,3.472444,33.8075,0.037,-0.057,0.8247156,0.9951659,1.57089
6.39,3.432167,-35.92083,0.029,-0.007,0.8476411,0.9954656,1.500175
6.13,3.503139,59.36611,0.036,-0.047,0.8476411,0.9954656,1.500175
4.67,3.489472,49.50889,0.026,-0.027,0.7853289,0.9936404,1.702421
5.93,3.439583,-27.3175,0.008,0.049,1.267758,0.9519608,0.6911988
5.09,3.500056,55.45194,-0.046,-0.009,0.836055,0.9953655,1.535403
6.24,3.490611,46.93778,0.018,-0.035,0.8674873,0.9954039,1.442151
6.03,3.474056,22.80417,-0.001,-0.104,1.273455,0.9509609,0.6843027
6.32,3.436583,-41.63694,0.015,0.027,0.8398899,0.9954101,1.523629
5.73,3.466944,-11.28667,0.002,-0.049,1.360425,0.934887,0.587065
5.82,3.510278,48.10361,0.032,-0.029,0.8027965,0.9944818,1.64245
4.36,3.509583,47.99528,0.004,0.02,1.509061,0.9046737,0.4481333
6.15,3.400694,-69.62472,0.029,0.015,1.023699,0.9863767,1.070307
5.71,3.459278,-35.68139,0.081,0.002,1.47335,0.912213,0.4787271
6.57,3.586778,73.34694,0.013,-0.026,0.8284677,0.9952433,1.559035
6.29,3.524833,49.20972,-0.005,0.001,0.8515572,0.9954764,1.488497
6.5,3.469861,-35.85333,0.03,-0.003,0.8674873,0.9954039,1.442151
6.39,3.530306,49.40083,0.012,-0.005,0.8515572,0.9954764,1.488497
5.99,3.494194,-6.805,-0.096,-0.104,1.313705,0.943703,0.6375007
5.14,3.506806,11.33639,-0.008,-0.018,0.8063781,0.9946213,1.630482
5.59,3.493333,-12.67472,0.005,0.004,0.8838352,0.9951422,1.396449
5.47,3.535722,48.02361,0.02,-0.025,0.781925,0.9934445,1.714426
5.96,3.426722,-69.33639,-0.002,0.063,0.9949045,0.9890186,1.129132
5.96,3.522444,27.57194,0.041,-0.029,1.302141,0.9458218,0.6506131
4.11,3.514556,12.93667,0.02,-0.002,1.372211,0.932602,0.5749471
5.94,3.512611,6.188611,0.045,-0.016,1.279166,0.9499515,0.6774598
6.4,3.558917,58.765,0.008,-0.057,0.8715355,0.9953564,1.430662
5.31,3.540639,46.05694,-0.054,-0.079,0.9854823,0.9897984,1.149222
4.73,3.510306,-5.075278,0.014,0.007,0.7853289,0.9936404,1.702421
6.37,3.561444,57.86889,0.007,0.04,1.038387,0.9848868,1.041715
6.41,3.544194,44.85556,0.011,-0.013,0.8284677,0.9952433,1.559035
5.98,3.560833,54.97472,-0.048,-0.005,0.8594694,0.9954634,1.465249
5.9,3.544444,35.46167,-0.01,0.001,0.7957208,0.9941736,1.666419
5.78,3.498611,-42.63417,-0.075,-0.001,0.9048428,0.9945425,1.340338
6.12,3.503778,-41.37,-0.009,-0.175,1.023699,0.9863767,1.070307
6.46,3.583556,60.04111,-0.035,0.013,0.9808048,0.9901694,1.159356
5.81,3.55975,39.89944,0.019,-0.046,0.8594694,0.9954634,1.465249
5.77,3.543333,9.373611,0.033,-0.044,0.788763,0.9938273,1.690417
6.27,3.656889,75.73972,-0.015,0.006,1.28489,0.9489328,0.6706696
5.99,3.510278,-47.37528,0.069,0.011,0.8594694,0.9954634,1.465249
6.38,3.531639,-25.61417,0.082,-0.019,0.8634652,0.9954395,1.45368
4.72,3.489639,-62.9375,0.383,0.372,0.9854823,0.9897984,1.149222
3.73,3.548833,-9.458333,-0.974,0.021,1.233874,0.9577577,0.733708
6.17,3.568972,17.83278,0.089,-0.315,1.239485,0.9568162,0.7264869
5.92,3.574056,24.46444,0.008,-0.024,0.8674873,0.9954039,1.442151
4.23,3.608167,48.19278,0.024,-0.026,0.7957208,0.9941736,1.666419
4.27,3.563139,-21.63278,0.048,-0.027,0.7785514,0.9932398,1.726427
6.49,3.580333,6.417778,-0.007,-0.017,1.098992,0.9778222,0.9328517
5.68,3.543,-50.37861,0.097,0.079,1.360425,0.934887,0.587065
6.25,3.577056,-9.868611,0.018,-0.004,0.8247156,0.9951659,1.57089
5.83,3.514333,-66.48972,0.01,-0.002,0.7957208,0.9941736,1.666419
6.2,3.565778,-31.08028,-0.021,0.062,1.023699,0.9863767,1.070307
6.3,3.638806,56.93278,0.022,-0.032,0.7718961,0.9928048,1.750413
6.4,3.575972,-31.87472,0.014,0.001,1.538936,0.8982318,0.4238772
6.41,3.547667,-61.01694,0.08,0.036,1.325317,0.9415493,0.6245921
6.42,3.633389,42.58306,0.024,-0.021,0.7957208,0.9941736,1.666419
5.57,3.599361,-11.19361,0.03,0.084,1.250751,0.9549033,0.7122089
5.71,3.613139,0.5877778,-0.026,-0.164,1.256405,0.9539321,0.7051516
5.23,3.604833,-17.46694,0.029,-0.01,0.7718961,0.9928048,1.750413
4.28,3.614556,0.4016667,-0.233,-0.483,1.073387,0.9809783,0.977142
6.39,3.629944,15.43083,0.015,-0.02,0.8838352,0.9951422,1.396449
6.5,3.650028,20.91583,0.005,-0.026,0.8756096,0.995297,1.419215
6.75,3.573528,-65.76444,0.044,0.006,0.8838352,0.9951422,1.396449
5.1,3.702583,63.21667,-0.02,0.017,1.677979,0.8668221,0.3251773
4.58,3.61825,-40.27472,-0.005,-0.03,1.325317,0.9415493,0.6245921
5.86,4.167083,86.62611,0.139,-0.084,0.9715175,0.9908733,1.179802
5.85,3.641444,-7.391667,-0.009,-0.055,1.290627,0.9479049,0.663932
5.7,3.499667,-78.35194,-0.017,-0.028,1.262074,0.9529513,0.6981484
6.16,3.657139,16.53667,0.041,-0.034,1.302141,0.9458218,0.6506131
5.96,3.650306,-5.626111,-0.015,-0.205,1.256405,0.9539321,0.7051516
5.76,3.711861,59.96944,-0.005,0.002,1.727041,0.8552473,0.295236
5.57,3.685528,37.58,0.023,-0.03,0.792227,0.9940051,1.678416
6.01,3.646583,-27.94306,0.025,0.023,0.8099886,0.9947508,1.618527
5.57,3.664194,3.056944,-0.041,0.008,1.267758,0.9519608,0.6911988
6.23,3.660639,-3.393056,-0.022,-0.073,1.325317,0.9415493,0.6245921
6.19,3.657056,-10.43722,-0.021,-0.104,1.319505,0.9426305,0.6310211
6.11,3.679528,25.32944,0.008,-0.015,0.8398899,0.9954101,1.523629
6.12,3.666528,-1.120556,0.024,0.016,1.302141,0.9458218,0.6506131
6.33,3.669833,-15.22667,-0.005,-0.014,1.233874,0.9577577,0.733708
5.53,3.677306,-5.210556,-0.003,-0.001,0.765365,0.9923371,1.774358
3.01,3.715417,47.7875,0.028,-0.034,0.7718961,0.9928048,1.750413
4.97,3.70625,33.965,-0.005,-0.009,0.8136278,0.9948701,1.606589
5.8,3.766917,67.20167,0.081,-0.113,0.9623215,0.9915266,1.200481
6.49,3.687167,-11.80306,0.073,0.013,0.966908,0.9912063,1.190112
5.69,3.70525,19.70028,0.001,-0.014,0.8136278,0.9948701,1.606589
6.06,3.735111,48.52361,-0.005,-0.01,1.629291,0.8780689,0.3572699
6.59,3.689556,-19.58472,-0.002,-0.007,0.8515572,0.9954764,1.488497
4.8,3.767306,63.345,-0.004,-0.013,1.189549,0.9649212,0.7934883
6.11,3.744694,46.09972,-0.004,-0.024,0.9308688,0.9934145,1.274651
3.83,3.738639,32.28833,0.007,-0.011,0.836055,0.9953655,1.535403
6.14,3.729778,19.665,0.116,-0.054,1.307917,0.9447668,0.6440313
5.59,3.742056,36.46,0.048,-0.04,0.8398899,0.9954101,1.523629
5,3.704139,-31.93833,0.009,0.014,0.7621466,0.9920915,1.786308
3.77,3.753222,42.57861,-0.014,-0.002,0.9949045,0.9890186,1.129132
3.54,3.720806,-9.763333,-0.092,0.745,1.256405,0.9539321,0.7051516
6.1,3.741139,20.92861,0.014,-0.02,0.8209915,0.9950778,1.582768
5.44,3.8205,70.87111,0.024,-0.065,0.8515572,0.9954764,1.488497
5.6,3.726056,-10.48556,-0.014,-0.017,0.9048428,0.9945425,1.340338
5.46,3.746722,24.28944,0.011,-0.046,0.8027965,0.9944818,1.64245
5.66,3.766472,45.68194,0.023,-0.018,0.792227,0.9940051,1.678416
3.7,3.747917,24.11333,0.019,-0.046,0.7785514,0.9932398,1.726427
4.59,3.713917,-37.31361,-0.088,-0.077,1.420028,0.9231197,0.5278929
5.64,3.752694,24.83917,0.02,-0.047,0.792227,0.9940051,1.678416
4.3,3.753472,24.46722,0.018,-0.045,0.7785514,0.9932398,1.726427
5.25,3.741806,-1.163056,0.002,-0.007,0.781925,0.9934445,1.714426
6.1,3.792278,55.9225,0.031,-0.015,0.8063781,0.9946213,1.630482
4.63,3.839306,71.33222,0.017,-0.042,0.8284677,0.9952433,1.559035
3.87,3.763778,24.36778,0.02,-0.046,0.792227,0.9940051,1.678416
5.55,3.749028,-0.2966667,0.057,-0.001,1.550918,0.8956152,0.4144755
5.76,3.765111,24.55472,0.011,-0.042,0.8027965,0.9944818,1.64245
6.43,3.767472,24.52806,0.014,-0.044,0.8099886,0.9947508,1.618527
5.35,3.761222,6.05,0.019,-0.013,0.7752084,0.9930265,1.738424
6.29,3.608333,-78.32306,-0.021,0.001,1.389962,0.9291172,0.5571284
4.47,3.825333,65.52611,-0.007,-0.013,1.832598,0.8296167,0.2380458
4.18,3.772111,23.94833,0.021,-0.045,0.7957208,0.9941736,1.666419
6.45,3.735056,-40.66028,0.008,-0.086,1.336976,0.9393615,0.611885
5.85,3.826861,63.29722,-0.018,-0.051,0.8879863,0.9950467,1.385133
5.91,3.769306,6.803056,0.019,-0.071,1.296378,0.9468679,0.6572466
6.14,3.805083,50.73667,0.014,-0.006,0.8398899,0.9954101,1.523629
6.46,3.822111,57.11806,0.018,-0.027,0.8398899,0.9954101,1.523629
4.42,3.769028,-12.10167,0.048,0.058,1.677979,0.8668221,0.3251773
6.57,3.797944,33.6,-0.006,-0.002,0.8476411,0.9954656,1.500175
6.25,3.796917,32.195,-0.032,-0.047,1.018846,0.9868484,1.07996
2.87,3.791417,24.105,0.019,-0.046,0.7853289,0.9936404,1.702421
6.32,3.861611,68.5075,0.017,-0.016,0.788763,0.9938273,1.690417
6.49,3.747389,-48.06139,0.028,-0.081,1.313705,0.943703,0.6375007
6.3,3.742722,-54.27389,0.023,0.065,1.325317,0.9415493,0.6245921
5.73,3.754389,-47.35972,-0.011,-0.02,1.279166,0.9499515,0.6774598
6.02,3.818944,43.96306,0.001,0.021,0.9352911,0.9931827,1.263889
5.9,3.774278,-29.33806,0.004,0.012,0.8634652,0.9954395,1.45368
5.45,3.805806,23.42111,0.023,-0.05,0.792227,0.9940051,1.678416
4.23,3.780806,-23.24972,-0.158,-0.529,0.9949045,0.9890186,1.129132
5.07,3.804528,11.14333,0.028,-0.022,0.7718961,0.9928048,1.750413
3.85,3.736667,-64.80694,0.313,0.076,1.378119,0.9314479,0.5689601
5.66,3.834583,44.96778,-0.028,-0.028,1.167779,0.9682485,0.8247469
5.11,3.825722,33.09139,-0.029,-0.001,0.843752,0.9954435,1.511886
3.63,3.819361,24.05333,0.018,-0.047,0.7853289,0.9936404,1.702421
6.55,3.788917,-29.90194,0.182,-0.069,1.028574,0.9858926,1.060716
5.09,3.819778,24.13667,0.013,-0.05,0.788763,0.9938273,1.690417
5.24,3.794333,-23.87472,0.043,0.048,0.843752,0.9954435,1.511886
5.91,3.810806,0.2277778,0.063,-0.006,1.437773,0.9195387,0.5110475
6.17,3.82875,23.71167,0.014,-0.049,0.799244,0.9943325,1.65443
5.54,3.798889,-30.16778,0.028,-0.23,1.290627,0.9479049,0.663932
6.07,3.831944,22.24444,0.015,-0.037,0.8136278,0.9948701,1.606589
6.21,3.797111,-36.10583,0.021,0.008,0.781925,0.9934445,1.714426
5.81,3.809944,-20.90306,-0.015,-0.025,1.68409,0.8653929,0.3213205
5.26,3.838583,25.57944,0.038,-0.109,0.9005912,0.994687,1.351465
5.4,3.809833,-37.62222,0.059,-0.013,0.8209915,0.9950778,1.582768
4.73,3.809972,-37.62056,0.079,-0.025,0.8063781,0.9946213,1.630482
5.77,3.864917,34.35917,0.002,-0.007,0.8172955,0.9949792,1.594669
5.8,3.895361,57.975,0.081,-0.096,0.8879863,0.9950467,1.385133
6.83,3.860167,22.03167,0.013,-0.019,1.302141,0.9458218,0.6506131
6.3,3.854389,13.04583,0.022,-0.03,0.792227,0.9940051,1.678416
4.17,3.82425,-36.20028,-0.046,-0.051,1.273455,0.9509609,0.6843027
6.34,3.941722,71.82167,-0.057,-0.008,0.9397373,0.9929382,1.253181
6.25,3.867861,31.16833,-0.026,-0.045,0.8963644,0.9948192,1.36264
5.76,3.894083,48.65056,0.036,-0.029,1.331141,0.9404596,0.6182135
5.67,3.866722,6.534722,0.009,-0.008,0.8398899,0.9954101,1.523629
6.86,3.843778,-36.42528,0.004,0.02,0.8027965,0.9944818,1.64245
5.97,3.886111,17.32694,0.142,-0.03,0.957758,0.9918342,1.210907
5.48,3.878222,-5.361389,-0.011,-0.011,0.781925,0.9934445,1.714426
2.85,3.902194,31.88361,0.006,-0.01,0.8634652,0.9954395,1.45368
5.03,3.957083,63.07222,0.01,0.005,0.7853289,0.9936404,1.702421
5,3.952306,61.10889,-0.004,-0.015,1.568927,0.8916483,0.4006839
6.22,3.886944,-18.43444,0.011,0,1.233874,0.9577577,0.733708
5.37,3.932833,47.87139,0.019,-0.018,0.788763,0.9938273,1.690417
3.24,3.787306,-74.23889,0.047,0.114,1.671872,0.8682461,0.3290678
6.1,3.923056,31.04583,-0.013,-0.007,0.9352911,0.9931827,1.263889
5.28,3.943472,50.69528,0.091,-0.13,0.9901823,0.9894148,1.139147
6.14,3.904833,-2.952778,0.029,0.008,0.8515572,0.9954764,1.488497
4.79,3.904861,-2.954722,0.029,0.002,1.267758,0.9519608,0.6911988
4.65,3.895167,-24.6125,0.023,-0.016,0.7718961,0.9928048,1.750413
5.11,3.894139,-34.73222,0.031,-0.004,0.7718961,0.9928048,1.750413
5.49,3.941306,35.08111,0.005,-0.001,0.8063781,0.9946213,1.630482
5.93,3.892583,-46.89361,0.034,-0.043,1.443694,0.9183328,0.5055358
6,3.921194,-12.09917,-0.055,-0.04,0.9487008,0.9924115,1.231931
5.63,3.947806,22.47806,0.069,-0.116,0.9397373,0.9929382,1.253181
5.71,3.906444,-40.35722,-0.012,-0.003,1.08357,0.9797518,0.959243
2.89,3.964222,40.01028,0.018,-0.026,0.7558053,0.9915778,1.810148
6.06,3.951056,23.17556,0.009,-0.018,0.8247156,0.9951659,1.57089
6.16,3.957333,24.46194,0.001,-0.012,1.520997,0.9021141,0.4382997
6.53,3.967528,34.81444,0.013,-0.018,0.9091193,0.9943857,1.329262
6.09,3.950472,6.04,0.036,-0.067,0.8398899,0.9954101,1.523629
6.19,3.943861,-9.750833,0.042,0.006,0.9308688,0.9934145,1.274651
6.3,3.97475,38.84028,0.038,-0.041,1.348679,0.9371404,0.5993768
6.46,3.909444,-52.69056,0.031,-0.041,0.8797096,0.9952256,1.40781
4.04,3.98275,35.79111,0.002,0,0.8209915,0.9950778,1.582768
6.38,3.994444,38.82056,-0.006,0,0.8555,0.9954757,1.476855
5.1,4.167444,80.69861,-0.017,-0.002,1.063285,0.9821562,0.9952854
2.95,3.967167,-13.50861,0.061,-0.111,1.653589,0.8724872,0.3409441
5.83,3.981194,-5.47,-0.055,-0.18,1.302141,0.9458218,0.6506131
6.37,3.994639,10.33083,0.17,0.004,0.9949045,0.9890186,1.129132
6.41,4.02075,36.99,-0.022,0.015,0.8136278,0.9948701,1.606589
5.6,3.991694,-12.57417,-0.011,-0.032,1.586981,0.8876316,0.387255
6.14,3.934444,-63.46361,0.072,0.047,1.360425,0.934887,0.587065
6.32,4.01025,17.29667,0,-0.033,0.8398899,0.9954101,1.523629
5.89,4.013556,18.19389,0.132,-0.028,0.9487008,0.9924115,1.231931
3.47,4.011333,12.49028,-0.006,-0.012,0.7752084,0.9930265,1.738424
4.66,3.99875,-24.01639,0.015,0.015,0.7718961,0.9928048,1.750413
5.87,4.100861,68.68,0.002,-0.001,1.623231,0.8794511,0.3614414
5.06,4.074222,59.15556,-0.002,0.001,1.03347,0.9853959,1.051185
5.67,4.029472,9.997778,0.005,-0.005,0.8247156,0.9951659,1.57089
5.28,4.025556,-1.549722,0.025,-0.016,0.765365,0.9923371,1.774358
6.05,3.978583,-57.1025,0.029,0.006,1.004415,0.9881883,1.109282
5.93,4.011306,-30.49083,0.052,0.004,0.8322476,0.9953098,1.547205
4.56,3.979083,-61.40028,0.011,-0.018,1.671872,0.8682461,0.3290678
6.17,4.110833,65.52083,0.03,-0.021,0.8715355,0.9953564,1.430662
5.38,4.043528,-0.2688889,0.149,-0.251,1.03347,0.9853959,1.051185
6.51,4.004361,-51.56472,0.027,0.014,1.68409,0.8653929,0.3213205
3.91,4.052611,5.989167,0.005,-0.003,0.8284677,0.9952433,1.559035
5.47,4.072694,24.10583,-0.004,-0.014,1.222698,0.9596106,0.7483163
5.33,4.062389,5.435556,0.003,-0.01,0.788763,0.9938273,1.690417
5.46,4.065722,8.197222,0.169,0.023,0.9715175,0.9908733,1.179802
6.31,4.110167,54.00861,0.055,-0.099,1.296378,0.9468679,0.6572466
4.36,4.07825,22.08194,0.09,-0.059,1.342822,0.9382551,0.6056062
5.36,4.069417,2.826944,0.147,-0.125,1.03347,0.9853959,1.051185
6.46,4.056861,-20.14417,0.003,-0.014,0.7558053,0.9915778,1.810148
7.01,4.060222,-20.15833,0.02,0.006,1.431855,0.9207385,0.5166105
6.99,4.130861,62.33,-0.023,-0.01,0.9949045,0.9890186,1.129132
4.29,4.109722,50.35139,-0.015,-0.036,0.8247156,0.9951659,1.57089
5.9,4.088944,22.00889,0.169,-0.136,1.093832,0.9784774,0.941588
6.39,4.069083,-16.58889,0.093,-0.063,1.455546,0.9159029,0.4946641
4.51,4.014944,-62.15944,0.002,0.026,1.690208,0.8639587,0.3174968
5.61,4.072972,-12.7925,0.01,0.013,1.348679,0.9371404,0.5993768
4.97,4.021722,-61.07889,0.067,0.092,1.550918,0.8956152,0.4144755
6.13,4.078056,-20.38167,0.028,-0.009,1.395897,0.9279408,0.5512831
5.2,4.110111,27.6,0.019,-0.053,0.7718961,0.9928048,1.750413
5.23,4.116806,29.00139,-0.092,0.007,0.957758,0.9918342,1.210907
6.28,4.157667,59.90806,0,-0.005,1.384036,0.9302863,0.5630207
6.41,3.708917,-85.26222,0.013,0.01,0.8136278,0.9948701,1.606589
6.26,4.099028,-8.856111,0.024,-0.008,0.8398899,0.9954101,1.523629
4.04,4.144361,47.7125,0.021,-0.03,0.8063781,0.9946213,1.630482
6.34,4.096306,-20.51222,-0.02,0.012,1.256405,0.9539321,0.7051516
5.59,4.093722,-27.65167,0.205,0.094,0.9442073,0.9926812,1.242528
6.18,4.156222,54.82889,0.081,-0.093,1.302141,0.9458218,0.6506131
6.09,4.137583,37.72778,-0.112,-0.191,1.273455,0.9509609,0.6843027
5.51,4.1435,38.03972,0.167,-0.202,1.014014,0.9873076,1.089673
6.01,4.128333,15.16278,0.132,-0.024,0.9854823,0.9897984,1.149222
5.89,4.133167,17.33972,0.007,-0.015,1.599043,0.8849264,0.3784985
6.03,4.229139,72.12639,0.013,-0.027,1.307917,0.9447668,0.6440313
6.32,4.214333,68.50167,-0.045,0.026,1.407792,0.9255665,0.539732
5.5,4.152778,19.60917,0.104,-0.033,1.342822,0.9382551,0.6056062
5.95,4.150444,13.39833,0.016,-0.014,0.836055,0.9953655,1.535403
6.59,4.123639,-42.91694,-0.005,0.004,1.262074,0.9529513,0.6981484
5.72,4.183056,33.58667,-0.004,-0.009,1.562919,0.8929762,0.4052402
5.41,4.180528,26.48083,-0.033,-0.036,0.957758,0.9918342,1.210907
5.37,4.154944,-16.38583,0.002,0.005,0.765365,0.9923371,1.774358
5.57,4.470278,83.80778,-0.014,0.01,0.7718961,0.9928048,1.750413
5.44,4.172917,-6.923889,-0.003,-0.013,1.267758,0.9519608,0.6911988
6.59,4.14275,-45.86472,0.075,0.021,0.9761498,0.9905277,1.16955
5.72,4.188972,5.523056,0.149,0.005,0.966908,0.9912063,1.190112
5.7,4.179917,-8.819722,0.038,0.009,1.336976,0.9393615,0.611885
6.38,4.122667,-64.2225,0.213,0.324,1.104171,0.9771553,0.9241761
6.09,4.208722,17.2775,0.052,-0.018,1.348679,0.9371404,0.5993768
6.08,4.2505,57.46028,-0.002,0.003,1.088691,0.9791206,0.9503851
6.12,4.214222,22.41361,-0.005,-0.01,0.8921627,0.9949391,1.373863
4.04,4.19775,-6.8375,0.01,0.082,0.9532177,0.9921292,1.221391
6.44,4.179389,-35.27389,-0.019,-0.035,1.342822,0.9382551,0.6056062
5.79,4.193389,-20.35611,0.05,0.052,0.8879863,0.9950467,1.385133
6.45,4.233222,37.96694,-0.058,0,1.302141,0.9458218,0.6506131
4.93,4.180722,-41.99361,0.196,0.063,0.9532177,0.9921292,1.221391
4.14,4.248306,48.40944,0.005,-0.018,1.273455,0.9509609,0.6843027
5.46,4.500028,83.34056,-0.055,0.105,1.228278,0.9586892,0.7409844
5.7,4.281556,61.85028,0.011,-0.01,0.7686149,0.9925749,1.762392
4.71,4.248139,40.48361,0.008,-0.026,1.307917,0.9447668,0.6440313
6.23,4.226333,10.21222,0.045,-0.026,0.836055,0.9953655,1.535403
6.51,4.225361,8.890556,0.016,-0.027,0.8797096,0.9952256,1.40781
5.29,4.225861,7.716111,-0.002,0.006,0.966908,0.9912063,1.190112
6.25,4.230528,12.75333,0.019,-0.028,1.395897,0.9279408,0.5512831
4.84,4.232333,9.263611,-0.01,-0.038,1.189549,0.9649212,0.7934883
6.44,4.227278,-1.149722,0.007,-0.004,0.7718961,0.9928048,1.750413
5.71,4.285611,57.86056,0.03,-0.034,1.354547,0.9360177,0.5931965
5.19,4.278639,53.61194,-0.017,0.002,0.836055,0.9953655,1.535403
5.22,4.243417,10.01111,0.002,-0.026,0.781925,0.9934445,1.714426
6.71,4.208778,-44.36833,0.045,0.003,1.586981,0.8876316,0.387255
5.43,4.450778,80.82417,0.003,-0.019,1.40184,0.9267572,0.5454844
4.87,4.239917,-10.25639,-0.009,-0.162,1.40184,0.9267572,0.5454844
6.32,4.262861,15.40056,0.116,-0.029,0.9854823,0.9897984,1.149222
4.29,4.258917,8.892222,0.021,-0.024,0.7957208,0.9941736,1.666419
6.93,4.257167,6.199722,-0.106,-0.107,1.135646,0.9729076,0.8733891
6.31,4.258111,6.186667,-0.06,-0.116,1.078469,0.9803711,0.968162
6.37,4.226583,-40.35778,0.016,0.028,1.57494,0.8903149,0.3961679
4.61,4.304056,50.29556,0.047,-0.054,0.8322476,0.9953098,1.547205
4.43,4.254528,-7.652778,-2.242,-3.414,1.200534,0.963193,0.7782043
3.86,4.233361,-42.29444,0.046,-0.209,1.360425,0.934887,0.587065
5.27,4.344528,65.14056,-0.036,-0.003,1.195033,0.9640624,0.7858177
6.22,4.302278,42.14111,0.029,-0.034,0.788763,0.9938273,1.690417
4.94,4.287667,20.57861,-0.044,-0.058,0.9220961,0.9938405,1.296338
5.45,4.320361,50.04889,0.061,-0.052,0.9048428,0.9945425,1.340338
5.65,4.306444,21.57917,0.094,-0.037,0.9308688,0.9934145,1.274651
5.94,4.288667,-6.471944,-0.019,0.002,1.348679,0.9371404,0.5993768
5.55,4.336528,50.92083,0,-0.006,0.8136278,0.9948701,1.606589
6.54,4.306806,9.486667,-0.023,-0.034,0.8797096,0.9952256,1.40781
5.39,4.363222,60.73556,0.054,-0.117,1.59301,0.8862817,0.3828574
3.35,4.240417,-62.47389,0.045,0.045,1.250751,0.9549033,0.7122089
5.92,4.337333,41.80806,0.011,-0.026,1.267758,0.9519608,0.6911988
4.25,4.267111,-51.48667,0.106,0.182,0.9397373,0.9929382,1.253181
5.35,4.323917,21.14222,0.03,-0.042,0.788763,0.9938273,1.690417
5.45,4.246861,-62.19194,0.01,0.088,1.360425,0.934887,0.587065
5.38,4.326861,21.77361,0.03,-0.04,0.7686149,0.9925749,1.762392
5.88,4.364389,56.50667,-0.014,0.015,1.302141,0.9458218,0.6506131
4.93,4.340167,34.56667,-0.025,-0.005,1.267758,0.9519608,0.6911988
6.16,4.336111,31.95333,0.002,-0.008,1.727041,0.8552473,0.295236
6,4.304417,-20.71556,-0.013,0.012,1.702462,0.8610749,0.3099481
3.65,4.329889,15.6275,0.115,-0.025,1.296378,0.9468679,0.6572466
3.56,4.29825,-33.79833,0.067,-0.008,0.7752084,0.9930265,1.738424
4.95,4.33925,27.35083,-0.025,-0.08,1.389962,0.9291172,0.5571284
6.31,4.327083,10.12139,0.002,-0.04,1.556916,0.8942985,0.4098373
4.85,4.359222,46.49889,0.025,-0.035,0.8063781,0.9946213,1.630482
5.59,4.332694,14.03528,0.116,-0.021,0.9308688,0.9934145,1.274651
6.19,4.38275,59.61639,0.03,-0.038,1.302141,0.9458218,0.6506131
6.07,4.310389,-22.97028,0.047,0.029,0.9397373,0.9929382,1.253181
6.12,4.340306,18.7425,0.108,-0.043,0.9715175,0.9908733,1.179802
4.44,4.274694,-59.30194,-0.051,-0.164,1.348679,0.9371404,0.5993768
5.26,4.343417,15.09528,0.108,-0.024,0.9048428,0.9945425,1.340338
6.37,4.272528,-60.94861,0.041,0.019,0.843752,0.9954435,1.511886
6.17,4.348,13.86417,0.113,-0.025,1.014014,0.9873076,1.089673
6.37,4.3175,-33.905,0.017,-0.006,0.8674873,0.9954039,1.442151
5.77,4.344778,6.130833,-0.012,-0.051,1.256405,0.9539321,0.7051516
6.53,4.346944,9.225556,0.054,0.039,0.8756096,0.995297,1.419215
6.27,4.344083,-6.245556,0.103,-0.044,1.250751,0.9549033,0.7122089
5.85,4.345222,-7.5925,0.002,-0.001,0.7718961,0.9928048,1.750413
5.34,4.321278,-44.26806,0.063,-0.046,1.348679,0.9371404,0.5993768
6.09,4.311111,-52.86,0.051,0.073,1.028574,0.9858926,1.060716
5.86,4.357528,-0.09805556,-0.016,-0.123,1.491187,0.9084697,0.4632215
5.38,4.344167,-20.63972,0.025,-0.011,0.8099886,0.9947508,1.618527
5.72,4.367639,14.07722,0.113,-0.026,0.9487008,0.9924115,1.231931
5.37,4.376361,25.62917,0.017,-0.023,0.799244,0.9943325,1.65443
5.91,4.373,20.82139,0.001,0.001,1.696332,0.8625193,0.3137062
6.23,4.393306,42.42806,0.024,-0.032,0.8172955,0.9949792,1.594669
5.87,4.2945,-63.25556,0.002,0.027,0.792227,0.9940051,1.678416
3.76,4.38225,17.5425,0.107,-0.03,1.290627,0.9479049,0.663932
6.01,4.358694,-25.72833,0.048,-0.05,0.9623215,0.9915266,1.200481
5.99,4.392333,20.98222,0.016,-0.028,0.8284677,0.9952433,1.559035
5.64,4.390278,16.77722,0.104,-0.028,0.9397373,0.9929382,1.253181
5.73,4.408111,34.13056,0.019,-0.044,0.7957208,0.9941736,1.666419
6.36,4.399944,24.30111,0.006,-0.01,0.8838352,0.9951422,1.396449
5.76,4.410389,33.95972,0.043,-0.072,0.9854823,0.9897984,1.149222
4.8,4.401611,17.44389,0.11,-0.038,0.8756096,0.995297,1.419215
5.12,4.39775,9.460833,-0.015,-0.008,0.843752,0.9954435,1.511886
6.32,4.45025,57.58528,0.009,-0.012,0.8322476,0.9953098,1.547205
5.17,4.394667,-3.745556,-0.05,-0.057,0.8476411,0.9954656,1.500175
5.83,4.384917,-24.89222,0.018,-0.015,1.605082,0.8835657,0.3741778
5.98,4.415861,19.04167,0.105,-0.044,0.9715175,0.9908733,1.179802
6.39,4.385472,-35.545,-0.006,0,1.443694,0.9183328,0.5055358
4.22,4.422806,22.29389,0.096,-0.048,0.8674873,0.9954039,1.442151
5.28,4.423611,22.19972,0.109,-0.054,0.9177461,0.9940347,1.307261
4.29,4.424833,17.92806,0.108,-0.028,0.836055,0.9953655,1.535403
5.28,4.435083,31.43889,0.076,-0.11,1.28489,0.9489328,0.6706696
6.46,4.427028,15.94083,0.107,-0.028,1.028574,0.9858926,1.060716
4.28,4.438472,22.81361,0.107,-0.046,0.9220961,0.9938405,1.296338
3.96,4.400611,-34.01694,0.069,0.051,1.59301,0.8862817,0.3828574
4.49,4.439111,15.61833,0.112,-0.023,0.9177461,0.9940347,1.307261
5.24,4.364806,-63.38639,0.089,0.173,1.279166,0.9499515,0.6774598
4.69,4.443444,14.71361,-0.002,-0.033,1.290627,0.9479049,0.663932
6.06,4.439194,8.590278,-0.001,-0.006,0.8247156,0.9951659,1.57089
6.55,4.415667,-34.75778,-0.013,-0.11,1.004415,0.9881883,1.109282
5.53,4.454861,22.99639,0.006,-0.017,0.781925,0.9934445,1.714426
6.23,4.450194,2.079444,0.065,-0.047,1.354547,0.9360177,0.5931965
5.94,4.558528,72.52861,0.027,-0.089,0.9397373,0.9929382,1.253181
5.88,4.458,11.2125,-0.003,-0.003,0.836055,0.9953655,1.535403
5.72,4.466889,21.62,0.095,-0.038,0.9264704,0.9936338,1.285468
6.39,4.421972,-44.16083,0.035,0.067,1.004415,0.9881883,1.109282
6.29,4.403389,-57.07139,-0.098,-0.077,1.114588,0.9757859,0.9070064
6.4,4.481083,30.36139,0.01,-0.023,1.043325,0.9843654,1.032307
4.97,4.474,16.35972,0.006,0.028,1.378119,0.9314479,0.5689601
5.9,4.473167,14.74083,0.108,-0.024,0.9487008,0.9924115,1.231931
3.53,4.476944,19.18028,0.107,-0.038,1.307917,0.9447668,0.6440313
6.11,4.449167,-24.08139,-0.003,-0.015,0.8715355,0.9953564,1.430662
3.84,4.47625,15.96222,0.103,-0.027,1.273455,0.9509609,0.6843027
3.4,4.477694,15.87083,0.103,-0.025,0.8879863,0.9950467,1.385133
6.15,4.467667,1.858611,0.027,0.004,1.313705,0.943703,0.6375007
5.03,4.480611,13.0475,0.105,-0.016,0.9091193,0.9943857,1.329262
5.55,4.475583,1.380833,0.019,-0.021,0.781925,0.9934445,1.714426
5.94,4.418139,-61.23833,-0.024,0.014,1.623231,0.8794511,0.3614414
5.77,4.533833,53.91083,0,-0.003,0.8879863,0.9950467,1.385133
6.1,4.451667,-46.9475,0.068,-0.275,1.014014,0.9873076,1.089673
6.21,4.510639,32.45806,-0.004,-0.011,0.8027965,0.9944818,1.64245
6.79,4.49525,10.52167,0.004,0.001,0.8515572,0.9954764,1.488497
5.96,4.4775,-19.45833,0.028,-0.09,1.431855,0.9207385,0.5166105
5.58,4.502389,15.63806,0.102,-0.024,0.9487008,0.9924115,1.231931
5.6,4.48525,-13.04833,0.002,0,0.7405209,0.9901739,1.869259
6.26,4.523333,40.01028,-0.006,-0.014,0.8322476,0.9953098,1.547205
6.48,4.500667,10.2625,-0.007,-0.067,1.319505,0.9426305,0.6310211
5.69,4.29975,-80.21389,0.018,0.061,1.211584,0.9614226,0.7631477
4.78,4.509361,16.19389,0.107,-0.027,0.8838352,0.9951422,1.396449
5.48,4.510806,15.69194,0.103,-0.023,0.9220961,0.9938405,1.296338
6.44,4.469278,-41.96,-0.011,-0.006,1.68409,0.8653929,0.3213205
5.4,4.510361,13.72444,0.106,-0.023,0.9220961,0.9938405,1.296338
6.24,4.502694,-13.59222,-0.025,0.009,1.302141,0.9458218,0.6506131
6.02,4.531056,15.85167,0.101,-0.027,0.957758,0.9918342,1.210907
6.16,4.488889,-46.51528,0.046,0.03,1.336976,0.9393615,0.611885
6.09,4.556917,43.06389,0.004,0.004,0.9761498,0.9905277,1.16955
5.75,4.46275,-62.52083,-0.019,0.014,1.307917,0.9447668,0.6440313
6.39,4.534667,5.41,0.114,0.009,0.9949045,0.9890186,1.129132
4.91,4.531306,-0.04388889,0.003,-0.009,1.491187,0.9084697,0.4632215
6.21,4.523861,-13.645,-0.011,-0.063,0.8634652,0.9954395,1.45368
5.96,4.511194,-35.65361,0,0.031,1.302141,0.9458218,0.6506131
5.94,4.606722,64.26167,-0.026,-0.009,0.8063781,0.9946213,1.630482
5.81,4.543722,-3.209167,-0.005,-0.006,0.7686149,0.9925749,1.762392
6.25,4.559139,18.01667,0.011,-0.024,0.843752,0.9954435,1.511886
5.07,4.513917,-44.95389,0.007,-0.008,0.7526829,0.9913102,1.822032
4.65,4.564139,14.84444,0.103,-0.027,0.9177461,0.9940347,1.307261
5.88,4.577222,28.96111,0.002,-0.025,0.7957208,0.9941736,1.666419
6.01,4.563361,9.413056,-0.016,-0.043,1.336976,0.9393615,0.611885
6.06,4.556111,-10.78583,-0.005,0.015,1.526972,0.9008257,0.4334489
5.68,4.568972,5.568611,-0.01,-0.005,0.836055,0.9953655,1.535403
5.72,4.565222,-6.738889,0,-0.007,0.7718961,0.9928048,1.750413
6.09,4.570611,-6.837778,-0.018,-0.037,1.526972,0.9008257,0.4334489
5.11,4.569889,-8.231389,-0.018,-0.001,1.720887,0.8567117,0.2988666
5.26,4.569917,-8.970278,-0.037,-0.111,1.580958,0.888976,0.3916917
4.51,4.5585,-29.76667,-0.102,-0.275,1.290627,0.9479049,0.663932
4.25,4.6115,41.26472,-0.005,-0.016,1.431855,0.9207385,0.5166105
6.36,4.595194,19.88167,-0.001,-0.017,1.302141,0.9458218,0.6506131
5.79,4.349417,-81.58,0.003,0.127,0.9623215,0.9915266,1.200481
0.85,4.598667,16.50917,0.063,-0.19,1.623231,0.8794511,0.3614414
4.25,4.59425,10.16083,0.055,-0.046,0.8879863,0.9950467,1.385133
6.02,4.608111,23.34083,0.112,-0.055,0.9761498,0.9905277,1.16955
6.37,4.587222,-9.736667,0.021,-0.023,0.8594694,0.9954634,1.465249
6.13,4.583472,-19.92056,0.081,0.081,1.40184,0.9267572,0.5454844
6.33,4.600444,-3.611944,-0.007,-0.013,0.781925,0.9934445,1.714426
3.93,4.605306,-3.3525,0.002,-0.005,0.7465358,0.9907548,1.845714
3.82,4.5925,-30.56222,-0.045,-0.012,1.290627,0.9479049,0.663932
3.27,4.566611,-55.045,0.051,-0.003,0.781925,0.9934445,1.714426
5.35,4.666139,53.47306,0.046,-0.092,0.9487008,0.9924115,1.231931
5.05,4.665194,53.07972,-0.002,-0.013,1.342822,0.9382551,0.6056062
6.49,4.76675,76.61111,0.064,-0.136,1.038387,0.9848868,1.041715
5.31,4.620472,0.9983333,-0.004,-0.004,0.7752084,0.9930265,1.738424
6.47,4.641556,26.94,0.047,-0.058,1.302141,0.9458218,0.6506131
5.92,4.637722,20.68472,-0.015,-0.007,0.799244,0.9943325,1.65443
5.79,4.635944,16.03333,0.093,-0.023,0.9442073,0.9926812,1.242528
4.27,4.635972,12.51083,0.103,-0.013,0.8634652,0.9954395,1.45368
5.23,4.626694,-2.473333,0.042,-0.061,0.9308688,0.9934145,1.274651
5.79,4.559444,-62.82361,-0.115,-0.023,1.325317,0.9415493,0.6245921
6.3,4.614139,-30.71667,-0.011,0.013,0.781925,0.9934445,1.714426
6.22,4.656417,25.21833,0.017,-0.015,0.8797096,0.9952256,1.40781
5.07,4.652556,15.79972,0.039,-0.072,0.8756096,0.995297,1.419215
4.69,4.654583,15.91806,0.083,-0.018,0.8756096,0.995297,1.419215
5.39,4.651722,7.870833,0.094,-0.003,0.9220961,0.9938405,1.296338
3.87,4.636333,-14.30389,-0.075,-0.156,1.354547,0.9360177,0.5931965
5.67,4.690028,48.30083,0.042,-0.042,0.8099886,0.9947508,1.618527
5.01,4.648222,-12.12306,-0.053,-0.011,0.843752,0.9954435,1.511886
5.46,4.667611,12.19778,-0.001,-0.008,0.7752084,0.9930265,1.738424
6.76,4.380806,-82.89917,-0.018,0.003,0.8963644,0.9948192,1.36264
6.5,4.721694,59.52083,0.033,-0.049,1.302141,0.9458218,0.6506131
5.45,4.655472,-14.35917,0.122,-0.127,1.336976,0.9393615,0.611885
6.1,4.663111,-1.052778,0.025,-0.018,1.267758,0.9519608,0.6911988
5.99,4.697306,38.28028,0.241,-0.093,1.068326,0.9815733,0.9861831
5.78,4.688833,28.615,0.034,-0.03,0.8063781,0.9946213,1.630482
6.06,4.813972,75.94111,0.035,-0.135,0.9308688,0.9934145,1.274651
5.4,4.612667,-62.0775,-0.064,-0.084,1.647506,0.8738905,0.3449722
5.87,4.722667,49.97389,-0.004,-0.016,0.8247156,0.9951659,1.57089
5.29,4.715083,43.365,0.039,-0.052,0.8172955,0.9949792,1.594669
5.58,4.668556,-24.4825,-0.067,0.018,1.256405,0.9539321,0.7051516
4.32,4.674028,-19.67167,0.021,-0.096,1.665772,0.869665,0.3329922
4.28,4.704083,22.95694,-0.002,-0.016,0.7718961,0.9928048,1.750413
6.44,4.651194,-51.67278,0.017,0.017,1.491187,0.9084697,0.4632215
6.13,4.7205,24.08889,0.017,-0.022,1.053264,0.9832854,1.013674
6.08,4.736917,40.78694,0.003,-0.007,0.8398899,0.9954101,1.523629
6.45,4.730083,32.86528,-0.035,-0.042,1.302141,0.9458218,0.6506131
4.45,4.676028,-41.86389,-0.141,-0.077,0.957758,0.9918342,1.210907
5.05,4.700972,-37.14444,0.049,0.193,0.9715175,0.9908733,1.179802
6.53,4.67175,-58.94361,0.07,0.186,1.12508,0.9743699,0.8900779
6.82,4.726278,-8.793611,0.021,-0.012,0.9808048,0.9901694,1.159356
6.7,4.726417,-8.796111,0.032,-0.024,1.256405,0.9539321,0.7051516
5.4,4.7405,11.14611,0.1,-0.015,0.9177461,0.9940347,1.307261
5.9,4.734806,-8.503611,0.003,-0.002,0.7785514,0.9932398,1.726427
5.68,4.71925,-30.76556,-0.03,-0.067,1.544924,0.8969263,0.4191554
6.37,4.843444,70.94167,0.001,-0.02,0.788763,0.9938273,1.690417
5.3,4.800083,56.75722,0.05,-0.148,0.9177461,0.9940347,1.307261
6.35,4.761806,23.62806,0.007,-0.015,0.8398899,0.9954101,1.523629
5.53,4.735556,-18.66667,0.051,-0.018,0.8247156,0.9951659,1.57089
5.97,4.779,40.31278,-0.001,-0.029,1.262074,0.9529513,0.6981484
6.26,4.801944,55.6025,0.075,-0.102,1.302141,0.9458218,0.6506131
5.31,4.712889,-50.48139,-0.031,0.03,1.290627,0.9479049,0.663932
6.01,4.771333,18.735,0.072,-0.065,1.42594,0.9219321,0.5222255
6.25,4.728944,-41.06472,0.003,0.01,1.57494,0.8903149,0.3961679
5.37,4.767139,11.70556,0.068,-0.006,0.8921627,0.9949391,1.373863
4.02,4.758361,-3.254722,0.016,-0.013,0.765365,0.9923371,1.774358
5.72,4.751167,-21.28361,0.018,-0.025,1.580958,0.888976,0.3916917
6.33,4.773361,-2.954444,0.012,-0.047,0.8322476,0.9953098,1.547205
5.07,5.00575,81.19389,-0.001,0.024,1.467412,0.9134489,0.4839908
6.86,4.763778,-34.005,0.04,0.018,0.8172955,0.9949792,1.594669
6.19,4.773833,-28.0875,0.001,0.016,0.8921627,0.9949391,1.373863
6.05,4.765389,-39.35667,-0.059,-0.02,1.342822,0.9382551,0.6056062
5.44,4.868111,63.50528,0.037,-0.096,1.641429,0.8752886,0.3490357
5.86,4.821944,32.58833,0.018,-0.031,0.9134204,0.9942164,1.318236
5.58,4.820222,31.43722,0.017,-0.108,1.372211,0.932602,0.5749471
5.27,4.739194,-59.73278,0.033,0.039,0.8963644,0.9948192,1.36264
6.05,4.639361,-77.65611,-0.01,-0.018,1.360425,0.934887,0.587065
5.51,4.793417,-16.93444,0.133,0.17,1.098992,0.9778222,0.9328517
4.88,4.831833,37.48833,-0.038,0.04,1.562919,0.8929762,0.4052402
6.03,4.812389,3.588333,-0.001,-0.017,1.414119,0.924301,0.5336135
5.66,4.852583,48.74083,-0.04,-0.031,1.296378,0.9468679,0.6572466
5.78,4.810083,-5.673889,0.305,-0.243,1.093832,0.9784774,0.941588
6.08,4.828917,15.90417,0.005,-0.01,1.659678,0.8710787,0.3369508
5.77,4.809028,-16.32944,0.004,0.036,1.058264,0.9827269,1.004449
6.37,4.797111,-30.02028,0.039,0.094,1.342822,0.9382551,0.6056062
6.46,4.749417,-63.22972,-0.013,-0.005,1.348679,0.9371404,0.5993768
5.54,4.71775,-70.93111,0.008,0.033,0.7752084,0.9930265,1.738424
4.29,4.900833,66.34278,0,0.006,0.8284677,0.9952433,1.559035
3.19,4.830667,6.961389,0.466,0.012,1.009204,0.9877542,1.099447
4.36,4.843528,8.900278,0.004,-0.032,0.8209915,0.9950778,1.582768
6.26,4.828389,-13.76972,-0.122,-0.172,1.004415,0.9881883,1.109282
6.41,4.886056,52.84083,-0.008,-0.021,1.302141,0.9458218,0.6506131
5.1,4.85625,18.83972,0.08,-0.035,0.9005912,0.994687,1.351465
6.72,4.809389,-43.98,0.018,0.022,1.273455,0.9509609,0.6843027
5.03,4.836556,-16.21722,0.041,0.054,1.290627,0.9479049,0.663932
5.71,4.879944,42.58667,-0.006,-0.001,0.8594694,0.9954634,1.465249
4.78,4.877222,36.70306,-0.027,-0.007,1.544924,0.8969263,0.4191554
3.69,4.853444,5.605,-0.001,0.001,0.75896,0.9918383,1.798239
6.11,4.862056,9.975,0.001,-0.008,0.8476411,0.9954656,1.500175
5.97,4.87975,27.8975,0.041,-0.032,0.9715175,0.9908733,1.179802
5.52,4.917528,55.25917,-0.012,-0.01,0.8322476,0.9953098,1.547205
4.74,4.875556,14.25056,0,-0.057,1.8076,0.8357696,0.250765
6.07,4.837833,-41.32083,0.006,0.065,0.9715175,0.9908733,1.179802
6.08,4.91425,44.06083,0.027,-0.053,0.8099886,0.9947508,1.618527
5.86,4.857833,-34.90639,0.026,-0.022,0.8476411,0.9954656,1.500175
4.39,4.881583,-5.452778,-0.023,0.021,0.9177461,0.9940347,1.307261
5.75,4.935306,52.86944,-0.003,0.008,0.8594694,0.9954634,1.465249
5.33,4.889667,2.508056,0.034,-0.019,1.68409,0.8653929,0.3213205
5.61,4.848667,-53.46139,-0.091,0.083,0.9532177,0.9921292,1.221391
6.42,4.848972,-53.45972,-0.092,0.081,1.302141,0.9458218,0.6506131
6.61,4.898833,1.569444,0.009,-0.003,0.8322476,0.9953098,1.547205
6.37,4.916194,19.48528,0.06,-0.038,0.9352911,0.9931827,1.263889
3.72,4.904194,2.440556,0,0,0.7558053,0.9915778,1.810148
4.47,4.954778,53.75222,-0.024,0.007,0.8099886,0.9947508,1.618527
5.19,4.913028,11.42611,-0.009,0.032,0.8634652,0.9954395,1.45368
4.65,4.914944,10.15083,0.046,-0.132,0.8515572,0.9954764,1.488497
5.33,4.913278,7.779167,-0.021,-0.027,1.431855,0.9207385,0.5166105
6.06,5.038917,74.26917,0.021,0.034,1.641429,0.8752886,0.3490357
6.07,4.938861,36.16889,-0.017,0.013,0.9901823,0.9894148,1.139147
5.99,4.914083,0.4675,0,0.003,0.7752084,0.9930265,1.738424
6.37,4.937667,24.59222,-0.026,-0.017,0.9532177,0.9921292,1.221391
5.81,4.930639,15.04,0.018,-0.021,0.788763,0.9938273,1.690417
2.69,4.949889,33.16611,0.003,-0.018,1.617176,0.880828,0.3656496
6.5,4.932889,5.399167,-0.004,-0.009,0.8247156,0.9951659,1.57089
5.7,4.918556,-16.74056,0.008,0.001,1.279166,0.9499515,0.6774598
4.07,4.939528,13.51444,-0.074,-0.047,1.389962,0.9291172,0.5571284
5.72,4.921833,-16.41778,0.01,0.045,1.233874,0.9577577,0.733708
5.51,4.940056,-5.171389,-0.008,-0.007,0.7718961,0.9928048,1.750413
6.72,4.925056,-25.72778,0.018,0.028,0.9264704,0.9936338,1.285468
6.1,4.915222,-39.62861,-0.003,0.022,1.550918,0.8956152,0.4144755
5.48,4.956194,17.15361,-0.013,-0.007,1.485238,0.9097234,0.468343
5.79,4.963528,23.94861,0.008,-0.007,1.366313,0.9337484,0.580982
6.66,5.070278,73.76389,0.021,-0.016,1.302141,0.9458218,0.6506131
6.08,4.996194,53.15556,-0.014,-0.009,1.57494,0.8903149,0.3961679
5.96,5.077722,74.06694,0.013,-0.016,1.302141,0.9458218,0.6506131
5.81,4.969278,25.05028,0.022,-0.048,0.8172955,0.9949792,1.594669
6.23,4.954778,-1.067222,-0.037,-0.028,0.9949045,0.9890186,1.129132
4.94,4.987611,37.89028,0.04,-0.101,0.8322476,0.9953098,1.547205
6.03,5.026639,61.07806,0.008,-0.175,0.9901823,0.9894148,1.139147
6.19,5.047333,66.82278,0.066,-0.345,1.023699,0.9863767,1.070307
6.15,4.962444,-14.23139,0.01,0.011,0.7465358,0.9907548,1.845714
6.35,4.969667,-2.2125,-0.003,0.025,0.8555,0.9954757,1.476855
6.12,4.914722,-58.54722,0.101,0.077,1.004415,0.9881883,1.109282
6.41,4.891806,-66.67556,0,0.01,1.677979,0.8668221,0.3251773
5.95,5.005083,39.39472,-0.017,0.004,0.9901823,0.9894148,1.139147
6.09,4.983167,14.54278,0.006,-0.017,0.8322476,0.9953098,1.547205
4.47,4.975806,1.714167,-0.002,-0.003,1.538936,0.8982318,0.4238772
6.58,5.006444,39.655,0.002,0.006,1.302141,0.9458218,0.6506131
4.03,5.056972,60.44222,-0.006,-0.016,1.256405,0.9539321,0.7051516
5.66,4.983694,-16.37583,-0.141,0.148,0.9996489,0.9886097,1.119177
2.99,5.032806,43.82333,-0.001,-0.004,1.053264,0.9832854,1.013674
6.28,4.884861,-72.4075,-0.052,0.276,1.043325,0.9843654,1.032307
5.38,4.997333,-10.26333,0.02,-0.135,1.189549,0.9649212,0.7934883
7.03,5.009056,3.615278,0.025,0.001,1.302141,0.9458218,0.6506131
6.66,5.009417,3.616111,0.007,-0.012,0.792227,0.9940051,1.678416
4.79,4.998833,-12.5375,0.045,-0.091,0.9220961,0.9938405,1.296338
3.75,5.041306,41.07583,0.009,-0.022,1.431855,0.9207385,0.5166105
6.32,5.011056,-2.065556,-0.019,0.008,0.9308688,0.9934145,1.274651
6.22,5.013611,-5.753333,0.551,-1.094,1.336976,0.9393615,0.611885
6.14,5.055167,41.44167,0.002,-0.004,0.8797096,0.9952256,1.40781
6.51,5.53,85.93861,0.013,-0.079,0.9487008,0.9924115,1.231931
4.81,5.023972,-7.173889,0.003,0.008,0.7526829,0.9913102,1.822032
5.92,5.030639,0.7222222,0.001,-0.012,1.461477,0.9146789,0.4893029
6.24,5.033333,1.608889,-0.009,0.012,0.8027965,0.9944818,1.64245
4.64,5.051583,21.59,0.066,-0.042,0.8797096,0.9952256,1.40781
4.91,5.023778,-20.05194,0.034,-0.015,0.799244,0.9943325,1.65443
5.08,5.102361,58.9725,-0.005,-0.008,0.788763,0.9938273,1.690417
6.08,5.103389,59.02111,-0.001,-0.031,1.372211,0.932602,0.5749471
6.04,5.10825,61.17,0.036,-0.075,1.520997,0.9021141,0.4382997
5.85,5.045972,-4.209722,0.055,0.016,1.42594,0.9219321,0.5222255
6.14,5.070694,30.49472,0.001,-0.005,1.42594,0.9219321,0.5222255
6.62,5.076917,32.32028,-0.011,-0.07,0.9264704,0.9936338,1.285468
5.02,5.036056,-26.275,0.089,-0.073,1.342822,0.9382551,0.6056062
5.47,4.919778,-74.93694,0.024,0.059,1.611126,0.8821995,0.369895
7.24,5.106111,54.40583,-0.014,0.028,1.302141,0.9458218,0.6506131
6.03,5.02625,-39.71806,-0.001,0.03,1.233874,0.9577577,0.733708
6.6,5.077194,27.69611,0.019,-0.031,0.9134204,0.9942164,1.318236
6.19,5.072667,21.27806,0.02,-0.015,1.491187,0.9084697,0.4632215
5.75,5.045806,-22.795,0.059,0.023,1.420028,0.9231197,0.5278929
5.94,5.039667,-31.77139,-0.002,0.082,1.40184,0.9267572,0.5454844
6.41,5.160194,69.63944,0.056,-0.063,1.366313,0.9337484,0.580982
5,5.111278,51.59778,-0.03,-0.173,0.9532177,0.9921292,1.221391
4.68,5.076139,15.40417,0.016,-0.034,0.7957208,0.9941736,1.666419
6.52,5.10025,35.93639,-0.011,-0.01,0.8797096,0.9952256,1.40781
6.41,5.064444,-14.36944,-0.009,0.033,0.7558053,0.9915778,1.810148
3.17,5.108583,41.23444,0.029,-0.068,0.7558053,0.9915778,1.810148
6.44,5.09225,19.80639,-0.009,-0.022,0.9005912,0.994687,1.351465
5.43,5.206222,73.94667,0,-0.025,0.7752084,0.9930265,1.738424
6.2,5.113778,43.17472,0.005,0,0.9996489,0.9886097,1.119177
5.61,5.064806,-24.38778,0.024,-0.028,0.8555,0.9954757,1.476855
6.05,5.081806,-3.039722,0.001,-0.001,0.7785514,0.9932398,1.726427
6.41,5.162361,64.91944,-0.015,-0.182,0.9854823,0.9897984,1.149222
6.17,5.089917,1.1775,0.012,-0.007,2.849864,0.5539441,-0.028226
5.38,5.046833,-49.15139,-0.044,0.024,0.9949045,0.9890186,1.129132
6.37,5.243222,76.47278,-0.007,-0.008,0.8099886,0.9947508,1.618527
6.31,5.065,-41.745,0.027,0.152,1.048284,0.9838315,1.02296
4.55,5.073444,-35.48333,0.129,-0.051,1.420028,0.9231197,0.5278929
6.34,5.073917,-35.70528,0.028,0.038,0.9397373,0.9929382,1.253181
3.19,5.091028,-22.37111,0.025,-0.074,1.57494,0.8903149,0.3961679
5.73,5.087833,-26.1525,0.007,-0.065,1.40184,0.9267572,0.5454844
5,5.124167,18.645,0.537,0.016,1.10937,0.9764765,0.9155611
5.12,5.112694,-4.655,0.016,0.008,0.7957208,0.9941736,1.666419
5.3,5.130111,20.41833,-0.047,-0.034,0.8515572,0.9954764,1.488497
5.5,5.135167,24.26528,0,-0.004,0.8398899,0.9954101,1.523629
5.89,5.132083,21.70472,0.005,-0.006,0.8921627,0.9949391,1.373863
6.05,5.110194,-13.12194,0.019,0.035,0.7957208,0.9941736,1.666419
6.17,5.127306,9.471944,-0.003,-0.378,1.093832,0.9784774,0.941588
5.03,5.082778,-49.57778,0.071,-0.003,1.59301,0.8862817,0.3828574
5.34,5.131361,8.498333,0.024,-0.065,0.9532177,0.9921292,1.221391
5.97,5.123611,-12.49056,0.14,-0.08,1.08357,0.9797518,0.959243
2.79,5.130833,-5.086389,-0.095,-0.081,0.8674873,0.9954039,1.442151
6.27,5.0835,-54.4075,0.002,0,1.623231,0.8794511,0.3614414
5.68,5.178583,46.96222,0.055,-0.147,0.9949045,0.9890186,1.129132
6.02,5.171917,37.30194,0.004,-0.006,1.146286,0.9713996,0.8569388
6.01,5.162528,28.03056,0.054,-0.06,0.9264704,0.9936338,1.285468
5.78,5.138944,-8.665,0.005,-0.012,0.7957208,0.9941736,1.666419
5.43,5.155444,9.829444,0.064,-0.007,0.9134204,0.9942164,1.318236
5.12,5.145444,-4.456111,0.044,0.017,1.004415,0.9881883,1.109282
4.72,5.091833,-57.47278,-0.03,0.115,1.043325,0.9843654,1.032307
6.17,5.217556,61.85,0.011,0.006,0.8247156,0.9951659,1.57089
4.82,5.161667,15.59722,0.002,-0.013,0.9487008,0.9924115,1.231931
5.31,5.045278,-71.31444,-0.005,0.004,1.302141,0.9458218,0.6506131
6.5,5.225361,62.69139,-0.036,0.006,0.9005912,0.994687,1.351465
4.27,5.152444,-8.754167,0.002,-0.004,0.7526829,0.9913102,1.822032
6.52,5.137444,-35.71833,0.009,0.001,1.348679,0.9371404,0.5993768
6.1,5.167556,-0.5652778,0.001,-0.053,1.360425,0.934887,0.587065
6.29,5.003667,-78.30028,-0.023,-0.012,1.605082,0.8835657,0.3741778
5.74,5.303694,73.26806,-0.005,-0.033,1.302141,0.9458218,0.6506131
5.18,5.194889,16.04556,0.005,0.007,1.59301,0.8862817,0.3828574
6.25,5.182778,-2.253889,0.075,-0.145,1.290627,0.9479049,0.663932
5.05,5.375972,79.23111,-0.082,0.161,1.018846,0.9868484,1.07996
5.9,5.188667,-2.490833,0.079,0.001,1.014014,0.9873076,1.089673
6.15,5.253139,59.40556,0.012,-0.014,1.407792,0.9255665,0.539732
4.86,5.223806,38.48444,-0.018,-0.075,0.8879863,0.9950467,1.385133
6.67,5.194833,0.5147222,0.015,0.003,0.792227,0.9940051,1.678416
5.89,5.195917,1.036944,-0.012,-0.015,1.114588,0.9757859,0.9070064
6.2,5.245639,53.21389,0,0.001,0.843752,0.9954435,1.511886
5.68,5.189667,-11.84917,0.028,0.056,1.57494,0.8903149,0.3961679
6.41,5.179028,-25.90944,-0.015,0.059,1.449618,0.9171209,0.5000749
5.2,5.126111,-63.39972,0.015,-0.047,1.690208,0.8639587,0.3174968
4.45,5.204972,-11.86917,0.027,-0.015,0.781925,0.9934445,1.714426
5.91,5.213389,-6.057222,0.027,-0.032,1.279166,0.9499515,0.6774598
4.46,5.221528,2.861111,0.001,-0.006,1.414119,0.924301,0.5336135
6.57,5.193306,-37.39528,0.007,0.004,1.671872,0.8682461,0.3290678
6.27,5.102583,-73.03778,0.016,0.064,0.8136278,0.9948701,1.606589
6.09,5.225444,1.968056,0.01,0.012,0.9949045,0.9890186,1.129132
3.31,5.215528,-16.20556,0.043,-0.026,0.7785514,0.9932398,1.726427
6.32,5.229778,0.5602778,0.003,-0.025,1.57494,0.8903149,0.3961679
6.37,5.225917,-8.147778,0.002,0,0.7718961,0.9928048,1.750413
4.36,5.220528,-12.94139,-0.014,-0.009,0.781925,0.9934445,1.714426
5.02,5.256778,32.68778,-0.024,0.014,0.9091193,0.9943857,1.329262
6.5,5.288278,53.58611,0.016,-0.021,1.696332,0.8625193,0.3137062
0.08,5.278167,45.99806,0.076,-0.425,1.189549,0.9649212,0.7934883
5.5,5.245583,5.156111,-0.001,0.004,1.520997,0.9021141,0.4382997
6.21,5.233306,-14.60667,-0.003,0.009,0.9715175,0.9908733,1.179802
6.27,5.257694,22.28472,-0.008,-0.011,0.8476411,0.9954656,1.500175
5.96,5.271722,34.31194,0.008,0.03,0.9048428,0.9945425,1.340338
0.12,5.242306,-8.201667,0,-0.001,0.8063781,0.9946213,1.630482
6.6,5.730194,85.66806,-0.016,0.002,1.302141,0.9458218,0.6506131
6.98,5.229583,-35.82556,0.036,-0.051,1.580958,0.888976,0.3916917
5.85,4.980806,-82.47056,-0.011,0.004,1.262074,0.9529513,0.6981484
6.15,5.255111,-1.409167,-0.043,0.037,0.9808048,0.9901694,1.159356
5.56,5.267806,11.34139,-0.009,-0.005,0.8027965,0.9944818,1.64245
6.13,5.324389,58.11722,0.004,-0.021,0.8063781,0.9946213,1.630482
5.61,5.339611,62.65361,-0.003,-0.002,1.751717,0.8493406,0.2810216
5.76,5.241333,-35.97722,0.016,0.004,1.307917,0.9447668,0.6440313
5.48,5.304417,42.79222,0.038,-0.023,1.690208,0.8639587,0.3174968
5.07,5.25675,-26.94333,0.01,-0.018,0.781925,0.9934445,1.714426
6.42,5.278083,1.947222,-0.011,-0.009,0.8099886,0.9947508,1.618527
6.18,5.311222,40.465,0.017,-0.015,1.520997,0.9021141,0.4382997
4.54,5.302972,33.37167,0.045,-0.16,1.461477,0.9146789,0.4893029
6.05,5.231472,-52.03111,-0.004,-0.024,1.532952,0.8995316,0.4286416
6.14,5.30525,33.76722,0.012,-0.03,0.7957208,0.9941736,1.666419
4.71,5.319028,40.09917,0.519,-0.664,1.098992,0.9778222,0.9328517
6.66,5.263056,-34.92667,-0.018,0.026,0.8756096,0.995297,1.419215
6.56,5.280028,-17.14167,-0.012,0.022,0.7621466,0.9920915,1.786308
5.41,5.316667,33.74833,0.011,-0.025,0.7526829,0.9913102,1.822032
6.62,5.333972,44.42556,0.004,-0.01,1.302141,0.9458218,0.6506131
6.49,5.323222,33.98556,0.009,-0.01,0.9134204,0.9942164,1.318236
3.6,5.293444,-6.844444,-0.015,-0.008,0.7785514,0.9932398,1.726427
6.54,5.34425,46.96389,0.002,-0.002,1.08357,0.9797518,0.959243
5.5,5.2945,-13.51972,-0.012,-0.046,1.262074,0.9529513,0.6981484
5.52,5.337444,41.08611,-0.002,-0.058,0.8594694,0.9954634,1.465249
4.94,5.321278,22.09639,0.012,-0.083,1.262074,0.9529513,0.6981484
5.03,5.333583,33.95806,0.001,0.002,0.9264704,0.9936338,1.285468
6.08,5.32075,20.13472,-0.039,-0.027,1.307917,0.9447668,0.6440313
6.49,5.260806,-52.18194,0.022,0.027,1.42594,0.9219321,0.5222255
4.83,5.291417,-34.89528,0.09,-0.337,1.302141,0.9458218,0.6506131
4.83,5.229278,-67.18528,0.019,0.036,1.467412,0.9134489,0.4839908
6.56,5.490472,77.9775,0.011,-0.017,0.8715355,0.9953564,1.430662
5.34,5.319778,2.595833,-0.017,-0.047,0.9901823,0.9894148,1.139147
5.96,5.314,-18.13,0.381,0.058,1.073387,0.9809783,0.977142
6.34,5.326444,-1.412222,-0.007,-0.006,0.7785514,0.9932398,1.726427
5.23,5.363444,41.80444,0.018,-0.037,0.765365,0.9923371,1.774358
6.33,5.349806,27.95722,-0.013,-0.016,0.8322476,0.9953098,1.547205
5.28,5.391056,57.54444,0.013,-0.055,0.8063781,0.9946213,1.630482
5.76,5.353528,29.57,0.004,0.004,0.8398899,0.9954101,1.523629
6.36,5.321528,-18.52,0.012,0.01,0.7621466,0.9920915,1.786308
6.54,5.32175,-18.50972,0.005,-0.002,0.7785514,0.9932398,1.726427
6.18,5.349056,19.81417,-0.006,-0.015,1.437773,0.9195387,0.5110475
4.29,5.32625,-13.17667,-0.001,-0.003,0.7317508,0.9892593,1.904259
5.3,5.333083,-12.31556,-0.006,0.009,0.7752084,0.9930265,1.738424
5.99,5.32325,-27.36889,0,-0.01,0.8027965,0.9944818,1.64245
6.39,5.340667,-5.366667,-0.011,0.029,0.8063781,0.9946213,1.630482
5.54,5.380639,41.02944,-0.013,0.005,0.8634652,0.9954395,1.45368
6.57,5.355361,4.011944,-0.003,-0.009,0.7853289,0.9936404,1.702421
4.71,5.340806,-21.23944,0.005,0,0.799244,0.9943325,1.65443
5.8,5.362111,8.428611,0.003,-0.006,0.7718961,0.9928048,1.750413
5.68,5.358833,-0.4163889,-0.003,0.002,0.7752084,0.9930265,1.738424
4.73,5.362694,-0.3825,0,-0.001,0.75896,0.9918383,1.798239
6.34,5.339056,-34.69889,-0.007,-0.004,0.9532177,0.9921292,1.221391
5.45,5.322806,-50.60611,0.028,0.224,1.038387,0.9848868,1.041715
6.46,5.389694,28.93667,0.019,-0.03,0.8027965,0.9944818,1.64245
6.56,5.364167,-13.75611,0.008,-0.007,0.7853289,0.9936404,1.702421
5,5.380556,3.544444,-0.004,-0.002,0.765365,0.9923371,1.774358
5.06,5.362833,-24.77306,-0.024,-0.013,1.119825,0.9750837,0.8985121
6.09,5.354694,-34.34528,0.009,0.001,0.7526829,0.9913102,1.822032
4.99,5.410889,37.38556,0.001,-0.008,1.550918,0.8956152,0.4144755
6.08,5.393806,16.69944,-0.029,-0.017,0.8715355,0.9953564,1.430662
6.28,5.410639,31.22389,-0.043,-0.009,1.443694,0.9183328,0.5055358
5.94,5.410694,31.14306,-0.011,-0.007,0.8322476,0.9953098,1.547205
6.35,5.391972,5.3225,-0.024,-0.003,0.8634652,0.9954395,1.45368
5.9,5.388472,-8.415833,0.003,-0.016,0.8063781,0.9946213,1.630482
6.55,5.420278,34.85528,-0.007,-0.039,1.366313,0.9337484,0.580982
4.99,5.407056,17.38333,0.246,-0.009,1.048284,0.9838315,1.02296
5.7,5.395083,-0.1597222,-0.009,0.003,0.7465358,0.9907548,1.845714
6.11,5.397611,-0.8672222,-0.004,-0.009,1.03347,0.9853959,1.051185
5.25,5.391722,-13.92722,0.002,0.004,0.7465358,0.9907548,1.845714
4.14,5.399111,-7.808056,-0.015,-0.043,1.279166,0.9499515,0.6774598
6.49,5.386667,-26.70583,0.029,0.009,1.03347,0.9853959,1.051185
6.32,5.410056,2.352778,0.011,-0.007,0.765365,0.9923371,1.774358
5.08,5.408028,-0.8913889,-0.005,0.132,1.279166,0.9499515,0.6774598
3.36,5.407944,-2.396944,0.002,0,0.75896,0.9918383,1.798239
4.95,5.412444,1.846389,0.001,0.001,0.749593,0.9910358,1.833889
1.64,5.418861,6.349722,-0.009,-0.014,0.7435117,0.9904674,1.857505
1.65,5.438194,28.6075,0.022,-0.175,0.7718961,0.9928048,1.750413
5.65,5.407889,-16.97611,0.015,-0.027,0.8172955,0.9949792,1.594669
5.71,5.39,-39.67861,0.028,0.003,1.671872,0.8682461,0.3290678
6.15,5.448417,35.45722,-0.018,-0.011,1.568927,0.8916483,0.4006839
5.94,5.446917,34.39167,0.007,-0.011,0.8715355,0.9953564,1.430662
6.15,5.447583,33.26278,0.013,0,1.389962,0.9291172,0.5571284
6.82,5.394167,-37.33667,0.034,0.008,1.325317,0.9415493,0.6245921
6.25,5.434917,16.70028,-0.009,-0.003,0.788763,0.9938273,1.690417
5.61,5.417111,-10.32917,-0.017,-0.022,1.635357,0.8766814,0.3531348
6.57,5.425333,-0.5441667,0.012,-0.007,0.799244,0.9943325,1.65443
6.11,5.372806,-56.13444,-0.005,0.02,0.781925,0.9934445,1.714426
5.42,5.502833,63.06722,-0.006,-0.005,1.727041,0.8552473,0.295236
6.16,5.429722,0.5208333,-0.005,0.019,0.7558053,0.9915778,1.810148
5.74,5.452306,30.20861,0.008,-0.01,0.8797096,0.9952256,1.40781
5.07,5.460806,34.47583,-0.003,-0.047,1.538936,0.8982318,0.4238772
6.23,5.434,-5.518333,0.013,0.008,0.7957208,0.9941736,1.666419
6.42,5.444111,6.869167,0.003,-0.012,0.8099886,0.9947508,1.618527
5.42,5.452806,17.96222,0.005,-0.022,0.781925,0.9934445,1.714426
6.16,5.453833,15.25778,-0.014,-0.002,0.8476411,0.9954656,1.500175
4.88,5.460583,21.93694,0.002,-0.007,0.765365,0.9923371,1.774358
4.59,5.447278,3.095556,0.002,-0.004,0.7465358,0.9907548,1.845714
5.89,5.433278,-19.69556,0.004,-0.022,0.9854823,0.9897984,1.149222
6.08,5.415444,-44.22583,0.003,0.005,1.420028,0.9231197,0.5278929
5.5,5.462667,15.87417,0.006,-0.022,0.8209915,0.9950778,1.582768
6.51,5.207139,-81.54167,0.011,0.05,1.366313,0.9337484,0.580982
5.77,5.467111,17.23889,0.02,-0.049,1.677979,0.8668221,0.3251773
6.35,5.451333,-11.90083,0.019,-0.049,1.038387,0.9848868,1.041715
6.27,5.412833,-52.31639,-0.012,-0.031,0.843752,0.9954435,1.511886
6.35,5.476333,13.67889,0.014,-0.018,0.8756096,0.995297,1.419215
6.41,5.467111,1.298333,0.018,0.003,0.7558053,0.9915778,1.810148
5.47,5.487917,25.15056,0.01,-0.032,0.8027965,0.9944818,1.64245
6.24,5.494611,29.18639,0.022,-0.054,1.009204,0.9877542,1.099447
6.07,5.460139,-21.37556,0.013,0.036,1.325317,0.9415493,0.6245921
6,5.5135,41.46194,0.002,-0.035,1.366313,0.9337484,0.580982
6.37,5.512528,39.82583,0.021,-0.041,1.28489,0.9489328,0.6706696
6.39,5.482417,-3.3075,-0.035,-0.015,0.8136278,0.9948701,1.606589
5.87,5.451472,-40.94361,0.011,0.096,0.9091193,0.9943857,1.329262
6.48,5.542722,57.22111,0.113,-0.222,1.068326,0.9815733,0.9861831
2.84,5.47075,-20.75944,-0.004,-0.089,1.200534,0.963193,0.7782043
5.79,5.489889,-3.446389,-0.044,-0.008,1.389962,0.9291172,0.5571284
6.29,5.512056,22.4625,0.043,-0.016,1.407792,0.9255665,0.539732
5.94,5.50725,15.36028,-0.027,-0.05,0.8715355,0.9953564,1.430662
5.78,5.498556,1.789167,0.008,-0.004,0.749593,0.9910358,1.833889
4.71,5.495556,-1.092222,0.004,-0.023,1.641429,0.8752886,0.3490357
5.57,5.470917,-37.23056,0.009,0.074,0.8247156,0.9951659,1.57089
5.14,5.438694,-58.9125,-0.008,0.028,1.302141,0.9458218,0.6506131
6.21,5.5055,4.204167,0.002,-0.048,1.461477,0.9146789,0.4893029
6.75,5.485194,-30.11667,-0.003,0.014,1.336976,0.9393615,0.611885
4.2,5.513083,5.948056,0.012,-0.034,0.7686149,0.9925749,1.762392
6.33,5.50575,-7.434722,-0.013,0.001,0.7526829,0.9913102,1.822032
5.46,5.520694,3.292222,0.001,0.003,0.7558053,0.9915778,1.810148
4.76,5.545472,32.19194,-0.002,-0.003,0.957758,0.9918342,1.210907
6.17,5.662139,75.04389,-0.008,0.025,1.641429,0.8752886,0.3490357
4.38,5.536889,18.59444,0.002,-0.001,1.952684,0.7994306,0.1831971
6.55,5.557972,42.10889,-0.001,-0.001,0.8099886,0.9947508,1.618527
5.46,5.537278,17.05806,-0.002,-0.009,0.8027965,0.9944818,1.64245
6.22,5.522472,-6.708333,0.01,0,0.75896,0.9918383,1.798239
5.55,5.518778,-20.86361,0.005,-0.044,0.8172955,0.9949792,1.594669
6.48,5.557639,32.80111,0.008,-0.063,0.8515572,0.9954764,1.488497
6.85,5.533472,-0.2844444,0.009,-0.004,0.7621466,0.9920915,1.786308
2.23,5.533444,-0.2991667,0.001,-0.002,0.7435117,0.9904674,1.857505
6.26,5.621167,66.69611,-0.01,-0.031,1.302141,0.9458218,0.6506131
6.27,5.560556,34.72583,-0.038,-0.008,0.8756096,0.995297,1.419215
4.62,5.532167,-7.301389,-0.001,-0.005,0.7317508,0.9892593,1.904259
5.46,5.502639,-47.07778,0.025,-0.137,1.093832,0.9784774,0.941588
6.15,5.620861,64.15472,0.003,-0.07,0.8209915,0.9950778,1.582768
5.69,5.558778,18.54028,-0.002,0,0.8209915,0.9950778,1.582768
6.03,5.45,-68.62278,0.001,-0.019,0.957758,0.9918342,1.210907
6.18,5.560778,20.47417,-0.004,-0.012,0.792227,0.9940051,1.678416
5.35,5.544806,-1.591944,-0.001,-0.009,0.7526829,0.9913102,1.822032
3.87,5.520194,-35.47056,0.022,-0.035,1.384036,0.9302863,0.5630207
6.46,5.552,-1.718333,-0.025,-0.04,0.7853289,0.9936404,1.702421
5.64,5.565083,14.30556,-0.001,-0.009,0.7686149,0.9925749,1.762392
2.58,5.5455,-17.82222,0.001,0.002,0.9005912,0.994687,1.351465
5.73,5.609778,54.42889,-0.013,-0.002,1.677979,0.8668221,0.3251773
6.59,5.488167,-62.31444,0.01,-0.023,1.617176,0.880828,0.3656496
5.34,5.558722,-1.156111,-0.004,0,0.7558053,0.9915778,1.810148
6.11,5.604417,47.71528,0.012,-0.018,0.9220961,0.9938405,1.296338
5.86,5.526694,-45.92528,0.028,0.038,1.509061,0.9046737,0.4481333
6.59,5.566,1.407778,0.009,0.004,0.75896,0.9918383,1.798239
5.36,5.571306,3.766944,-0.031,-0.018,0.836055,0.9953655,1.535403
6.22,5.56775,-1.035556,0.007,0.001,0.75896,0.9918383,1.798239
5.93,5.567778,-1.470556,-0.012,-0.033,1.629291,0.8780689,0.3572699
5.38,5.590861,24.03944,0.01,-0.024,0.7853289,0.9936404,1.702421
4.41,5.580333,9.489444,0.002,-0.004,0.7621466,0.9920915,1.786308
5.48,5.547583,-38.51306,0.04,-0.002,1.431855,0.9207385,0.5166105
6.27,5.59875,27.66222,-0.025,-0.039,1.623231,0.8794511,0.3614414
3.54,5.585639,9.934167,0,-0.006,0.7558053,0.9915778,1.810148
5.61,5.585694,9.935,0.001,-0.006,0.8322476,0.9953098,1.547205
5.78,5.552056,-35.13972,0.097,-0.041,1.342822,0.9382551,0.6056062
6.19,5.504417,-63.92778,0.009,0.054,0.9048428,0.9945425,1.340338
5.6,5.587056,10.24,0.022,-0.008,0.8634652,0.9954395,1.45368
6.09,5.614556,40.18222,-0.002,-0.01,1.319505,0.9426305,0.6310211
6.11,6.022278,85.18222,0.011,0,1.641429,0.8752886,0.3490357
5.67,5.583583,-6.009167,-0.011,0,0.7405209,0.9901739,1.869259
4.78,5.584083,-6.001944,0.004,0.002,0.7346401,0.9895696,1.892639
6.53,5.564472,-29.84889,0.014,0.021,0.8099886,0.9947508,1.618527
6.49,5.608389,25.93944,0.014,0.003,0.9996489,0.9886097,1.119177
6.56,5.589389,-4.493333,-0.011,0.03,0.7718961,0.9928048,1.750413
6.24,5.589583,-4.425278,0.022,-0.027,0.765365,0.9923371,1.774358
4.59,5.589778,-4.838333,0.004,0,0.7526829,0.9913102,1.822032
6.73,5.58775,-5.387222,0.005,0.002,0.8247156,0.9951659,1.57089
7.96,5.587806,-5.385278,0.005,0.002,0.9134204,0.9942164,1.318236
5.13,5.587917,-5.389722,0.004,0.002,0.8247156,0.9951659,1.57089
6.7,5.588139,-5.387778,0.005,0.002,0.8515572,0.9954764,1.488497
5.08,5.589694,-5.416111,0.001,0.005,0.7853289,0.9936404,1.702421
6.38,5.591972,-4.364722,0.002,-0.021,0.7686149,0.9925749,1.762392
2.77,5.590556,-5.91,0,0.001,0.7375636,0.9898745,1.880971
6.4,5.593278,-3.252778,-0.008,0,0.7752084,0.9930265,1.738424
5.26,5.594306,-4.855833,0.009,0.011,0.9134204,0.9942164,1.318236
5.83,5.619111,26.92417,0.011,-0.025,0.792227,0.9940051,1.678416
1.7,5.603556,-1.201944,0.001,-0.002,0.7526829,0.9913102,1.822032
6.33,5.629361,33.55917,0.003,0,1.485238,0.9097234,0.468343
5.54,5.617722,17.04028,0.045,-0.031,0.9048428,0.9945425,1.340338
6.54,5.604167,-5.648056,0,-0.004,0.7558053,0.9915778,1.810148
4.09,5.615083,9.290556,0.091,-0.305,1.273455,0.9509609,0.6843027
5.94,5.617889,11.035,0.051,-0.018,1.647506,0.8738905,0.3449722
5.78,5.587611,-33.08,0.02,0.109,1.372211,0.932602,0.5749471
3,5.627417,21.1425,0,-0.021,0.7526829,0.9913102,1.822032
5.72,5.609917,-6.065,-0.005,-0.012,0.7435117,0.9904674,1.857505
6.43,5.562333,-54.90222,0.072,0.011,1.058264,0.9827269,1.004449
6.12,5.622028,8.951944,0.001,-0.001,0.75896,0.9918383,1.798239
5.4,5.643917,30.4925,-0.019,-0.009,1.009204,0.9877542,1.099447
6.26,5.602861,-28.70778,0.023,0,0.8674873,0.9954039,1.442151
5.6,5.707333,65.69778,-0.006,-0.018,1.443694,0.9183328,0.5055358
5.34,5.549889,-64.2275,0.041,-0.01,1.325317,0.9415493,0.6245921
6.05,5.624278,-5.938333,0.015,0.002,0.7435117,0.9904674,1.857505
6.11,5.619111,-11.77556,0.02,-0.02,0.836055,0.9953655,1.535403
5.88,5.633639,7.541389,0.007,-0.017,0.792227,0.9940051,1.678416
6.37,5.649278,26.61778,0.024,-0.018,1.302141,0.9458218,0.6506131
3.76,5.560417,-62.48972,0.002,0.009,1.200534,0.963193,0.7782043
6.19,5.6315,-4.813611,0.004,0.021,0.8027965,0.9944818,1.64245
5.96,5.655111,29.21528,0.012,-0.004,0.8797096,0.9952256,1.40781
6.23,5.688972,53.48111,0.002,-0.518,1.211584,0.9614226,0.7631477
6.16,5.62125,-27.87139,0.014,-0.061,0.957758,0.9918342,1.210907
6.11,5.60075,-47.31389,-0.014,-0.017,1.395897,0.9279408,0.5512831
5.18,5.662278,25.89694,0.012,-0.024,0.765365,0.9923371,1.774358
6.34,5.6575,21.76278,-0.004,-0.036,0.8398899,0.9954101,1.523629
6.75,5.584,-58.87111,-0.035,0.017,1.568927,0.8916483,0.4006839
3.81,5.645778,-2.6,0.002,0.001,0.7375636,0.9898745,1.880971
6.65,5.646417,-2.594167,-0.018,0.012,0.7526829,0.9913102,1.822032
5.96,5.643833,-6.573889,-0.015,0.003,0.7405209,0.9901739,1.869259
4.57,5.653083,4.121389,0.001,-0.003,0.7785514,0.9932398,1.726427
5.31,5.629056,-28.68944,-0.034,0.052,1.014014,0.9873076,1.089673
6.32,5.582667,-61.17583,0.006,-0.022,1.217133,0.9605217,0.755704
4.8,5.648083,-7.213056,-0.012,-0.053,0.8674873,0.9954039,1.442151
6.04,5.676639,31.35806,-0.007,-0.02,0.8322476,0.9953098,1.547205
6.11,5.678361,31.92083,0.01,0.006,1.984643,0.7912387,0.1701737
6,5.658667,-3.564722,-0.002,-0.003,0.9264704,0.9936338,1.285468
6.05,5.717111,56.58167,0.014,0.031,1.273455,0.9509609,0.6843027
6.5,5.658556,-9.706667,0.008,-0.014,0.781925,0.9934445,1.714426
6.15,5.735722,61.47667,-0.005,0.001,1.24511,0.9558647,0.7193206
6.38,5.654528,-17.84944,0.001,0.003,0.7752084,0.9930265,1.738424
6.43,5.689167,29.4875,0.019,-0.029,0.7785514,0.9932398,1.726427
4.86,5.68825,16.53389,0.008,-0.018,0.7718961,0.9928048,1.750413
5.82,5.645444,-40.7075,-0.005,0.009,0.7853289,0.9936404,1.702421
2.05,5.679306,-1.942778,0.003,-0.002,0.7465358,0.9907548,1.845714
4.21,5.679333,-1.942778,0.004,-0.002,1.302141,0.9458218,0.6506131
6.22,5.677028,-2.825,0.008,0.01,0.749593,0.9910358,1.833889
6.59,5.6985,23.32639,-0.016,-0.014,0.7957208,0.9941736,1.666419
4.95,5.680722,-1.128889,-0.012,-0.006,0.7465358,0.9907548,1.845714
5.19,5.531361,-76.34111,0.111,0.283,1.378119,0.9314479,0.5689601
6.36,5.701083,22.66028,-0.011,-0.021,1.302141,0.9458218,0.6506131
5.93,5.684889,0.3377778,0.015,0.028,0.9397373,0.9929382,1.253181
2.64,5.660806,-34.07417,0.007,-0.026,0.7752084,0.9930265,1.738424
6.52,5.679444,-10.40944,-0.03,-0.03,0.7621466,0.9920915,1.786308
5.45,5.663833,-32.62917,-0.022,-0.029,1.256405,0.9539321,0.7051516
6.42,5.694528,-2.896111,0.041,0.03,0.9397373,0.9929382,1.253181
6.31,5.615194,-66.56028,-0.022,0.01,0.792227,0.9940051,1.678416
6.21,5.722083,23.20417,-0.001,-0.022,0.7957208,0.9941736,1.666419
6.21,5.694861,-16.72556,-0.005,0.009,0.7718961,0.9928048,1.750413
4.91,5.707944,1.474722,-0.058,-0.015,1.40184,0.9267572,0.5454844
5.78,5.579083,-73.74139,-0.003,0.033,1.727041,0.8552473,0.295236
6.15,5.703972,-17.53028,-0.036,0.007,1.526972,0.9008257,0.4334489
6.34,5.690833,-33.40056,0.014,-0.002,0.8027965,0.9944818,1.64245
6.02,5.714944,-6.796111,-0.003,0.068,0.9854823,0.9897984,1.149222
5.87,5.703861,-22.37361,-0.004,0.018,0.8594694,0.9954634,1.465249
5.94,5.775111,56.11556,0.019,-0.056,0.8838352,0.9951422,1.396449
6.31,5.71925,-1.613056,0.003,-0.026,1.580958,0.888976,0.3916917
5.47,5.765,49.82639,-0.01,0.001,0.8284677,0.9952433,1.559035
6.19,5.703222,-30.53556,0.002,0.007,0.8209915,0.9950778,1.582768
5.29,5.704194,-34.66778,-0.008,0.051,0.799244,0.9943325,1.65443
6.58,5.76375,40.50722,-0.031,-0.005,0.9177461,0.9940347,1.307261
5.73,5.722667,-18.5575,0.016,-0.015,0.8136278,0.9948701,1.606589
6.13,5.818028,62.80806,-0.007,-0.01,1.302141,0.9458218,0.6506131
6.95,5.760944,20.695,-0.001,0,2.580873,0.6300915,0.009862133
6.09,5.750528,4.008056,0.02,-0.019,0.9442073,0.9926812,1.242528
6.29,5.787417,42.52667,0.009,-0.088,1.509061,0.9046737,0.4481333
6.34,5.741222,-20.12639,-0.016,0.046,1.073387,0.9809783,0.977142
6.25,5.725056,-39.40694,0.051,-0.002,0.9715175,0.9908733,1.179802
6.15,5.740694,-22.42167,-0.309,-0.353,1.267758,0.9519608,0.6911988
3.6,5.741056,-22.44833,-0.293,-0.37,1.018846,0.9868484,1.07996
6.39,5.728083,-45.83306,0.029,0.091,0.9352911,0.9931827,1.263889
6,5.779306,15.8225,0.004,-0.004,0.7957208,0.9941736,1.666419
6.34,5.767444,-4.268333,0,-0.068,1.331141,0.9404596,0.6182135
5.79,5.781139,9.522222,-0.034,-0.065,1.233874,0.9577577,0.733708
5.95,5.776389,1.168056,-0.073,-0.148,1.17863,0.9666066,0.8090019
5.72,5.787,14.48833,0.01,-0.039,0.8322476,0.9953098,1.547205
5.49,5.790611,17.72917,-0.005,-0.006,0.9397373,0.9929382,1.253181
6.05,5.593417,-78.82083,0.008,0.017,0.8099886,0.9947508,1.618527
6.54,5.842778,56.91889,-0.009,-0.008,1.302141,0.9458218,0.6506131
5.29,5.79525,13.89972,0.002,-0.012,0.75896,0.9918383,1.798239
6.2,5.882083,68.47139,0.005,-0.051,1.273455,0.9509609,0.6843027
4.52,5.819583,39.18111,-0.025,-0.022,1.267758,0.9519608,0.6911988
5.17,5.766639,-32.30639,0.009,-0.025,0.7260756,0.9886238,1.927342
6.07,5.806222,20.86944,0.014,-0.016,0.788763,0.9938273,1.690417
3.55,5.782583,-14.82194,-0.016,-0.001,0.8555,0.9954757,1.476855
5.27,5.800056,6.454167,0.007,-0.019,0.9091193,0.9943857,1.329262
6.17,5.785444,-16.23778,-0.034,0.003,1.239485,0.9568162,0.7264869
6.03,5.79075,-10.53306,-0.029,-0.024,0.8797096,0.9952256,1.40781
4.86,5.816944,24.5675,-0.004,-0.023,1.307917,0.9447668,0.6440313
6.29,5.849,51.51472,0.167,-0.03,1.331141,0.9404596,0.6182135
2.06,5.795944,-9.669722,0.002,-0.002,0.75896,0.9918383,1.798239
6.22,5.784639,-28.63917,0.006,0.006,0.765365,0.9923371,1.774358
6.14,5.8715,58.96417,0.007,-0.023,0.8027965,0.9944818,1.64245
5.97,5.809694,-4.094722,0.062,-0.225,1.104171,0.9771553,0.9241761
5.31,5.774278,-46.59722,0.012,0.004,1.325317,0.9415493,0.6245921
6.32,5.7885,-35.67472,-0.008,0.041,1.407792,0.9255665,0.539732
4.91,5.825806,12.65111,-0.02,-0.024,0.792227,0.9940051,1.678416
4.74,5.850667,37.30556,0.035,-0.047,1.671872,0.8682461,0.3290678
3.97,5.858167,39.14861,-0.005,0.007,1.378119,0.9314479,0.5689601
5.56,5.849472,27.96778,-0.009,0.012,1.28489,0.9489328,0.6706696
5.8,5.834056,9.871111,0.005,-0.01,1.228278,0.9586892,0.7409844
4.35,5.746222,-65.73556,-0.031,0.008,0.9005912,0.994687,1.351465
5.52,5.841361,14.30556,0.006,-0.035,1.307917,0.9447668,0.6440313
6.61,5.799472,-40.6525,0.007,0.032,1.372211,0.932602,0.5749471
6.25,5.857139,32.125,0.001,0.007,1.751717,0.8493406,0.2810216
5.97,5.836972,4.423333,0.005,-0.039,1.515027,0.9033968,0.4431943
3.85,5.788083,-51.06639,0.011,0.085,0.8838352,0.9951422,1.396449
5.49,5.826806,-14.48361,-0.025,-0.044,1.233874,0.9577577,0.733708
5.65,5.619389,-80.46917,0.305,1.054,1.08357,0.9797518,0.959243
6.18,5.786944,-54.36083,-0.016,-0.009,1.538936,0.8982318,0.4238772
5.98,5.841667,2.024444,0.001,-0.015,1.250751,0.9549033,0.7122089
6.45,5.877639,39.57444,-0.026,-0.016,0.8515572,0.9954764,1.488497
5.87,5.831528,-22.97167,-0.014,0.025,0.8398899,0.9954101,1.523629
5.2,5.916056,59.88833,0.001,-0.019,0.8247156,0.9951659,1.57089
5.98,5.877806,33.9175,0.02,0.008,1.659678,0.8710787,0.3369508
4.99,5.914111,55.70694,-0.013,0.02,0.836055,0.9953655,1.535403
6.06,5.873167,19.86806,-0.002,0.003,1.053264,0.9832854,1.013674
5.35,5.856111,-7.518056,-0.001,0.003,0.749593,0.9910358,1.833889
6.38,5.826139,-44.87528,-0.004,0.011,1.461477,0.9146789,0.4893029
5.59,5.872861,14.17167,-0.02,-0.005,0.799244,0.9943325,1.65443
4.58,5.888778,27.61222,0.003,-0.012,0.8099886,0.9947508,1.618527
3.81,5.855361,-20.87917,0.227,-0.649,1.296378,0.9468679,0.6572466
6.17,5.857944,-22.92611,-0.001,-0.018,1.313705,0.943703,0.6375007
4.78,5.874,1.855,-0.007,-0.012,1.526972,0.9008257,0.4334489
6.71,5.888639,20.29917,0.005,-0.01,0.792227,0.9940051,1.678416
5.97,5.868778,-9.041389,-0.027,0.052,0.8555,0.9954757,1.476855
3.12,5.849333,-35.76833,0.059,0.401,1.395897,0.9279408,0.5512831
6.25,5.959722,66.09611,0.048,-0.016,1.515027,0.9033968,0.4431943
4.51,5.830472,-56.16667,0.083,-0.076,1.360425,0.934887,0.587065
6.45,5.866528,-29.44861,-0.004,0.02,1.586981,0.8876316,0.387255
6.35,5.841278,-52.76778,-0.025,0.015,1.167779,0.9682485,0.8247469
6.49,5.937333,51.80389,-0.009,-0.008,1.302141,0.9458218,0.6506131
5.9,5.916389,31.70167,-0.043,-0.176,0.8715355,0.9953564,1.430662
4.41,5.906361,20.27611,-0.189,-0.084,1.078469,0.9803711,0.968162
6.12,5.903722,10.58694,0.006,0.008,1.580958,0.888976,0.3916917
5.17,5.848111,-52.10889,0.006,-0.078,1.296378,0.9468679,0.6572466
6.59,5.908944,11.7625,0.008,-0.068,0.8284677,0.9952433,1.559035
6.31,5.904361,3.225278,0.053,-0.061,1.47335,0.912213,0.4787271
5.92,5.91575,19.74972,-0.003,-0.004,0.75896,0.9918383,1.798239
5.63,5.875889,-37.63111,0.033,-0.031,1.325317,0.9415493,0.6245921
6.47,5.951361,49.02944,0.019,-0.016,1.296378,0.9468679,0.6572466
6.7,5.879917,-38.52583,0.004,-0.004,1.348679,0.9371404,0.5993768
4.87,5.88525,-33.80139,-0.004,0.033,0.765365,0.9923371,1.774358
6,5.91225,0.9683333,0.003,-0.003,1.503099,0.9059449,0.4531172
6.57,5.909639,-4.063889,-0.001,0.02,0.7558053,0.9915778,1.810148
6.2,5.503861,-84.785,-0.008,0.046,0.8099886,0.9947508,1.618527
6.69,5.899278,-19.63833,-0.025,0.004,0.8555,0.9954757,1.476855
0.5,5.919528,7.406944,0.026,0.009,1.81384,0.8342382,0.2475444
6.53,5.796694,-72.70222,-0.011,0.022,1.348679,0.9371404,0.5993768
5.4,5.930361,20.175,0,-0.014,1.296378,0.9468679,0.6572466
5.11,5.831556,-66.90111,-0.016,0.016,0.7686149,0.9925749,1.762392
5.66,5.912111,-11.77389,0.066,0.039,1.617176,0.880828,0.3656496
6.32,5.942722,28.94222,0.003,-0.001,0.9397373,0.9929382,1.253181
6.6,5.934306,13.92528,0.384,-0.467,1.10937,0.9764765,0.9155611
6.36,5.903917,-29.14778,-0.02,-0.051,0.9715175,0.9908733,1.179802
6.55,5.889694,-42.92139,0.012,0.009,1.520997,0.9021141,0.4382997
5.87,5.925083,-4.616389,0.04,-0.017,1.407792,0.9255665,0.539732
6.28,5.9265,-4.788333,-0.011,-0.019,0.8398899,0.9954101,1.523629
5.94,5.872306,-57.15611,0.024,-0.078,1.114588,0.9757859,0.9070064
6.36,5.856389,-64.03361,-0.011,0.016,1.222698,0.9596106,0.7483163
6.02,5.948917,24.24972,0.002,0,0.9808048,0.9901694,1.159356
5.99,5.941111,9.509722,0,-0.001,0.792227,0.9940051,1.678416
5.87,5.947083,11.52111,0.106,-0.058,1.360425,0.934887,0.587065
3.72,5.992111,54.28472,0.081,-0.125,1.302141,0.9458218,0.6506131
6.4,6.085917,75.58583,0.009,-0.01,1.302141,0.9458218,0.6506131
6.44,5.996028,55.32083,-0.015,-0.088,0.9442073,0.9926812,1.242528
6.14,5.996694,54.54722,0.011,-0.035,1.420028,0.9231197,0.5278929
5.89,5.989389,49.92444,-0.002,-0.009,1.437773,0.9195387,0.5110475
5.57,5.914583,-39.95806,-0.014,0.016,1.605082,0.8835657,0.3741778
6.52,5.902972,-50.36194,0.086,0.569,1.24511,0.9558647,0.7193206
4.82,5.966583,25.95389,0,-0.002,0.7957208,0.9941736,1.666419
3.71,5.940083,-14.16778,-0.042,0.139,0.9532177,0.9921292,1.221391
5.96,5.937306,-22.84028,0.119,0.021,1.366313,0.9337484,0.580982
4.97,5.924972,-37.12083,0.032,-0.026,1.366313,0.9337484,0.580982
1.9,5.992139,44.9475,-0.057,0,0.8284677,0.9952433,1.559035
6.1,5.911417,-49.62694,-0.009,0.016,0.7718961,0.9928048,1.750413
6.36,5.942917,-23.21556,0.014,0.026,1.342822,0.9382551,0.6056062
4.26,5.998917,45.93694,0,-0.005,1.733201,0.853778,0.2916365
5.5,5.939139,-31.3825,-0.002,0.006,1.302141,0.9458218,0.6506131
6.22,5.965056,1.224444,-0.069,0.008,1.586981,0.8876316,0.387255
5.29,5.913944,-52.63528,-0.005,0.248,0.9442073,0.9926812,1.242528
2.62,5.995361,37.2125,0.048,-0.081,0.788763,0.9938273,1.690417
6.22,6.005278,44.59194,-0.026,-0.041,1.302141,0.9458218,0.6506131
6.22,5.969917,-0.9941667,0.007,-0.025,1.384036,0.9302863,0.5630207
6.44,5.946944,-31.97611,0.002,0.019,1.342822,0.9382551,0.6056062
5.7,5.981444,12.80861,-0.014,0.021,1.239485,0.9568162,0.7264869
5.9,5.973444,1.836944,0.005,-0.008,0.9005912,0.994687,1.351465
5.73,6.016278,47.90194,0.006,-0.018,0.8136278,0.9948701,1.606589
4.65,5.901694,-63.09,0.138,0.537,1.331141,0.9404596,0.6182135
5.22,5.980444,0.5530556,-0.013,0.002,0.8209915,0.9950778,1.582768
6.63,5.903306,-64.48222,-0.003,0.064,0.9761498,0.9905277,1.16955
5.96,6.028639,48.95944,0.005,-0.015,1.568927,0.8916483,0.4006839
4.36,5.958944,-35.28333,0,0.009,0.7558053,0.9915778,1.810148
6.12,5.983611,-9.382222,0.014,0.012,0.9352911,0.9931827,1.263889
5.03,5.984528,-9.558333,0.009,-0.05,0.8921627,0.9949391,1.373863
6.63,5.993806,-1.444444,-0.009,-0.02,0.792227,0.9940051,1.678416
5.98,6.0195,31.03472,-0.001,0.009,0.8476411,0.9954656,1.500175
6.05,6.016778,27.57222,-0.001,-0.004,0.9177461,0.9940347,1.307261
6.05,6.046861,49.90556,0.024,-0.046,0.7957208,0.9941736,1.666419
4.53,6.000944,-3.074167,0.012,-0.076,1.431855,0.9207385,0.5166105
6.45,5.954,-53.42611,0.016,-0.014,1.586981,0.8876316,0.387255
6.42,6.048222,43.37861,0.02,-0.024,1.302141,0.9458218,0.6506131
6.37,6.028222,22.40083,-0.011,-0.02,0.792227,0.9940051,1.678416
5.81,5.977111,-44.03444,-0.001,0.014,1.342822,0.9382551,0.6056062
6.22,6.004917,-12.89972,-0.007,-0.039,0.966908,0.9912063,1.190112
6.1,6.055,42.91167,0.112,-0.141,1.28489,0.9489328,0.6706696
3.96,5.985778,-42.81528,0.022,-0.014,1.384036,0.9302863,0.5630207
6.34,6.085639,59.39306,0.005,-0.051,1.360425,0.934887,0.587065
6.24,6.048639,32.63583,0.076,-0.209,0.9949045,0.9890186,1.129132
6.45,6.07475,51.57333,0.005,-0.042,0.8879863,0.9950467,1.385133
4.12,6.039722,9.6475,0.015,-0.028,0.8797096,0.9952256,1.40781
5.47,5.837972,-79.36139,-0.009,0.066,0.788763,0.9938273,1.690417
6.39,6.110889,63.45361,-0.03,0.006,1.302141,0.9458218,0.6506131
6.59,6.038083,1.694444,0.004,0.007,0.799244,0.9943325,1.65443
4.95,6.030667,-10.59806,-0.007,0,0.7752084,0.9930265,1.738424
6.05,6.020306,-25.41778,-0.008,-0.018,0.8247156,0.9951659,1.57089
5.14,6.057583,19.69056,-0.001,-0.017,0.7785514,0.9932398,1.726427
5.55,6.021222,-33.91167,0.015,-0.02,1.647506,0.8738905,0.3449722
5.87,6.084278,42.98167,-0.039,-0.143,0.9397373,0.9929382,1.253181
6.08,6.056861,11.68083,-0.016,-0.015,0.8027965,0.9944818,1.64245
4.16,6.068667,23.26333,-0.008,-0.1,1.200534,0.963193,0.7782043
4.63,6.065333,20.13833,0.002,-0.006,0.9308688,0.9934145,1.274651
6.2,6.042722,-14.49722,0.011,0.012,1.279166,0.9499515,0.6774598
6.34,6.084056,37.96417,0.003,-0.007,1.302141,0.9458218,0.6506131
5.67,6.013667,-51.21639,-0.021,0.094,0.8963644,0.9948192,1.36264
6.23,6.092778,33.59917,0.008,-0.013,0.788763,0.9938273,1.690417
5.04,6.054306,-26.28444,0.056,0.092,1.503099,0.9059449,0.4531172
6.12,6.102361,35.3875,-0.131,-0.302,1.08357,0.9797518,0.959243
5.21,6.070417,-6.709167,-0.005,-0.003,0.7957208,0.9941736,1.666419
5.36,6.10975,38.48278,0.007,-0.049,0.9177461,0.9940347,1.307261
5.67,6.082833,5.42,0,0.003,1.325317,0.9415493,0.6245921
5.63,6.082889,4.158611,-0.001,-0.005,1.325317,0.9415493,0.6245921
6.08,6.10625,29.5125,0.015,-0.006,1.739367,0.8523037,0.2880677
6.12,6.124139,41.85417,0.007,-0.021,1.431855,0.9207385,0.5166105
4.93,6.083083,-16.48444,-0.006,-0.001,0.9134204,0.9942164,1.318236
5.65,6.072306,-32.1725,-0.015,0.119,0.7526829,0.9913102,1.822032
5.87,6.090833,-10.24278,0.014,0.024,0.9715175,0.9908733,1.179802
6.45,6.035889,-60.09694,0.01,0.004,1.647506,0.8738905,0.3449722
5.36,6.166417,58.93583,0.024,0.023,1.354547,0.9360177,0.5931965
6.36,6.139722,41.05556,-0.016,-0.053,1.331141,0.9404596,0.6182135
5.38,6.11075,-4.193889,-0.007,-0.004,0.7718961,0.9928048,1.750413
4.67,6.102583,-14.93528,-0.018,0.014,0.836055,0.9953655,1.535403
6.95,6.096028,-24.19556,0.024,-0.018,1.677979,0.8668221,0.3251773
6.35,6.074556,-45.03667,-0.08,0.244,1.043325,0.9843654,1.032307
5.93,6.077833,-45.07889,-0.07,0.255,1.028574,0.9858926,1.060716
4.42,6.126194,14.76833,0.006,-0.021,0.75896,0.9918383,1.798239
5.8,6.090861,-35.51361,0.007,0.018,0.8247156,0.9951659,1.57089
6.66,6.114417,-11.17361,-0.002,0.001,0.765365,0.9923371,1.774358
6.58,6.079694,-48.45861,-0.092,-0.038,1.146286,0.9713996,0.8569388
5.47,6.108889,-23.11056,-0.023,-0.023,0.8476411,0.9954656,1.500175
5.81,6.101528,-29.75861,0.013,-0.041,0.836055,0.9953655,1.535403
5.32,6.214194,65.71833,0.006,-0.033,1.503099,0.9059449,0.4531172
5.78,6.116,-21.81278,0.004,-0.016,1.68409,0.8653929,0.3213205
6.55,6.146444,8.67,0.032,0.005,0.792227,0.9940051,1.678416
5.31,6.128222,-19.16583,0.013,0.054,1.708597,0.8596255,0.3062224
5.93,6.159,22.19,-0.018,-0.013,1.677979,0.8668221,0.3251773
5.83,6.117694,-34.31194,0.003,0.003,0.7718961,0.9928048,1.750413
6.12,6.111389,-42.29861,-0.033,0.003,0.9177461,0.9940347,1.307261
6.3,6.196111,52.64722,0.011,-0.07,0.8715355,0.9953564,1.430662
5.75,6.162222,23.11333,0.007,-0.001,0.9005912,0.994687,1.351465
5.73,6.149417,2.499444,0.004,-0.02,0.843752,0.9954435,1.511886
6.82,6.193472,48.71306,0.012,-0.066,1.302141,0.9458218,0.6506131
6.09,6.1935,48.71111,0.019,-0.05,0.8555,0.9954757,1.476855
5.02,6.125444,-37.25306,0.002,-0.005,0.7785514,0.9932398,1.726427
6.51,6.117194,-45.09139,0.085,0.044,1.395897,0.9279408,0.5512831
6.17,6.160056,-5.711111,0.058,0.014,0.957758,0.9918342,1.210907
5.5,6.149417,-22.4275,0.002,-0.039,0.8136278,0.9948701,1.606589
5.5,6.131361,-42.15389,0.001,-0.014,0.8172955,0.9949792,1.594669
6.35,6.155639,-18.12611,0.013,-0.015,0.8063781,0.9946213,1.630482
5.56,6.159528,-14.58417,-0.047,0.045,1.395897,0.9279408,0.5512831
6.33,6.183833,18.12944,-0.002,-0.047,1.509061,0.9046737,0.4481333
5.8,6.192306,24.42028,-0.004,-0.054,1.366313,0.9337484,0.580982
5.71,6.163306,-22.77417,0.08,0.067,1.004415,0.9881883,1.109282
6.27,6.142944,-44.35611,-0.013,0.01,0.765365,0.9923371,1.774358
6.04,6.22925,51.1725,-0.007,-0.065,1.336976,0.9393615,0.611885
5.78,6.205583,32.69333,-0.008,-0.001,1.696332,0.8625193,0.3137062
6.56,6.197611,21.86861,0.002,0.015,2.06838,0.7694987,0.1387925
6.04,6.191083,13.63861,-0.005,-0.017,0.8172955,0.9949792,1.594669
6.27,6.163111,-26.70083,-0.007,0.021,1.307917,0.9447668,0.6440313
5.75,6.200361,19.79056,-0.001,-0.012,0.792227,0.9940051,1.678416
5.71,6.102611,-66.03972,0.017,0.027,0.8063781,0.9946213,1.630482
6.15,6.183694,-6.754167,0.004,-0.003,0.8209915,0.9950778,1.582768
5.05,6.117611,-62.15472,0.018,-0.072,1.449618,0.9171209,0.5000749
6.39,6.205306,22.90833,0.002,-0.004,2.061908,0.7711926,0.141085
4.95,6.200917,16.13056,0.009,-0.014,0.7686149,0.9925749,1.762392
4.48,6.199,14.20889,0.003,-0.02,0.7558053,0.9915778,1.810148
5.72,6.176278,-27.15417,-0.016,-0.046,1.342822,0.9382551,0.6056062
5.35,6.261278,59.99917,0.033,-0.021,1.503099,0.9059449,0.4531172
6.18,6.195472,-4.665556,-0.011,-0.009,0.788763,0.9938273,1.690417
5.58,6.169528,-40.35361,-0.026,0.076,1.708597,0.8596255,0.3062224
6.49,6.156472,-49.56278,-0.024,0.08,1.043325,0.9843654,1.032307
5.05,6.197722,-6.550278,-0.005,-0.005,0.749593,0.9910358,1.833889
6.09,6.187083,-26.48222,-0.017,0.003,0.8027965,0.9944818,1.64245
6.58,6.225944,18.68028,0.023,-0.017,0.788763,0.9938273,1.690417
6.45,6.220167,10.6275,0.092,-0.285,1.119825,0.9750837,0.8985121
4.8,6.314111,69.31972,0.002,-0.107,0.8284677,0.9952433,1.559035
6.62,6.212333,-2.504444,-0.045,0.012,0.836055,0.9953655,1.535403
6.31,6.17775,-45.28194,0.005,0.005,0.8063781,0.9946213,1.630482
4.81,6.171639,-54.96861,-0.003,0.005,0.7405209,0.9901739,1.869259
6.52,6.212861,-17.76306,-0.008,0.017,0.75896,0.9918383,1.798239
5.88,6.241278,17.90639,-0.009,-0.012,0.9048428,0.9945425,1.340338
4.98,6.298556,61.51528,-0.014,-0.006,1.801366,0.8372963,0.2540131
3.28,6.247944,22.50667,-0.068,-0.012,1.659678,0.8710787,0.3369508
6.92,6.260833,36.14861,-0.065,0.003,1.009204,0.9877542,1.099447
5.83,6.23175,-3.741389,-0.011,0.025,1.267758,0.9519608,0.6911988
4.35,6.256306,29.49806,-0.073,-0.262,1.313705,0.943703,0.6375007
5.2,6.247472,19.15639,-0.098,-0.188,1.004415,0.9881883,1.109282
5.06,6.145611,-68.84333,-0.052,0.018,0.788763,0.9938273,1.690417
5.91,6.252361,13.85111,0.023,0.006,0.7405209,0.9901739,1.869259
5.3,6.256972,16.14306,0.003,-0.012,0.7686149,0.9925749,1.762392
5.83,6.243528,-4.568333,-0.008,0.006,0.75896,0.9918383,1.798239
6.39,6.229194,-23.86194,-0.069,0.118,1.146286,0.9713996,0.8569388
6.54,6.225917,-29.39611,-0.025,-0.013,0.781925,0.9934445,1.714426
3.98,6.247583,-6.274722,-0.008,-0.019,1.491187,0.9084697,0.4632215
6.52,6.292972,46.42417,-0.043,0.019,0.9264704,0.9936338,1.285468
5.33,6.2625,12.55111,-0.001,0.001,0.8099886,0.9947508,1.618527
6.08,6.271944,23.97,-0.015,-0.009,1.24511,0.9558647,0.7193206
6.07,6.261139,6.066111,-0.008,-0.024,0.7718961,0.9928048,1.750413
6.64,6.263056,4.283611,-0.001,-0.004,0.75896,0.9918383,1.798239
5.65,6.259528,-0.5122222,-0.158,-0.219,1.03347,0.9853959,1.051185
5.99,6.25825,-4.915278,0.025,-0.045,0.8515572,0.9954764,1.488497
6.39,6.273278,17.18139,-0.002,-0.014,1.647506,0.8738905,0.3449722
6.37,6.265,1.169167,-0.005,0.034,1.014014,0.9873076,1.089673
6.1,6.257222,-9.035278,-0.035,0.015,0.788763,0.9938273,1.690417
4.48,6.327056,59.01083,-0.008,0.026,0.8209915,0.9950778,1.582768
6.38,6.304694,46.36056,0.012,-0.126,1.366313,0.9337484,0.580982
6.25,6.282972,23.74083,0,-0.001,1.009204,0.9877542,1.099447
5.04,6.274056,12.27222,0.082,0.186,0.9949045,0.9890186,1.129132
5.91,6.252333,-20.27222,0.005,0.03,1.491187,0.9084697,0.4632215
5.99,6.254861,-18.47667,0.016,-0.048,1.336976,0.9393615,0.611885
5.01,6.262472,-13.71833,0.011,-0.009,0.788763,0.9938273,1.690417
5.01,6.1875,-65.58944,-0.026,0.112,1.671872,0.8682461,0.3290678
6.63,6.272556,1.080278,0.016,-0.008,0.799244,0.9943325,1.65443
5.39,6.285167,9.9425,0.007,-0.061,0.8555,0.9954757,1.476855
6.57,6.282889,7.053056,-0.011,0.009,0.7752084,0.9930265,1.738424
5.92,6.268806,-16.61778,-0.002,0.008,0.75896,0.9918383,1.798239
6.59,6.292583,14.05833,0,-0.012,0.8063781,0.9946213,1.630482
5.71,6.287806,5.100278,-0.216,0.159,1.088691,0.9791206,0.9503851
6.67,6.265889,-29.78833,0.004,0.008,1.629291,0.8780689,0.3572699
6.16,6.301556,14.38278,-0.007,0.004,0.8209915,0.9950778,1.582768
6.07,6.284306,-22.715,0.119,-0.251,1.063285,0.9821562,0.9952854
6.75,6.293111,-10.72528,-0.002,-0.007,0.9623215,0.9915266,1.200481
4.37,6.275861,-35.14056,0,0.086,1.302141,0.9458218,0.6506131
5.94,6.367667,59.37222,-0.001,0.004,1.302141,0.9458218,0.6506131
6.32,6.317167,17.325,-0.009,-0.009,0.792227,0.9940051,1.678416
6.24,6.31125,9.047222,0.03,-0.044,1.228278,0.9586892,0.7409844
5.14,6.294917,-16.81583,-0.011,0.008,1.479292,0.9109711,0.4735113
5.09,6.170667,-74.75306,0.118,-0.213,1.146286,0.9713996,0.8569388
6,6.276556,-39.26444,-0.013,-0.022,0.8797096,0.9952256,1.40781
5.53,6.283667,-37.7375,0.002,0.081,1.384036,0.9302863,0.5630207
5.36,6.362806,53.45222,0.02,-0.084,0.9996489,0.9886097,1.119177
5.87,6.285972,-37.25306,-0.011,-0.01,0.8715355,0.9953564,1.430662
5.52,6.303806,-19.96694,-0.005,0.007,0.7558053,0.9915778,1.810148
5.36,6.314056,-9.390278,0.003,-0.033,1.443694,0.9183328,0.5055358
6.06,6.313556,-15.02472,-0.003,0.022,1.696332,0.8625193,0.3137062
5.69,6.3345,14.65111,-0.003,-0.014,1.665772,0.869665,0.3329922
6.22,6.318861,-8.586389,-0.022,-0.01,0.8027965,0.9944818,1.64245
5.81,6.316389,-20.92611,-0.009,-0.009,0.765365,0.9923371,1.774358
6.43,6.353361,29.54111,0.035,-0.039,0.8398899,0.9954101,1.523629
5.27,6.328556,-7.823056,-0.004,0,0.7526829,0.9913102,1.822032
6.43,6.271806,-59.21361,-0.057,-0.325,1.078469,0.9803711,0.968162
4.9,6.333222,-2.944444,-0.013,0.004,1.659678,0.8710787,0.3369508
6.54,6.347861,11.75639,0.023,0.003,0.781925,0.9934445,1.714426
6.35,6.357194,17.76361,0.019,-0.039,1.302141,0.9458218,0.6506131
6.41,6.297694,-52.73306,0.003,-0.006,1.57494,0.8903149,0.3961679
5.78,6.328056,-34.39667,0.014,0.001,0.788763,0.9938273,1.690417
6.31,6.357167,2.268611,-0.016,-0.026,0.9134204,0.9942164,1.318236
7.04,6.313,-50.35917,0.006,0.003,1.206051,0.962313,0.7706477
3.02,6.338556,-30.06333,0.009,0.003,0.7526829,0.9913102,1.822032
6.64,6.251639,-71.70278,-0.025,0.061,1.063285,0.9821562,0.9952854
5.64,6.356861,-11.77333,-0.009,-0.005,0.8099886,0.9947508,1.618527
5.97,6.470722,70.53556,0.002,0.023,1.302141,0.9458218,0.6506131
2.88,6.382667,22.51361,0.054,-0.111,1.68409,0.8653929,0.3213205
6,6.376806,12.57,-0.033,-0.037,1.302141,0.9458218,0.6506131
5.53,6.343417,-34.14389,0.005,0.028,0.7526829,0.9913102,1.822032
4.91,6.414972,49.28806,-0.002,-0.001,1.889207,0.8155105,0.2109612
6.6,6.335028,-48.74111,0.231,-0.271,1.114588,0.9757859,0.9070064
5.64,6.4405,56.285,-0.026,0.022,0.9134204,0.9942164,1.318236
6.4,6.388472,3.764444,0.006,-0.013,0.765365,0.9923371,1.774358
5.21,6.446917,58.41722,-0.005,-0.009,1.617176,0.880828,0.3656496
1.98,6.378333,-17.95583,-0.006,0,0.7405209,0.9901739,1.869259
6.67,6.389639,-4.687222,-0.013,-0.007,0.8398899,0.9954101,1.523629
3.85,6.368556,-33.43639,-0.024,-0.055,1.233874,0.9577577,0.733708
6.71,6.414611,29.70722,-0.032,-0.009,0.7957208,0.9941736,1.666419
4.44,6.396139,4.592778,-0.018,0.011,0.8879863,0.9950467,1.385133
6.72,6.39625,4.595556,-0.021,-0.01,1.009204,0.9877542,1.099447
6.26,6.400639,8.884722,-0.005,-0.018,0.788763,0.9938273,1.690417
6.19,6.393333,-9.874444,0.008,0.018,1.8076,0.8357696,0.250765
6.33,6.414694,16.05694,0.04,-0.046,1.348679,0.9371404,0.5993768
6.24,6.396111,-15.07167,-0.015,-0.007,1.617176,0.880828,0.3656496
6.06,6.425806,23.32694,-0.01,-0.023,0.8063781,0.9946213,1.630482
5.22,6.402861,-11.53028,-0.054,-0.035,1.443694,0.9183328,0.5055358
6.6,6.396556,-19.78528,-0.017,0.014,0.765365,0.9923371,1.774358
6.34,6.387333,-31.79,-0.056,0.013,1.239485,0.9568162,0.7264869
6.24,6.424472,14.72194,-0.014,-0.002,2.126847,0.7541044,0.1190182
6.12,6.405694,-12.9625,-0.012,-0.012,0.788763,0.9938273,1.690417
5.98,6.420306,7.085833,0.017,0.004,1.431855,0.9207385,0.5166105
5.63,6.398861,-25.57778,0.008,-0.042,1.635357,0.8766814,0.3531348
6.66,6.421778,1.501111,-0.017,-0.011,0.8027965,0.9944818,1.64245
5.87,6.421222,-0.9461111,0.224,-0.225,1.063285,0.9821562,0.9952854
6.56,6.464194,47.40528,-0.004,0.02,0.8027965,0.9944818,1.64245
6.51,6.429611,2.272222,0.005,-0.002,0.8063781,0.9946213,1.630482
5.62,6.400278,-36.70778,-0.015,0.055,1.325317,0.9415493,0.6245921
6.35,6.42975,-3.889167,-0.02,-0.005,1.313705,0.943703,0.6375007
6.39,6.412194,-28.78,-0.159,-0.115,1.093832,0.9784774,0.941588
6.43,6.459861,32.56306,-0.002,-0.058,1.455546,0.9159029,0.4946641
5.61,6.382167,-56.37,-0.034,-0.024,0.9134204,0.9942164,1.318236
6.4,6.433,-7.894167,-0.004,0.019,0.8715355,0.9953564,1.430662
5.98,6.393806,-52.18111,-0.025,-0.023,1.325317,0.9415493,0.6245921
6.31,6.412361,-40.28417,-0.003,-0.009,0.799244,0.9943325,1.65443
5.87,6.444333,-1.507222,-0.007,-0.026,0.8476411,0.9954656,1.500175
6.15,6.442917,-4.597222,0.007,-0.002,0.7686149,0.9925749,1.762392
-0.72,6.399194,-52.69583,0.022,0.021,0.8756096,0.995297,1.419215
6.71,6.449639,0.8408333,-0.02,-0.004,0.8322476,0.9953098,1.547205
6.27,6.445806,-7.511389,0.006,-0.001,0.8027965,0.9944818,1.64245
6.25,6.424972,-35.06389,-0.005,-0.035,1.515027,0.9033968,0.4431943
6.22,6.465722,20.49611,-0.035,0.007,0.8209915,0.9950778,1.582768
5.88,6.513111,58.16278,-0.026,-0.335,1.267758,0.9519608,0.6911988
5.55,6.476139,30.49306,0.002,-0.013,1.12508,0.9743699,0.8900779
5.55,6.455667,2.908056,-0.046,0.008,1.325317,0.9415493,0.6245921
5.2,6.453833,0.2991667,0.007,-0.008,1.407792,0.9255665,0.539732
5.55,6.454333,-0.2761111,0,-0.008,1.526972,0.9008257,0.4334489
6.48,6.396361,-58.54389,0.01,0.021,0.8634652,0.9954395,1.45368
6.27,6.383694,-63.68306,-0.024,0.013,1.659678,0.8710787,0.3369508
5.9,6.500833,46.68556,-0.006,0.003,1.562919,0.8929762,0.4052402
6.47,6.482389,26.96778,0.116,-0.067,1.302141,0.9458218,0.6506131
6.23,6.474444,16.23833,-0.095,-0.047,1.24511,0.9558647,0.7193206
6.51,6.413389,-52.80639,-0.007,0.002,1.720887,0.8567117,0.2988666
6.15,6.471889,10.30389,0.026,-0.039,1.389962,0.9291172,0.5571284
4.15,6.482722,20.21222,-0.007,-0.014,0.7718961,0.9928048,1.750413
5.06,6.466,-4.762222,-0.005,-0.001,0.75896,0.9918383,1.798239
5.8,6.403806,-60.28111,-0.041,0.036,0.8172955,0.9949792,1.594669
6.54,6.671333,79.59944,0.001,0.017,1.302141,0.9458218,0.6506131
6.48,6.471333,1.912222,-0.002,-0.027,0.792227,0.9940051,1.678416
5.76,6.428778,-48.17722,-0.005,-0.032,0.7957208,0.9941736,1.666419
6.07,6.453111,-25.85667,-0.186,-0.218,1.048284,0.9838315,1.02296
6.65,6.741722,82.11528,0.01,-0.052,0.8838352,0.9951422,1.396449
6.59,6.483333,11.01944,-0.027,-0.01,1.302141,0.9458218,0.6506131
5.56,6.377278,-69.98417,0.02,0.029,1.605082,0.8835657,0.3741778
6.48,6.452083,-37.89556,-0.011,0.042,0.9808048,0.9901694,1.159356
6.46,6.407306,-63.42889,-0.007,-0.103,1.114588,0.9757859,0.9070064
6.16,6.487472,2.646111,0.009,-0.04,1.623231,0.8794511,0.3614414
4.6,6.480278,-7.032778,-0.017,0,0.781925,0.9934445,1.714426
5.4,6.480417,-7.034444,-0.017,0.005,0.792227,0.9940051,1.678416
5.6,6.480417,-7.034444,-0.016,0.005,1.302141,0.9458218,0.6506131
5.77,6.477028,-17.46611,-0.007,0.004,1.372211,0.932602,0.5749471
6.27,6.415444,-63.82778,-0.014,0.026,0.7718961,0.9928048,1.750413
4.48,6.469472,-32.58,-0.018,0.024,0.75896,0.9918383,1.798239
6.57,6.501528,9.029167,-0.017,-0.026,0.8715355,0.9953564,1.430662
5.73,6.674667,77.99583,0.009,-0.012,1.580958,0.888976,0.3916917
5.74,6.477556,-32.37111,-0.003,0.017,0.75896,0.9918383,1.798239
6.24,6.631917,73.69556,-0.155,-0.018,0.9761498,0.9905277,1.16955
6.2,6.519472,16.93861,0.001,-0.049,1.395897,0.9279408,0.5512831
5.93,6.503139,-10.08139,-0.011,0.002,1.526972,0.9008257,0.4334489
6.32,6.478417,-41.07444,0.03,0.028,0.9854823,0.9897984,1.149222
5.82,6.451111,-58.00222,-0.015,-0.014,1.467412,0.9134489,0.4839908
6.14,6.519306,11.25083,-0.005,-0.016,0.788763,0.9938273,1.690417
6.4,6.527056,15.90333,-0.016,-0.015,1.302141,0.9458218,0.6506131
5.87,6.540889,32.45472,-0.031,-0.022,0.8715355,0.9953564,1.430662
6.16,6.509639,-13.14806,-0.024,0.002,0.765365,0.9923371,1.774358
6.65,6.527556,11.79222,-0.03,-0.012,0.7752084,0.9930265,1.738424
5.23,6.530083,11.54444,0.013,0.032,0.8756096,0.995297,1.419215
6.45,6.575778,55.35306,0.002,0.004,1.302141,0.9458218,0.6506131
5.38,6.424611,-69.69028,-0.016,0.195,1.28489,0.9489328,0.6706696
6.03,6.539806,11.67361,0.01,-0.031,1.342822,0.9382551,0.6056062
5.15,6.523056,-12.39167,0.04,-0.016,1.461477,0.9146789,0.4893029
5.93,6.512861,-27.76944,-0.007,0.011,0.765365,0.9923371,1.774358
5.43,6.530583,-8.158056,-0.012,-0.008,1.526972,0.9008257,0.4334489
5.84,6.538667,4.855833,-0.037,-0.006,1.296378,0.9468679,0.6572466
6.42,6.561861,33.02417,0.011,0.01,0.8284677,0.9952433,1.559035
5.27,6.496972,-50.23917,-0.054,-0.058,0.9901823,0.9894148,1.139147
4.5,6.548389,7.333056,-0.001,-0.006,0.8172955,0.9949792,1.594669
5.6,6.53975,-5.868889,-0.001,-0.042,0.9177461,0.9940347,1.307261
4.33,6.530917,-23.41833,-0.006,0.012,0.7375636,0.9898745,1.880971
5.84,6.520278,-35.25917,-0.011,0,1.195033,0.9640624,0.7858177
5.22,6.49125,-56.85278,-0.04,0.031,1.354547,0.9360177,0.5931965
6.2,6.516611,-40.91639,-0.017,0,1.538936,0.8982318,0.4238772
5.53,6.560028,14.15528,-0.019,-0.085,1.366313,0.9337484,0.580982
6.24,6.546361,-11.16639,-0.007,0.001,1.366313,0.9337484,0.580982
6.34,6.526389,-36.94,0.005,0.072,1.677979,0.8668221,0.3251773
5.94,6.628167,61.48111,-0.209,-0.274,1.239485,0.9568162,0.7264869
5.1,6.560528,-1.220278,-0.003,-0.021,0.7686149,0.9925749,1.762392
5.92,6.675611,71.74889,-0.002,0.015,1.414119,0.924301,0.5336135
5.69,6.544167,-32.03056,-0.001,-0.002,0.75896,0.9918383,1.798239
5.27,6.586694,28.02222,-0.002,-0.015,0.8063781,0.9946213,1.630482
5.24,6.53925,-37.69667,0.065,-0.077,1.302141,0.9458218,0.6506131
5.6,6.52175,-51.82611,0.105,0.094,1.053264,0.9832854,1.013674
5.45,6.770583,79.56472,-0.102,-0.604,1.03347,0.9853959,1.051185
5.85,6.627361,56.8575,0,0.012,1.302141,0.9458218,0.6506131
6.4,6.557389,-20.92389,-0.03,-0.026,1.206051,0.962313,0.7706477
6.45,6.579556,7.5725,-0.01,-0.004,0.8099886,0.9947508,1.618527
5.29,6.609139,38.44528,0.005,-0.026,2.304043,0.7065391,0.06812858
5.88,6.588222,9.988333,-0.001,-0.01,1.605082,0.8835657,0.3741778
6.44,6.552861,-38.62528,0.006,-0.022,1.302141,0.9458218,0.6506131
6.29,6.500833,-65.56833,0.002,0.058,0.9532177,0.9921292,1.221391
5.8,6.587722,0.89,-0.001,-0.006,0.8172955,0.9949792,1.594669
6.15,6.519611,-61.87972,-0.013,0.008,0.765365,0.9923371,1.774358
5.42,6.56375,-36.23222,-0.014,0.094,1.562919,0.8929762,0.4052402
5.7,6.532889,-58.75417,0.004,-0.011,0.7957208,0.9941736,1.666419
6.55,6.6,4.4975,-0.021,-0.005,0.7957208,0.9941736,1.666419
4.54,6.584278,-22.96472,0.011,0.016,0.799244,0.9943325,1.65443
5.62,6.576472,-32.71639,0.005,-0.001,0.788763,0.9938273,1.690417
6.19,6.55725,-52.32889,-0.044,0.04,1.354547,0.9360177,0.5931965
6.44,6.624222,24.59083,-0.016,0.008,0.8555,0.9954757,1.476855
5.52,6.609806,-5.211111,0,-0.017,0.788763,0.9938273,1.690417
5.69,6.644306,39.39083,-0.023,-0.109,1.509061,0.9046737,0.4481333
5.2,6.647,39.9025,-0.009,-0.012,0.792227,0.9940051,1.678416
1.93,6.628528,16.39917,0.042,-0.042,0.8172955,0.9949792,1.594669
6.06,6.623361,6.135278,0.006,-0.001,0.836055,0.9953655,1.535403
5.7,6.606333,-18.66,-0.011,0.017,1.217133,0.9605217,0.755704
5.59,6.590028,-36.78,-0.011,0.018,0.7686149,0.9925749,1.762392
5.79,6.639722,28.98417,-0.021,-0.021,0.8172955,0.9949792,1.594669
6.38,6.626917,10.85306,-0.039,-0.039,1.302141,0.9458218,0.6506131
4.79,6.655528,42.48889,0.006,-0.058,1.437773,0.9195387,0.5110475
5.97,6.612972,-13.32083,0.011,-0.023,1.635357,0.8766814,0.3531348
3.95,6.611389,-19.25583,0.059,-0.062,1.336976,0.9393615,0.611885
6.17,6.627861,2.704167,-0.038,-0.049,1.348679,0.9371404,0.5993768
6.35,6.598333,-36.08889,-0.058,-0.095,1.023699,0.9863767,1.070307
6.15,6.631306,4.957222,-0.004,0.02,0.8715355,0.9953564,1.430662
6.35,6.611361,-22.615,-0.031,-0.006,0.7785514,0.9932398,1.726427
6.41,6.666111,44.01389,0.033,-0.003,1.302141,0.9458218,0.6506131
4.39,6.582944,-52.97556,-0.003,0.007,0.8099886,0.9947508,1.618527
6.04,6.651472,22.03083,0.011,-0.025,1.319505,0.9426305,0.6310211
6.12,6.628028,-12.985,0.03,-0.124,1.302141,0.9458218,0.6506131
6.03,6.659194,28.26306,-0.006,-0.014,0.788763,0.9938273,1.690417
6.38,6.658722,24.6,0.006,0.084,1.048284,0.9838315,1.02296
6.14,6.639028,-2.543611,-0.018,0.015,1.586981,0.8876316,0.387255
6.57,6.647083,4.700556,0.012,-0.008,0.792227,0.9940051,1.678416
6.21,6.643917,1.613611,-0.007,-0.005,0.8756096,0.995297,1.419215
4.43,6.6315,-18.2375,-0.01,-0.007,1.389962,0.9291172,0.5571284
6.04,6.617194,-38.14667,0.006,0.04,1.319505,0.9426305,0.6310211
6.34,6.61425,-41.55694,0.008,0.008,1.389962,0.9291172,0.5571284
5.71,6.6205,-36.99056,-0.014,0.017,0.7752084,0.9930265,1.738424
5.27,6.629889,-32.33972,0.105,0.068,1.407792,0.9255665,0.539732
6.03,6.643167,-16.87361,-0.008,-0.023,0.8284677,0.9952433,1.559035
5.97,6.663222,12.98306,-0.034,-0.001,0.8398899,0.9954101,1.523629
4.82,6.654639,-14.14583,0.004,-0.004,1.599043,0.8849264,0.3784985
3.17,6.629361,-43.19611,0.002,-0.006,0.7785514,0.9932398,1.726427
6.46,6.693806,35.93194,-0.017,-0.022,1.028574,0.9858926,1.060716
6.42,6.689167,28.19639,0.008,-0.009,1.354547,0.9360177,0.5931965
6.51,6.6755,6.371667,-0.029,0.012,0.7686149,0.9925749,1.762392
6.05,6.660083,-23.69556,0.013,-0.002,0.8063781,0.9946213,1.630482
4.66,6.682972,9.895556,0.003,-0.006,0.7346401,0.9895696,1.892639
6.28,6.689389,16.3975,-0.022,-0.008,0.8136278,0.9948701,1.606589
6.11,6.688111,11.00333,-0.002,0.009,1.708597,0.8596255,0.3062224
5.02,6.718056,44.52444,-0.042,-0.028,1.586981,0.8876316,0.387255
5.71,6.661861,-30.47028,-0.006,-0.182,1.384036,0.9302863,0.5630207
5.79,6.684833,0.4952778,-0.016,-0.003,0.781925,0.9934445,1.714426
4.93,6.643778,-48.22028,0.008,0.012,1.228278,0.9586892,0.7409844
6.27,6.736556,53.29639,0.05,-0.177,1.348679,0.9371404,0.5993768
6.19,6.7205,37.14694,0.036,-0.041,1.319505,0.9426305,0.6310211
6.58,6.665806,-38.15889,0.056,-0.027,1.407792,0.9255665,0.539732
5.21,6.70675,17.64528,0.005,-0.087,0.8398899,0.9954101,1.523629
6.37,6.699806,6.345,0.01,-0.006,0.799244,0.9943325,1.65443
6.18,6.6335,-61.53306,-0.011,0.084,1.093832,0.9784774,0.941588
5.19,6.699,-9.167222,0.043,-0.04,1.617176,0.880828,0.3656496
4.87,6.770583,59.44167,-0.023,-0.002,0.8476411,0.9954656,1.500175
6.31,6.736833,36.10972,0.014,0.014,0.8398899,0.9954101,1.523629
2.98,6.732194,25.13111,-0.006,-0.013,1.538936,0.8982318,0.4238772
6.19,6.718472,3.033333,-0.001,-0.021,1.520997,0.9021141,0.4382997
6.12,6.68725,-40.34972,-0.014,0.015,0.7686149,0.9925749,1.762392
6.65,6.680361,-47.67472,-0.008,-0.009,1.647506,0.8738905,0.3449722
5.35,6.780417,57.16917,0.012,-0.038,1.279166,0.9499515,0.6774598
4.49,6.733139,13.22778,-0.003,-0.058,1.395897,0.9279408,0.5512831
5.9,6.727417,3.932222,0.006,-0.006,0.8099886,0.9947508,1.618527
5.44,6.745972,28.97083,-0.004,-0.026,1.568927,0.8916483,0.4006839
6.13,6.712722,-22.44917,-0.085,0.078,0.957758,0.9918342,1.210907
6.29,6.704556,-38.39861,-0.015,0.005,0.957758,0.9918342,1.210907
5.25,6.778972,43.5775,-0.002,0.165,1.063285,0.9821562,0.9952854
3.36,6.754833,12.89556,-0.116,-0.191,0.9996489,0.9886097,1.119177
6.33,6.803583,55.70444,0.057,-0.101,1.302141,0.9458218,0.6506131
6.28,6.803417,55.70444,0.058,-0.101,1.018846,0.9868484,1.07996
5.22,6.794333,48.78944,-0.001,0.006,1.372211,0.932602,0.5749471
6.3,6.723139,-39.19333,-0.001,-0.019,0.9220961,0.9938405,1.296338
6.46,6.765056,12.69361,0.001,0.002,1.302141,0.9458218,0.6506131
5.14,6.849194,67.57194,0.002,0.002,0.75896,0.9918383,1.798239
-1.46,6.752472,-16.71611,-0.553,-1.205,0.8172955,0.9949792,1.594669
5.2,6.741222,-31.07056,-0.015,0.008,0.7752084,0.9930265,1.738424
6.45,6.74775,-27.34139,-0.011,0.308,1.053264,0.9832854,1.013674
5.93,6.775667,8.587222,-0.006,-0.007,0.75896,0.9918383,1.798239
6.05,6.756472,-23.46194,-0.038,0.042,1.420028,0.9231197,0.5278929
6.54,6.750667,-30.58611,-0.026,0.017,0.7785514,0.9932398,1.726427
5.32,6.766472,-14.79611,-0.025,-0.017,0.843752,0.9954435,1.511886
6.2,6.789861,18.19333,0.003,-0.043,0.843752,0.9954435,1.511886
5.92,6.756333,-31.79361,-0.22,-0.32,1.023699,0.9863767,1.070307
5.8,6.758694,-30.94889,0.01,0.002,0.7526829,0.9913102,1.822032
5.66,6.7775,-10.10722,-0.017,0.003,0.799244,0.9943325,1.65443
4.77,6.788833,8.037222,-0.026,-0.013,1.538936,0.8982318,0.4238772
5.29,6.780861,-14.42583,-0.002,0.012,0.8027965,0.9944818,1.64245
6.51,6.682722,-71.77556,0.031,-0.051,1.366313,0.9337484,0.580982
4.47,6.797667,2.412222,-0.018,-0.012,1.366313,0.9337484,0.580982
6.62,6.767583,-39.54,0.003,0.014,0.7718961,0.9928048,1.750413
5.07,6.793639,-8.998333,-0.016,0.005,1.782701,0.8418485,0.2639255
6.08,6.78375,-21.01556,-0.014,0.005,0.7526829,0.9913102,1.822032
6.21,6.770028,-37.77556,-0.008,0.002,0.7718961,0.9928048,1.750413
5.12,6.895056,68.88833,0.003,0.008,0.7718961,0.9928048,1.750413
5.71,6.828139,32.60667,-0.036,-0.047,1.47335,0.912213,0.4787271
6.57,6.75725,-52.20111,0.007,-0.007,1.348679,0.9371404,0.5993768
5.75,6.805278,-1.319167,-0.041,-0.042,0.9308688,0.9934145,1.274651
5.8,6.764917,-52.41,-0.004,-0.003,1.617176,0.880828,0.3656496
5.02,6.846083,41.78139,-0.024,-0.136,1.461477,0.9146789,0.4893029
6.15,6.817694,1.001944,0.007,-0.004,0.7718961,0.9928048,1.750413
5.26,6.789278,-37.92972,-0.007,-0.015,0.788763,0.9938273,1.690417
5.85,6.8305,16.20278,-0.017,-0.012,0.7718961,0.9928048,1.750413
5.33,6.88475,59.44861,-0.006,-0.039,1.10937,0.9764765,0.9155611
5.74,6.821222,-2.271944,-0.009,-0.004,0.781925,0.9934445,1.714426
5.39,6.816056,-15.14472,0.002,-0.004,0.781925,0.9934445,1.714426
5.4,6.781333,-51.26583,-0.003,-0.097,1.503099,0.9059449,0.4531172
6.46,6.778194,-54.69472,-0.05,0.024,1.222698,0.9596106,0.7483163
5.65,6.840417,13.41333,-0.002,-0.002,1.503099,0.9059449,0.4531172
5.61,6.788528,-55.54,0.003,0.023,1.611126,0.8821995,0.369895
4.55,7.001111,76.9775,0.071,-0.013,1.515027,0.9033968,0.4431943
6.33,6.828889,-24.07583,0.002,-0.003,0.8322476,0.9953098,1.547205
5.27,6.859167,21.76111,-0.008,-0.038,0.8099886,0.9947508,1.618527
5.77,6.847194,-0.5408333,0.03,-0.185,0.9808048,0.9901694,1.159356
6.37,6.726889,-73.11806,0.012,-0.093,1.279166,0.9499515,0.6774598
6.26,6.885444,44.83944,0.008,-0.081,0.9005912,0.994687,1.351465
5.65,6.866667,23.60167,-0.04,-0.009,1.568927,0.8916483,0.4006839
6.29,6.845083,-8.041111,-0.006,0,0.8172955,0.9949792,1.594669
5.79,6.839417,-17.08389,0.013,0.015,1.562919,0.8929762,0.4052402
6.11,6.748917,-70.43389,0.007,0.007,1.497141,0.9072102,0.4581465
7.04,6.835,-27.33389,-0.004,0.002,0.7558053,0.9915778,1.810148
3.96,6.830694,-32.50861,-0.007,0.004,0.7405209,0.9901739,1.869259
6.12,6.88375,38.86917,0.005,0.008,0.9715175,0.9908733,1.179802
3.6,6.879806,33.96111,-0.002,-0.048,0.8555,0.9954757,1.476855
6.3,6.887056,38.43806,0.034,-0.176,1.028574,0.9858926,1.060716
6.01,6.884278,35.78861,-0.02,0.015,1.568927,0.8916483,0.4006839
6.38,6.860917,3.041667,-0.01,-0.042,0.8322476,0.9953098,1.547205
6.33,6.843583,-25.77806,-0.006,0.014,0.7558053,0.9915778,1.810148
5.7,6.839806,-31.70611,-0.002,0.012,0.8715355,0.9953564,1.430662
6.55,6.832722,-45.45,0.019,-0.044,1.605082,0.8835657,0.3741778
6.48,6.899167,38.505,-0.01,-0.026,0.799244,0.9943325,1.65443
5.14,6.831833,-46.61472,0.004,0.37,1.009204,0.9877542,1.099447
4.99,6.847889,-34.36722,0.007,0.006,1.526972,0.9008257,0.4334489
3.27,6.803167,-61.94139,-0.069,0.269,0.9005912,0.994687,1.351465
5.77,6.880389,8.380278,-0.05,-0.032,0.9220961,0.9938405,1.296338
6.3,6.873028,-5.316111,-0.02,-0.008,1.296378,0.9468679,0.6572466
2.93,6.832278,-50.61472,0.036,-0.07,1.420028,0.9231197,0.5278929
4.4,6.830917,-53.62222,0,0.03,1.256405,0.9539321,0.7051516
6.24,6.889583,10.99639,0.011,-0.136,1.28489,0.9489328,0.6706696
6.34,6.920889,45.82639,-0.037,-0.067,1.267758,0.9519608,0.6911988
6.13,6.92075,43.91,0.01,-0.009,0.9487008,0.9924115,1.231931
5.96,6.86175,-36.23028,-0.048,-0.064,0.8879863,0.9950467,1.385133
5.64,6.667417,-80.81361,-0.016,0.055,0.8963644,0.9948192,1.36264
4.35,6.954583,58.4225,-0.005,-0.135,1.217133,0.9605217,0.755704
6.05,6.953667,57.56333,0.018,0.022,1.59301,0.8862817,0.3828574
6.11,6.833639,-60.24917,0.009,0.109,1.014014,0.9873076,1.089673
6.42,6.859111,-48.2925,0.039,-0.009,1.42594,0.9219321,0.5222255
4.65,6.91075,13.17778,0.078,-0.083,0.9397373,0.9929382,1.253181
5.64,6.888556,-19.03278,-0.049,0.003,0.9308688,0.9934145,1.274651
6.14,6.889361,-18.93333,-0.028,0.023,0.8756096,0.995297,1.419215
6.4,6.883361,-26.9575,-0.031,-0.061,1.617176,0.880828,0.3656496
5.87,6.942306,46.27417,0.018,0.013,0.7957208,0.9941736,1.666419
5.73,6.921833,25.37556,-0.042,0.022,1.068326,0.9815733,0.9861831
6.41,6.902361,-5.8525,-0.02,-0.001,0.8838352,0.9951422,1.396449
4.83,6.892472,-20.22417,-0.009,0.004,0.7465358,0.9907548,1.845714
5.45,6.906833,-1.126944,0.003,-0.012,0.8879863,0.9950467,1.385133
5.86,6.948889,46.705,-0.102,-0.09,1.348679,0.9371404,0.5993768
4.07,6.903167,-12.03861,-0.137,-0.013,1.556916,0.8942985,0.4098373
6.52,6.877694,-42.50444,-0.002,-0.008,0.9949045,0.9890186,1.129132
6.04,6.89275,-28.53972,0.274,-0.438,1.140957,0.9721593,0.8651342
6.21,6.911694,-1.756389,0.006,0.006,1.063285,0.9821562,0.9952854
6.21,6.898694,-24.53917,-0.027,-0.012,0.8209915,0.9950778,1.582768
6.46,6.87975,-43.97583,-0.005,0.001,0.781925,0.9934445,1.714426
3.87,6.902194,-24.18389,-0.008,0.013,1.739367,0.8523037,0.2880677
5.68,7.022639,70.80806,0.017,-0.019,1.497141,0.9072102,0.4581465
6.04,6.916333,-2.803611,-0.016,0.002,1.360425,0.934887,0.587065
6.91,6.903611,-23.92833,-0.009,0.003,0.7260756,0.9886238,1.927342
6.29,6.926278,8.324722,-0.019,0.017,0.8322476,0.9953098,1.547205
4.9,6.960306,45.09417,-0.021,-0.004,0.8284677,0.9952433,1.559035
5.89,6.950139,33.68111,-0.019,0,1.233874,0.9577577,0.733708
6.57,6.879694,-54.09,-0.019,0.016,1.348679,0.9371404,0.5993768
5.74,6.917417,-20.40472,-0.003,-0.004,0.8476411,0.9954656,1.500175
5.92,6.9405,9.956389,-0.015,-0.014,0.788763,0.9938273,1.690417
4.68,6.927056,-20.13639,0.047,0.043,0.9715175,0.9908733,1.179802
6.32,6.907417,-42.36556,0.002,0.014,2.061908,0.7711926,0.141085
6.41,6.879278,-59.34111,-0.012,0.039,0.8879863,0.9950467,1.385133
5,6.935167,-14.04361,-0.001,0.005,1.407792,0.9255665,0.539732
6.26,6.900639,-50.61167,-0.049,0.218,1.296378,0.9468679,0.6572466
5.3,6.929667,-22.94139,-0.017,0.003,0.7558053,0.9915778,1.810148
4.37,6.935611,-17.05417,-0.003,0.002,0.792227,0.9940051,1.678416
6.27,6.957139,11.9075,0.019,0,0.957758,0.9918342,1.210907
6.36,6.931889,-31.79,-0.006,0.013,1.302141,0.9458218,0.6506131
6.34,6.950028,-8.178889,-0.007,0.002,1.104171,0.9771553,0.9241761
6,6.984111,38.05222,-0.043,-0.122,1.437773,0.9195387,0.5110475
6.1,6.979833,26.08111,-0.168,0.093,1.014014,0.9873076,1.089673
5.4,6.8575,-70.96333,0.001,0.023,0.7785514,0.9932398,1.726427
6.61,6.954111,-22.20333,-0.006,-0.015,0.7526829,0.9913102,1.822032
6.29,6.946028,-35.34167,-0.001,-0.003,1.47335,0.912213,0.4787271
6.4,6.991083,25.91417,-0.011,-0.008,0.7785514,0.9932398,1.726427
6.27,6.9775,7.621944,-0.016,-0.03,0.8594694,0.9954634,1.465249
5.46,6.959417,-24.63056,-0.058,0.106,0.966908,0.9912063,1.190112
4.95,6.937778,-48.72111,0.006,0.01,1.714739,0.8581711,0.3025287
5.07,7.675139,87.02,-0.045,-0.028,1.677979,0.8668221,0.3251773
5.97,6.9825,3.602222,-0.002,-0.004,1.336976,0.9393615,0.611885
6.23,6.961778,-27.5375,-0.034,0.005,0.7686149,0.9925749,1.762392
6.23,6.954889,-35.5075,-0.037,0.008,1.014014,0.9873076,1.089673
6.35,6.988917,7.316944,-0.019,-0.011,0.7785514,0.9932398,1.726427
6.37,6.968778,-27.16472,0.006,-0.008,0.7526829,0.9913102,1.822032
5.68,7.004389,16.07889,-0.007,-0.005,1.696332,0.8625193,0.3137062
5.59,6.976639,-25.41389,-0.01,0.015,0.7621466,0.9920915,1.786308
6.5,7.097722,70.73194,0.037,-0.008,1.302141,0.9458218,0.6506131
1.5,6.977083,-28.97222,0.004,0.003,0.7465358,0.9907548,1.845714
5.06,6.973639,-34.11167,-0.006,0.005,0.7621466,0.9920915,1.786308
6.59,7.021444,32.41444,0.011,-0.02,0.9264704,0.9936338,1.285468
6.42,6.978833,-30.99778,0.004,0.021,0.7686149,0.9925749,1.762392
6.3,7.005,-5.366944,-0.118,0.088,1.068326,0.9815733,0.9861831
6.26,6.99425,-21.60333,-0.002,-0.01,0.765365,0.9923371,1.774358
5.96,7.006583,-8.406944,-0.009,0.001,0.788763,0.9938273,1.690417
6.31,7.00225,-20.15889,-0.028,-0.008,0.765365,0.9923371,1.774358
6.22,6.978278,-45.76806,-0.005,-0.021,0.8172955,0.9949792,1.594669
6.49,7.010917,-9.203056,-0.007,-0.006,0.9005912,0.994687,1.351465
6.53,7.005361,-22.11944,-0.006,-0.018,0.75896,0.9918383,1.798239
6.63,7.028167,4.818056,-0.006,-0.001,0.8398899,0.9954101,1.523629
5.18,7.040222,24.21528,-0.009,-0.001,1.267758,0.9519608,0.6911988
5.94,7.040417,17.75556,0.016,0.031,1.677979,0.8668221,0.3251773
5.74,7.038167,15.33611,0,-0.016,1.302141,0.9458218,0.6506131
6.59,7.031944,5.5575,-0.041,0.01,0.8099886,0.9947508,1.618527
6.27,6.977667,-55.72944,-0.073,-0.09,1.395897,0.9279408,0.5512831
5.82,7.042639,16.67417,0.017,-0.015,1.708597,0.8596255,0.3062224
6.17,7.031361,-1.345556,0.01,-0.027,1.467412,0.9134489,0.4839908
6.27,7.011833,-28.48944,-0.006,-0.034,1.009204,0.9877542,1.099447
6.45,6.976722,-56.39472,-0.03,-0.028,0.9808048,0.9901694,1.159356
5.2,7.032333,-5.722222,-0.016,0.001,1.708597,0.8596255,0.3062224
5.63,7.018306,-25.21528,-0.008,0.021,0.75896,0.9918383,1.798239
6.4,7.013833,-33.46528,0.019,0.091,1.331141,0.9404596,0.6182135
6.44,7.100361,59.80194,0.026,0.001,1.302141,0.9458218,0.6506131
5.93,7.058444,29.33722,0.153,-0.826,1.08357,0.9797518,0.959243
6.12,7.094389,52.75806,-0.024,-0.072,0.8594694,0.9954634,1.465249
6.38,7.085833,47.775,-0.001,-0.004,0.8027965,0.9944818,1.64245
3.47,7.028639,-27.93472,-0.005,0.005,1.739367,0.8523037,0.2880677
5.97,7.054972,9.138333,-0.023,0.006,0.8634652,0.9954395,1.45368
4.99,7.048556,-4.239167,-0.003,0.003,0.749593,0.9910358,1.833889
5.13,7.060556,10.95167,-0.008,-0.019,1.532952,0.8995316,0.4286416
3.79,7.068472,20.57028,-0.009,0,1.184081,0.9657693,0.8012163
5.98,7.064333,12.59444,0.002,0.001,1.647506,0.8738905,0.3449722
5.14,7.014306,-51.4025,-0.015,0.016,1.665772,0.869665,0.3329922
3.02,7.050417,-23.83333,-0.004,0.003,0.788763,0.9938273,1.690417
6.57,7.072278,1.488333,0.002,-0.012,0.8209915,0.9950778,1.582768
5.62,7.068111,-5.323611,-0.007,0.009,1.47335,0.912213,0.4787271
6.45,7.065917,-10.12417,-0.025,-0.011,0.788763,0.9938273,1.690417
4.12,7.062639,-15.63333,-0.002,-0.008,0.7752084,0.9930265,1.738424
6.43,7.037667,-43.40417,0.015,-0.012,0.8027965,0.9944818,1.64245
6.02,7.088444,22.63722,-0.006,-0.013,0.8063781,0.9946213,1.630482
5.55,7.103222,34.47389,-0.055,-0.048,1.250751,0.9549033,0.7122089
6.02,7.018083,-58.94,-0.058,0.144,0.9397373,0.9929382,1.253181
5.17,6.997361,-67.91611,-0.033,0.241,1.538936,0.8982318,0.4238772
5.78,7.094194,9.185833,0.048,-0.02,1.611126,0.8821995,0.369895
6.09,7.07975,-22.03222,0.02,-0.058,1.431855,0.9207385,0.5166105
5.91,7.122861,34.00944,-0.028,-0.025,1.605082,0.8835657,0.3741778
5.2,7.067444,-42.33722,-0.008,0.072,0.8963644,0.9948192,1.36264
5.54,7.065917,-43.60806,-0.105,0.386,1.104171,0.9771553,0.9241761
6.79,7.066333,-43.61167,-0.109,0.371,1.189549,0.9649212,0.7934883
6.48,7.123611,28.17722,0.006,0.02,0.7853289,0.9936404,1.702421
6.49,7.097139,-10.66111,0,-0.029,0.799244,0.9943325,1.65443
7.68,7.122611,22.70361,0.003,-0.002,2.04252,0.7762531,0.1480811
4.93,7.064917,-49.58389,-0.045,0.146,0.8674873,0.9954039,1.442151
6.28,7.137028,33.83222,-0.01,-0.03,1.503099,0.9059449,0.4531172
5.5,7.054333,-59.17806,0.022,0.009,0.7785514,0.9932398,1.726427
6.16,7.143417,37.445,-0.008,-0.013,1.42594,0.9219321,0.5222255
6.11,7.118444,4.910278,-0.033,-0.02,0.7718961,0.9928048,1.750413
6.14,7.092222,-34.77778,-0.043,0.041,0.9715175,0.9908733,1.179802
5.39,7.111306,-11.29417,-0.011,-0.005,0.836055,0.9953655,1.535403
6.48,7.109972,-12.39389,-0.018,0.007,0.781925,0.9934445,1.714426
6.34,7.100167,-30.65556,0,0.009,0.7621466,0.9920915,1.786308
6.35,7.232806,71.81667,0.025,0.02,1.372211,0.932602,0.5749471
5.75,7.130417,7.471111,0.007,-0.036,1.407792,0.9255665,0.539732
5.17,7.07175,-56.74972,0.005,-0.001,0.8027965,0.9944818,1.64245
5.44,7.139444,15.93083,-0.008,-0.099,1.319505,0.9426305,0.6310211
6.11,7.100639,-38.38278,0.014,0.017,1.135646,0.9729076,0.8733891
6.08,7.114528,-24.96056,-0.031,0.007,1.503099,0.9059449,0.4531172
6.46,7.087917,-50.36028,-0.011,0.032,1.302141,0.9458218,0.6506131
6.62,7.116694,-26.65778,0.016,-0.032,0.75896,0.9918383,1.798239
5.45,6.942889,-79.42028,-0.007,0,0.836055,0.9953655,1.535403
5.71,7.122944,-23.84028,-0.005,0.023,0.781925,0.9934445,1.714426
5.79,7.118639,-40.89333,-0.007,0.004,0.75896,0.9918383,1.798239
6.43,7.168528,21.24694,-0.167,-0.478,1.239485,0.9568162,0.7264869
1.84,7.139861,-26.39333,-0.003,0.004,1.12508,0.9743699,0.8900779
6.21,7.155639,-10.34722,0.005,-0.02,0.8284677,0.9952433,1.559035
6.65,7.147028,-24.04417,-0.013,-0.009,0.7526829,0.9913102,1.822032
4.9,7.19425,39.32056,0.044,0.003,1.568927,0.8916483,0.4006839
4.41,7.185667,30.24528,-0.03,-0.045,1.455546,0.9159029,0.4946641
5.96,7.120361,-51.96778,-0.008,0.057,1.302141,0.9458218,0.6506131
6.03,7.159222,-16.23472,-0.022,-0.009,0.8398899,0.9954101,1.523629
5.78,7.18975,26.85667,-0.023,-0.036,0.8555,0.9954757,1.476855
4.92,7.170472,-4.237222,0,0.215,1.319505,0.9426305,0.6310211
4.83,7.147528,-39.65583,-0.009,0.002,0.7558053,0.9915778,1.810148
5.47,7.223167,51.42889,0.006,0.014,1.702462,0.8610749,0.3099481
5.69,7.161917,-25.23111,-0.012,0.006,0.7621466,0.9920915,1.786308
6.23,7.16925,-18.68528,-0.01,0.016,0.9854823,0.9897984,1.149222
5.85,7.207333,24.12833,-0.022,-0.048,0.966908,0.9912063,1.190112
5.45,7.189889,-0.3019444,-0.031,-0.011,0.9352911,0.9931827,1.263889
5.46,7.172056,-27.49139,-0.003,0.009,1.302141,0.9458218,0.6506131
6.31,7.42275,81.2575,-0.005,-0.026,0.8027965,0.9944818,1.64245
6.09,7.197583,5.654722,-0.017,-0.008,0.8099886,0.9947508,1.618527
6.43,7.213611,27.22472,0.01,-0.104,1.028574,0.9858926,1.060716
6.47,7.103917,-68.83722,-0.004,0.008,1.325317,0.9415493,0.6245921
6.16,7.202056,5.474722,-0.036,0.005,1.384036,0.9302863,0.5630207
4.15,7.19775,-0.4927778,-0.001,0.005,0.8136278,0.9948701,1.606589
5.2,7.26525,59.6375,-0.101,-0.259,1.342822,0.9382551,0.6056062
5.84,7.194889,-20.88306,-0.003,0.022,0.8027965,0.9944818,1.64245
5,7.222861,16.15889,0.013,-0.042,1.696332,0.8625193,0.3137062
5.92,7.203389,-25.9425,-0.009,0.011,0.75896,0.9918383,1.798239
5.14,7.179861,-48.93222,-0.012,0.192,1.443694,0.9183328,0.5055358
6.1,7.201139,-30.82167,-0.039,0.015,0.9264704,0.9936338,1.285468
5.58,7.263917,47.24,0.03,-0.183,1.073387,0.9809783,0.977142
6.89,7.240722,24.71083,0.003,-0.016,0.8063781,0.9946213,1.630482
5.78,7.218667,-11.25139,-0.003,0.008,1.605082,0.8835657,0.3741778
6.59,7.206694,-27.47417,-0.025,0.008,0.8921627,0.9949391,1.373863
5.82,7.244972,24.885,0.047,-0.092,1.635357,0.8766814,0.3531348
5.96,7.207139,-36.54444,-0.022,0.004,0.7686149,0.9925749,1.762392
5.31,7.204389,-40.49889,-0.018,-0.015,0.8398899,0.9954101,1.523629
5.62,7.242389,12.11583,-0.05,-0.02,1.307917,0.9447668,0.6440313
5.35,7.238889,3.111389,-0.006,-0.002,1.414119,0.924301,0.5336135
6.01,7.223306,-22.67333,0.006,-0.008,1.586981,0.8876316,0.387255
5.75,7.236389,-3.901389,-0.015,0.007,1.647506,0.8738905,0.3449722
5.9,7.237639,-9.9475,-0.004,0.004,1.611126,0.8821995,0.369895
6.36,7.230083,-22.90639,-0.012,-0.017,0.7465358,0.9907548,1.845714
6.12,7.22675,-27.35639,-0.025,0.006,0.7405209,0.9901739,1.869259
5.69,7.145056,-70.49722,0.007,0.101,0.9854823,0.9897984,1.149222
3.78,7.145806,-70.49889,0.023,0.106,1.325317,0.9415493,0.6245921
5.92,7.292694,52.13083,-0.001,-0.025,1.455546,0.9159029,0.4946641
5.71,7.265861,27.8975,-0.016,0.001,1.677979,0.8668221,0.3251773
6.03,7.241167,-10.31667,-0.004,-0.011,0.7558053,0.9915778,1.810148
4.49,7.209333,-46.75944,-0.132,0.103,0.9487008,0.9924115,1.231931
6.6,7.22975,-31.08389,-0.014,-0.002,0.75896,0.9918383,1.798239
4.96,7.517889,82.41139,-0.006,-0.042,1.696332,0.8625193,0.3137062
6.33,7.232556,-30.34,-0.015,-0.006,0.749593,0.9910358,1.833889
6.41,7.255361,-0.1613889,-0.02,-0.002,1.24511,0.9558647,0.7193206
4.66,7.237556,-26.3525,-0.009,0.007,0.7526829,0.9913102,1.822032
4.89,7.220389,-45.18306,-0.019,-0.099,0.8099886,0.9947508,1.618527
5.82,7.260944,7.977778,0.029,0.007,1.659678,0.8710787,0.3369508
5.1,7.225667,-44.63972,0.114,0.33,1.635357,0.8766814,0.3531348
3.85,7.246861,-26.77278,-0.008,0.006,0.75896,0.9918383,1.798239
5.58,7.247528,-27.03806,-0.049,-0.03,1.431855,0.9207385,0.5166105
5.05,7.308861,49.465,-0.004,0.014,0.8476411,0.9954656,1.500175
5.95,7.261972,-10.58389,0.011,-0.007,1.407792,0.9255665,0.539732
5.78,7.300611,40.88333,-0.015,0.013,0.8838352,0.9951422,1.396449
6.02,7.200556,-63.19,-0.003,0,0.8099886,0.9947508,1.618527
6.32,7.263194,-23.74056,0.017,0.007,1.302141,0.9458218,0.6506131
5.36,7.255833,-30.68639,-0.018,0.013,0.75896,0.9918383,1.798239
6.24,7.301139,30.95583,-0.004,-0.028,0.8063781,0.9946213,1.630482
5.46,7.270694,-15.58583,-0.05,-0.015,0.8476411,0.9954656,1.500175
5.94,7.249194,-41.42583,0.009,0.022,0.7621466,0.9920915,1.786308
6.65,7.288278,6.680556,0.001,-0.015,0.7785514,0.9932398,1.726427
5.72,7.246083,-46.84972,-0.018,-0.008,0.7785514,0.9932398,1.726427
4.76,7.243944,-48.27167,0.004,0.004,0.781925,0.9934445,1.714426
3.58,7.301556,16.54028,-0.048,-0.037,0.8594694,0.9954634,1.465249
4.79,7.276889,-23.31556,-0.01,0.002,1.727041,0.8552473,0.295236
6.29,7.292139,-6.68,-0.014,0.011,1.671872,0.8682461,0.3290678
4.64,7.276389,-27.88111,-0.01,0.043,1.659678,0.8710787,0.3369508
5.97,7.255833,-52.49972,-0.058,0.103,1.360425,0.934887,0.587065
6.32,7.282556,-30.89667,0.005,-0.021,0.8963644,0.9948192,1.36264
5.8,7.2755,-38.31889,-0.015,0.005,0.7718961,0.9928048,1.750413
5.03,7.280417,-36.59278,0.001,-0.002,0.75896,0.9918383,1.798239
5.66,7.270972,-46.77444,0.009,0.035,1.562919,0.8929762,0.4052402
6.35,7.371444,59.90194,0.003,0.014,1.302141,0.9458218,0.6506131
2.7,7.285722,-37.0975,-0.009,0.004,1.671872,0.8682461,0.3290678
6.46,7.296639,-26.7975,-0.01,0.001,0.765365,0.9923371,1.774358
6.35,7.350861,42.65556,-0.019,-0.046,1.57494,0.8903149,0.3961679
5.77,7.354861,45.22806,-0.048,0.004,0.9487008,0.9924115,1.231931
3.53,7.335389,21.98222,-0.026,-0.012,0.957758,0.9918342,1.210907
5.89,7.322889,2.740556,0,-0.013,1.342822,0.9382551,0.6056062
5.91,7.329889,7.142778,0.06,-0.063,1.048284,0.9838315,1.02296
6.45,7.33525,15.14278,0.011,-0.017,0.8099886,0.9947508,1.618527
4.98,7.311194,-24.55889,-0.006,0,0.765365,0.9923371,1.774358
4.4,7.311778,-24.95417,-0.009,0.01,0.765365,0.9923371,1.774358
6.53,7.380806,55.28444,0.004,-0.024,1.302141,0.9458218,0.6506131
5.45,7.381139,55.28139,-0.003,-0.029,1.302141,0.9458218,0.6506131
6.09,7.317222,-19.28028,0.008,0.002,1.093832,0.9784774,0.941588
5.28,7.314222,-26.58583,-0.017,0.008,1.279166,0.9499515,0.6774598
4.66,7.305111,-36.73417,-0.003,0.001,0.781925,0.9934445,1.714426
5.7,7.324472,-16.395,0.157,-0.132,0.9623215,0.9915266,1.200481
5.85,7.301167,-43.98667,-0.015,0.001,0.7752084,0.9930265,1.738424
5.11,7.310611,-36.74278,-0.002,0.003,0.7621466,0.9920915,1.786308
5.25,7.309333,-39.21028,0.01,0.007,0.8209915,0.9950778,1.582768
6.4,7.370389,38.99611,-0.003,-0.038,1.431855,0.9207385,0.5166105
5.13,7.367389,36.76056,-0.098,-0.023,1.348679,0.9371404,0.5993768
6.3,7.320472,-33.72722,-0.013,-0.013,1.485238,0.9097234,0.468343
5.1,7.365778,20.44361,-0.066,-0.027,1.611126,0.8821995,0.369895
5.45,7.3495,-14.36,-0.018,0.016,1.290627,0.9479049,0.663932
6.41,7.577694,80.89667,-0.01,0.003,1.302141,0.9458218,0.6506131
6.55,7.354694,-8.878333,0.036,-0.156,1.053264,0.9832854,1.013674
6.61,7.348111,-22.85167,0.006,-0.042,0.765365,0.9923371,1.774358
6.01,7.348611,-26.96361,0.01,0.019,0.75896,0.9918383,1.798239
5.99,7.367639,0.1772222,0.001,0.004,0.792227,0.9940051,1.678416
5.87,7.351194,-25.89139,-0.012,0.025,1.68409,0.8653929,0.3213205
3.98,7.2805,-67.95722,-0.007,0.005,1.184081,0.9657693,0.8012163
5.8,7.415889,51.88722,0.014,-0.035,1.665772,0.869665,0.3329922
5.19,7.402361,40.67222,-0.006,-0.023,1.437773,0.9195387,0.5110475
6.43,7.367222,-8.979167,0.006,0.021,0.7526829,0.9913102,1.822032
6.23,7.371806,-2.978889,-0.016,0.003,1.12508,0.9743699,0.8900779
5.03,7.39125,25.05056,-0.069,-0.023,1.24511,0.9558647,0.7193206
6.47,7.457167,66.33167,-0.012,-0.032,0.7853289,0.9936404,1.702421
6.02,7.391167,22.94528,-0.022,-0.036,0.8136278,0.9948701,1.606589
5.82,7.373722,-5.982778,-0.011,-0.004,0.9623215,0.9915266,1.200481
4.96,7.370417,-19.01667,-0.006,-0.008,0.8027965,0.9944818,1.64245
6.05,7.339278,-52.31167,-0.036,0.134,0.9949045,0.9890186,1.129132
6.6,7.339361,-52.30972,-0.04,0.124,1.078469,0.9803711,0.968162
5.39,7.344083,-52.08611,-0.019,-0.007,0.792227,0.9940051,1.678416
5.76,7.409278,27.63806,0.012,0.017,0.957758,0.9918342,1.210907
6.41,7.407694,15.51722,0.011,0.004,0.7558053,0.9915778,1.810148
4.64,7.445222,49.21139,-0.013,-0.05,0.8099886,0.9947508,1.618527
5.43,7.3835,-31.92389,-0.014,0.004,0.765365,0.9923371,1.774358
5.3,7.416167,11.66972,-0.017,-0.014,0.8555,0.9954757,1.476855
3.79,7.428778,27.79806,-0.123,-0.086,1.319505,0.9426305,0.6310211
5.38,7.391417,-27.83417,0.045,0.005,1.617176,0.880828,0.3656496
5.39,7.392194,-32.20222,-0.009,0.004,0.7558053,0.9915778,1.810148
6.6,7.398417,-30.21694,-0.019,0.009,0.749593,0.9910358,1.833889
5.33,7.411139,-16.20111,-0.014,-0.01,0.799244,0.9943325,1.65443
6.19,7.404778,-22.91278,-0.016,0,0.7853289,0.9936404,1.702421
2.45,7.401583,-29.30306,-0.004,0.005,0.788763,0.9938273,1.690417
4.99,7.427472,9.276111,-0.006,-0.011,1.307917,0.9447668,0.6440313
6.31,7.399528,-35.83778,-0.018,0.018,0.765365,0.9923371,1.774358
5.64,7.514639,68.46556,-0.01,-0.038,1.366313,0.9337484,0.580982
6.24,7.414083,-19.01222,-0.021,0.005,0.9352911,0.9931827,1.263889
5.78,7.418972,-13.75194,-0.204,-0.004,0.9949045,0.9890186,1.129132
5.97,7.430833,-5.775,-0.029,-0.004,1.256405,0.9539321,0.7051516
5.35,7.412167,-31.80889,-0.02,0.01,1.342822,0.9382551,0.6056062
6.54,7.447278,21.53583,-0.315,-0.02,1.014014,0.9873076,1.089673
6.37,7.441083,10.60833,-0.021,0.005,0.8515572,0.9954764,1.488497
5.93,7.448972,20.25722,-0.005,-0.019,0.9397373,0.9929382,1.253181
6.76,7.434306,-4.5375,0.009,-0.018,0.8136278,0.9948701,1.606589
6.05,7.422194,-21.98278,-0.01,0.003,0.9091193,0.9943857,1.329262
6.41,7.444806,11.00917,0.009,-0.002,0.7718961,0.9928048,1.750413
5.78,7.423694,-25.21778,-0.005,-0.002,0.781925,0.9934445,1.714426
6.97,7.413111,-37.29,0.016,0.009,0.9048428,0.9945425,1.340338
6.84,7.413139,-37.29083,-0.02,0.044,0.9264704,0.9936338,1.285468
5.72,7.481,48.18389,0.007,-0.049,0.781925,0.9934445,1.714426
2.9,7.4525,8.289444,-0.052,-0.038,0.7853289,0.9936404,1.702421
5.22,7.462333,21.445,-0.058,-0.121,0.9808048,0.9901694,1.159356
6.31,7.428611,-31.73861,0,0.007,0.75896,0.9918383,1.798239
6.47,6.782972,-87.025,0.006,0.004,0.9949045,0.9890186,1.129132
5.36,7.498889,49.6725,0.114,-0.08,1.009204,0.9877542,1.099447
6.56,7.444639,-23.71222,-0.006,0.023,0.8209915,0.9950778,1.582768
5.25,7.46725,6.941944,-0.004,-0.044,0.9048428,0.9945425,1.340338
4.18,7.485194,31.78444,0.155,0.175,0.9487008,0.9924115,1.231931
5.63,7.452222,-17.86444,0.002,0.015,0.9487008,0.9924115,1.231931
4.32,7.469389,8.925556,-0.062,0.017,1.556916,0.8942985,0.4098373
5.61,7.449833,-23.08611,-0.012,0.004,0.7718961,0.9928048,1.750413
5.9,7.445083,-34.14083,-0.027,0,0.75896,0.9918383,1.798239
5.05,7.489,28.11806,-0.041,-0.056,0.8594694,0.9954634,1.465249
6.22,7.479806,15.10944,0.004,-0.025,0.799244,0.9943325,1.65443
5.79,7.464361,-11.55694,-0.004,-0.001,1.073387,0.9809783,0.977142
5.95,7.461917,-22.85972,-0.005,-0.017,0.7853289,0.9936404,1.702421
5.01,7.496861,27.91611,-0.034,-0.024,1.366313,0.9337484,0.580982
5.1,7.439417,-51.01833,0.001,0.008,1.336976,0.9393615,0.611885
5.54,7.466444,-29.15583,-0.006,0.008,0.788763,0.9938273,1.690417
4.54,7.496611,12.00667,0,-0.019,1.467412,0.9134489,0.4839908
5.59,7.488528,-1.905278,-0.015,-0.005,1.599043,0.8849264,0.3784985
5.86,7.490472,-7.551111,0.064,0.131,1.023699,0.9863767,1.070307
5.75,7.489472,-10.32667,-0.001,0.001,1.671872,0.8682461,0.3290678
6.05,7.489417,-14.99917,-0.185,-0.254,1.018846,0.9868484,1.07996
6.58,7.473,-37.81028,-0.02,-0.05,0.8398899,0.9954101,1.523629
6.38,7.480917,-31.84833,0.008,0.003,0.75896,0.9918383,1.798239
7.13,7.480972,-31.84694,-0.036,0.003,0.765365,0.9923371,1.774358
6.54,7.532139,38.89639,-0.035,-0.014,0.843752,0.9954435,1.511886
5.77,7.484694,-31.45639,-0.014,0.002,0.7526829,0.9913102,1.822032
4.85,7.497611,-23.02444,-0.004,-0.006,0.9091193,0.9943857,1.329262
5.43,7.484917,-38.81222,-0.016,0.011,0.7621466,0.9920915,1.786308
6.24,7.514194,-5.226389,-0.006,-0.002,1.407792,0.9255665,0.539732
5.42,7.530111,17.08611,0.043,-0.078,1.378119,0.9314479,0.5689601
3.25,7.487167,-43.30139,-0.055,0.187,1.605082,0.8835657,0.3741778
6.54,7.547389,22.88778,-0.025,-0.012,1.307917,0.9447668,0.6440313
5.25,7.534972,1.914444,-0.003,-0.003,0.9048428,0.9945425,1.340338
4.65,7.511806,-30.96222,-0.021,0,1.262074,0.9529513,0.6981484
6.65,7.511778,-37.33972,-0.098,0.042,1.098992,0.9778222,0.9328517
5.9,7.534944,-8.880833,-0.09,-0.157,1.053264,0.9832854,1.013674
5.87,7.499889,-52.65111,-0.031,0.058,1.307917,0.9447668,0.6440313
6.68,7.523833,-36.15278,-0.004,0.022,0.7752084,0.9930265,1.738424
5.25,7.560139,15.82667,-0.019,-0.012,0.836055,0.9953655,1.535403
5.59,7.553222,3.290278,-0.018,0.038,0.9442073,0.9926812,1.242528
6.39,7.480917,-64.51,-0.011,-0.016,1.635357,0.8766814,0.3531348
6.61,7.528556,-35.88778,0.011,0.007,0.788763,0.9938273,1.690417
2.88,7.576667,31.88861,-0.172,-0.099,0.8322476,0.9953098,1.547205
1.98,7.576667,31.88833,-0.171,-0.098,0.8284677,0.9952433,1.559035
5.96,7.508583,-54.39944,0.018,0.021,1.635357,0.8766814,0.3531348
6.28,7.568083,10.56833,-0.005,-0.009,0.8136278,0.9948701,1.606589
5.92,7.613056,55.75528,-0.015,-0.035,1.372211,0.932602,0.5749471
6.3,7.539528,-35.96139,-0.012,0.005,0.781925,0.9934445,1.714426
5.33,7.58575,30.96111,-0.033,0.013,1.307917,0.9447668,0.6440313
6.21,7.556139,-14.33833,-0.01,-0.004,0.8027965,0.9944818,1.64245
6.3,7.598889,43.03111,-0.024,-0.05,1.302141,0.9458218,0.6506131
5.66,7.555417,-19.4125,0.022,-0.067,1.372211,0.932602,0.5749471
5.85,7.552694,-24.71083,-0.01,0.013,0.8838352,0.9951422,1.396449
5.81,7.571056,3.371389,-0.012,-0.014,0.8099886,0.9947508,1.618527
4.97,7.563306,-14.52389,-0.012,0.004,1.544924,0.8969263,0.4191554
5.65,7.608778,46.18028,-0.028,-0.032,1.635357,0.8766814,0.3531348
6.55,7.579444,2.725,-0.043,-0.027,0.9048428,0.9945425,1.340338
4.06,7.598694,26.89583,-0.034,-0.106,1.623231,0.8794511,0.3614414
4.45,7.567556,-22.29611,-0.04,0.046,1.038387,0.9848868,1.041715
6.26,7.55375,-40.05889,0.02,-0.01,0.7752084,0.9930265,1.738424
6.52,7.553694,-43.08639,0.005,-0.035,1.256405,0.9539321,0.7051516
5.83,7.571833,-23.47361,-0.095,0.002,1.004415,0.9881883,1.109282
5.87,7.571972,-23.47472,-0.111,-0.01,1.302141,0.9458218,0.6506131
5.54,7.564167,-36.33833,-0.012,0.001,0.7957208,0.9941736,1.666419
6.65,7.574667,-26.11667,-0.019,-0.025,0.8136278,0.9948701,1.606589
6.11,7.570222,-33.46333,-0.056,0.07,0.9352911,0.9931827,1.263889
5.92,7.631639,48.77361,-0.026,-0.032,0.9048428,0.9945425,1.340338
6.38,7.621611,40.02528,-0.011,-0.05,1.302141,0.9458218,0.6506131
5.77,7.576361,-27.01194,-0.039,0.079,1.336976,0.9393615,0.611885
6.76,7.56625,-39.90583,-0.017,0.045,1.378119,0.9314479,0.5689601
5.91,7.609639,5.861667,-0.111,0.011,1.08357,0.9797518,0.959243
5.53,7.427222,-79.09417,-0.033,0.003,1.467412,0.9134489,0.4839908
6.27,7.604611,-8.311389,0.035,0.002,1.623231,0.8794511,0.3614414
5.7,7.601083,-14.49278,-0.01,0.003,0.7752084,0.9930265,1.738424
4.64,7.589667,-28.36944,-0.074,-0.019,0.7785514,0.9932398,1.726427
6.34,7.602167,-22.16056,0.044,-0.018,1.296378,0.9468679,0.6572466
5.56,7.642444,35.04861,0.037,0.03,1.262074,0.9529513,0.6981484
6.28,7.577639,-51.47472,-0.006,-0.001,0.8476411,0.9954656,1.500175
6.27,7.637361,24.36028,0.025,0.013,1.302141,0.9458218,0.6506131
5.13,7.621306,-4.111111,-0.068,0.017,1.004415,0.9881883,1.109282
5.74,7.611389,-19.70222,-0.007,0.005,0.7526829,0.9913102,1.822032
6.06,7.680417,57.08278,-0.018,-0.005,1.57494,0.8903149,0.3961679
4.9,7.65275,34.58417,-0.037,-0.117,0.9854823,0.9897984,1.149222
6.17,7.653306,24.2225,-0.012,0.002,0.8209915,0.9950778,1.582768
6.53,7.627472,-14.44111,0.014,-0.004,0.8136278,0.9948701,1.606589
6.37,7.621333,-23.775,-0.015,0.022,1.053264,0.9832854,1.013674
4.94,7.594361,-52.53389,0.024,-0.016,1.538936,0.8982318,0.4238772
5.73,7.670722,38.34444,-0.05,-0.009,1.677979,0.8668221,0.3251773
6.17,7.665028,32.00972,-0.019,-0.045,0.9623215,0.9915266,1.200481
4.53,7.622806,-34.96861,-0.022,0.014,0.7853289,0.9936404,1.702421
5.05,7.657944,17.67472,0.005,0.004,1.635357,0.8766814,0.3531348
5.56,7.686778,48.13167,-0.054,-0.128,1.307917,0.9447668,0.6440313
5.72,7.612194,-48.83028,-0.001,-0.003,0.7957208,0.9941736,1.666419
6.39,7.600472,-55.8875,-0.002,0.01,1.407792,0.9255665,0.539732
6.6,7.629111,-35.27722,-0.027,0.012,1.384036,0.9302863,0.5630207
0.38,7.655028,5.225,-0.71,-1.023,0.9949045,0.9890186,1.129132
4.7,7.638333,-25.36472,-0.007,-0.007,0.7785514,0.9932398,1.726427
6.38,7.629222,-38.01056,0.007,0.058,1.586981,0.8876316,0.387255
4.99,7.716778,58.71028,-0.037,-0.051,0.8476411,0.9954656,1.500175
6.72,7.651972,-18.67917,-0.021,-0.026,0.781925,0.9934445,1.714426
4.5,7.647028,-26.80167,-0.017,0.019,0.75896,0.9918383,1.798239
4.62,7.647167,-26.80361,-0.029,0.028,1.302141,0.9458218,0.6506131
6.02,7.668611,5.230833,-0.008,-0.023,0.8027965,0.9944818,1.64245
5.89,7.682917,23.01861,-0.01,-0.011,1.647506,0.8738905,0.3449722
6.59,7.640056,-39.99139,0.013,0.018,0.799244,0.9943325,1.65443
6.24,7.679806,13.77083,0.01,-0.016,1.302141,0.9458218,0.6506131
5.8,7.645528,-36.49694,-0.007,0.001,0.7621466,0.9920915,1.786308
6.19,7.642389,-38.78111,0.03,-0.028,1.313705,0.943703,0.6375007
6.5,7.657472,-26.86306,-0.013,0.001,0.781925,0.9934445,1.714426
5.68,7.638389,-48.60111,0.002,0.008,1.10937,0.9764765,0.9155611
6.01,7.676528,-8.185833,0.016,-0.037,0.8756096,0.995297,1.419215
4.94,7.673111,-15.26361,-0.01,-0.022,1.635357,0.8766814,0.3531348
5.93,7.670444,-19.66083,0.007,0.011,1.395897,0.9279408,0.5512831
4.84,7.657611,-38.30833,-0.014,0.004,0.7526829,0.9913102,1.822032
6.02,7.712083,34.00028,-0.08,-0.003,1.302141,0.9458218,0.6506131
5.73,7.662167,-38.13944,-0.019,0.011,0.7752084,0.9930265,1.738424
5.76,7.663278,-38.26083,-0.011,0.004,0.792227,0.9940051,1.678416
5.77,7.697722,13.48056,-0.039,-0.02,1.702462,0.8610749,0.3099481
5.94,7.693111,3.624722,0.015,-0.025,0.8027965,0.9944818,1.64245
5.56,7.700889,14.20833,-0.004,-0.012,1.68409,0.8653929,0.3213205
6,7.666111,-37.57944,0.001,-0.01,0.8027965,0.9944818,1.64245
5.27,7.7345,50.43389,-0.005,-0.026,0.8172955,0.9949792,1.594669
3.93,7.687444,-9.551111,-0.073,-0.019,1.313705,0.943703,0.6375007
6.06,7.650111,-53.27333,-0.009,0.008,0.7785514,0.9932398,1.726427
6.76,7.678722,-27.94583,0.007,-0.017,0.7621466,0.9920915,1.786308
4.28,7.721861,28.88361,0.065,-0.232,1.372211,0.932602,0.5749471
6.56,7.681306,-31.66083,0.014,0.012,1.407792,0.9255665,0.539732
5.92,7.777806,65.45583,0.027,0.018,1.407792,0.9255665,0.539732
6.18,7.689889,-22.33722,0.022,-0.004,1.671872,0.8682461,0.3290678
6.49,7.774278,62.83056,-0.036,-0.057,0.9220961,0.9938405,1.296338
6.21,7.722833,22.39944,-0.026,0.013,1.262074,0.9529513,0.6981484
7.16,7.589361,-74.27556,-0.007,0.009,0.8099886,0.9947508,1.618527
7.26,7.589389,-74.27556,-0.007,0.009,1.302141,0.9458218,0.6506131
5.42,7.687722,-38.53361,-0.017,0.013,0.765365,0.9923371,1.774358
6.19,7.718167,0.1894444,0.008,-0.012,1.313705,0.943703,0.6375007
5.31,7.73525,25.78417,-0.02,-0.016,1.623231,0.8794511,0.3614414
6.41,7.689389,-44.63222,0.01,0,0.8172955,0.9949792,1.594669
3.57,7.740778,24.39806,-0.033,-0.052,1.262074,0.9529513,0.6981484
6.54,7.699444,-38.52889,-0.017,0.002,0.7853289,0.9936404,1.702421
6.43,7.737222,12.85944,-0.024,-0.042,1.302141,0.9458218,0.6506131
5.64,7.713361,-26.35111,-0.005,-0.027,1.296378,0.9468679,0.6572466
6.47,7.735389,2.405,-0.048,-0.022,0.8963644,0.9948192,1.36264
1.14,7.75525,28.02611,-0.628,-0.046,1.302141,0.9458218,0.6506131
6.33,7.752583,20.31639,-0.014,0.008,0.8172955,0.9949792,1.594669
6.55,7.727528,-25.50389,0.001,-0.005,0.8398899,0.9954101,1.523629
4.59,7.725667,-28.41111,-0.014,0.025,1.677979,0.8668221,0.3251773
5.6,7.72,-36.05028,-0.019,0.008,0.7718961,0.9928048,1.750413
6.89,7.718611,-38.86417,0.009,-0.018,1.313705,0.943703,0.6375007
3.96,7.730139,-28.95472,0.002,0.005,0.8879863,0.9950467,1.385133
6.56,7.938139,80.26556,-0.476,0.09,1.151633,0.9706286,0.8488025
5.06,7.715889,-45.17333,-0.066,-0.558,1.17863,0.9666066,0.8090019
5.18,7.777583,37.5175,0.027,0.014,1.647506,0.8738905,0.3449722
6.18,7.601167,-77.63417,0.006,0.009,1.739367,0.8523037,0.2880677
6.4,7.728583,-38.20194,-0.025,0.006,0.7621466,0.9920915,1.786308
5.17,7.728306,-40.93389,0.133,-0.175,1.360425,0.934887,0.587065
4.88,7.768722,18.51,-0.076,-0.058,1.568927,0.8916483,0.4006839
5.62,7.742778,-24.67389,-0.03,0.016,0.7526829,0.9913102,1.822032
6.57,7.718583,-49.99278,-0.005,-0.006,0.843752,0.9954435,1.511886
6.43,7.702833,-58.63083,-0.001,0.003,0.781925,0.9934445,1.714426
5.8,7.736,-36.06278,-0.083,0.076,0.9442073,0.9926812,1.242528
5.3,7.771167,10.76833,-0.029,-0.024,0.8209915,0.9950778,1.582768
6.89,7.757972,-14.68611,-0.016,-0.018,1.302141,0.9458218,0.6506131
6.07,7.758083,-14.69083,-0.014,-0.026,0.8594694,0.9954634,1.465249
5.88,7.742833,-37.94306,-0.018,0.004,0.7785514,0.9932398,1.726427
6.21,7.714806,-58.23,-0.03,0.033,1.331141,0.9404596,0.6182135
5.14,7.79175,33.41556,-0.018,-0.029,1.659678,0.8710787,0.3369508
5.49,7.767278,-6.7725,0.056,-0.094,1.526972,0.9008257,0.4334489
5.04,7.765806,-14.56389,-0.012,0.006,0.9532177,0.9921292,1.221391
6.54,7.751278,-37.88778,-0.023,0.007,0.781925,0.9934445,1.714426
3.61,7.75425,-37.96861,-0.01,0.002,1.739367,0.8523037,0.2880677
5.37,7.759722,-34.17306,-0.279,1.665,1.08357,0.9797518,0.959243
6.39,7.779139,-12.67528,0.018,0,0.8099886,0.9947508,1.618527
6.03,7.755028,-43.75222,-0.004,0.002,0.792227,0.9940051,1.678416
6.18,7.809333,23.14111,-0.011,0.008,1.302141,0.9458218,0.6506131
5.88,7.769556,-37.93389,-0.035,0.004,0.7785514,0.9932398,1.726427
5.9,7.786806,-22.51972,-0.013,0.007,0.7526829,0.9913102,1.822032
3.95,7.697,-72.60611,0.03,0.018,1.325317,0.9415493,0.6245921
6.57,7.775944,-40.05972,-0.006,-0.001,0.7718961,0.9928048,1.750413
6.34,7.794028,-15.99083,-0.004,0.001,1.770289,0.8448597,0.2706763
6.43,7.795889,-16.01444,0,-0.001,1.720887,0.8567117,0.2988666
6.02,7.851583,54.12917,-0.041,0.051,1.014014,0.9873076,1.089673
5.48,7.799083,-12.19306,-0.111,0.059,1.023699,0.9863767,1.070307
6.04,7.817222,13.37083,0.051,-0.043,1.526972,0.9008257,0.4334489
6.12,7.759889,-56.7225,0.005,0.016,0.9808048,0.9901694,1.159356
6.31,7.784944,-39.33139,-0.01,-0.005,0.75896,0.9918383,1.798239
6.53,7.816361,4.332778,-0.036,-0.031,1.17863,0.9666066,0.8090019
4.5,7.801444,-25.93722,-0.009,0.006,0.799244,0.9943325,1.65443
5.08,7.790278,-38.51111,-0.006,0,0.781925,0.9934445,1.714426
6.38,7.745528,-66.07194,-0.015,0.043,1.273455,0.9509609,0.6843027
5.23,7.792083,-46.60861,-0.002,0.004,0.7686149,0.9925749,1.762392
6.18,7.736944,-69.82139,-0.05,0.011,0.7957208,0.9941736,1.666419
6.38,7.876833,55.20944,-0.004,-0.039,1.302141,0.9458218,0.6506131
6.03,7.850639,33.23361,-0.017,0.001,0.8756096,0.995297,1.419215
6.14,7.802361,-40.65222,-0.003,-0.029,1.647506,0.8738905,0.3449722
6.23,7.824611,-13.35333,-0.035,-0.018,0.7853289,0.9936404,1.702421
5.33,7.817139,-24.91222,-0.03,0.019,1.167779,0.9682485,0.8247469
5.18,7.828111,-17.22833,0.052,-0.117,1.467412,0.9134489,0.4839908
3.34,7.821583,-24.85972,-0.003,-0.002,1.443694,0.9183328,0.5055358
4.71,7.805639,-47.07778,-0.088,-0.078,1.336976,0.9393615,0.611885
5.61,7.836278,-9.183333,-0.001,0.004,1.562919,0.8929762,0.4052402
6.56,7.829222,-20.20694,-0.053,-0.106,1.073387,0.9809783,0.977142
5.93,7.82075,-35.24333,0.001,0.009,0.799244,0.9943325,1.65443
6.18,7.8465,3.277222,0.054,-0.031,1.372211,0.932602,0.5749471
6.12,7.834917,-19.52361,-0.007,-0.002,1.455546,0.9159029,0.4946641
5.6,7.8265,-33.28889,-0.034,0,1.665772,0.869665,0.3329922
5.99,7.86575,19.32528,-0.055,-0.032,1.378119,0.9314479,0.5689601
6.16,7.848667,-11.12861,-0.001,-0.031,1.378119,0.9314479,0.5689601
4.11,7.820639,-46.37333,0,0.006,0.7558053,0.9915778,1.810148
6.33,7.805333,-56.47111,-0.026,0.003,1.307917,0.9447668,0.6440313
6.32,7.8245,-44.75194,-0.048,0.003,1.279166,0.9499515,0.6774598
5.84,7.82025,-46.85778,0,0.011,0.7686149,0.9925749,1.762392
5.14,7.861667,1.766944,-0.016,-0.003,0.7752084,0.9930265,1.738424
6.45,7.85,-24.52833,-0.012,-0.023,0.8136278,0.9948701,1.606589
6.31,7.868667,3.277222,0.047,-0.084,1.653589,0.8724872,0.3409441
5.59,7.818528,-56.41056,-0.003,0.007,1.378119,0.9314479,0.5689601
6.36,7.861361,-12.81944,-0.001,-0.011,0.9808048,0.9901694,1.159356
5.17,7.862861,-13.89806,-0.062,-0.34,1.08357,0.9797518,0.959243
6.25,7.908139,47.38611,-0.017,0.006,1.389962,0.9291172,0.5571284
5.45,7.911861,47.56472,-0.047,0.002,1.57494,0.8903149,0.3961679
4.97,7.891611,26.76583,-0.035,-0.031,0.8515572,0.9954764,1.488497
5.63,7.861917,-21.17389,-0.062,0.025,1.279166,0.9499515,0.6774598
6.45,7.845111,-44.57972,-0.022,0.021,1.24511,0.9558647,0.7193206
5.78,7.82025,-60.28361,-0.055,0.151,0.9949045,0.9890186,1.129132
5.91,7.839972,-50.50972,-0.06,-0.049,1.354547,0.9360177,0.5931965
5.76,7.879972,-5.428056,-0.017,-0.023,0.9901823,0.9894148,1.139147
5.69,7.871917,-14.84639,-0.011,-0.002,0.9715175,0.9908733,1.179802
6.32,7.855694,-43.09556,0.011,-0.01,0.75896,0.9918383,1.798239
5.41,8.00325,73.91806,-0.009,-0.037,1.550918,0.8956152,0.4144755
6.72,7.831889,-60.05111,0,0.02,1.443694,0.9183328,0.5055358
6.72,7.940778,56.50444,0,-0.024,1.302141,0.9458218,0.6506131
6.04,7.861194,-42.88833,-0.016,0.004,0.7558053,0.9915778,1.810148
5.01,7.871028,-34.70528,-0.194,0.243,1.004415,0.9881883,1.109282
3.73,7.870278,-40.57583,-0.01,0.003,1.325317,0.9415493,0.6245921
5.79,7.828056,-66.19583,0.003,-0.001,0.8027965,0.9944818,1.64245
5.42,8.07975,79.47972,-0.027,-0.049,0.7957208,0.9941736,1.666419
6.23,7.928,35.41278,-0.062,-0.023,0.9308688,0.9934145,1.274651
4.49,7.877417,-38.86306,-0.002,-0.006,0.7526829,0.9913102,1.822032
5.43,7.884306,-36.36389,-0.005,-0.005,1.395897,0.9279408,0.5512831
5.35,7.92775,19.88389,-0.018,-0.043,0.8027965,0.9944818,1.64245
5.86,7.925389,8.862778,-0.013,-0.087,0.9623215,0.9915266,1.200481
5.7,7.874917,-54.36722,-0.003,0.004,0.765365,0.9923371,1.774358
4.63,7.884361,-49.61306,0.002,0.016,0.7405209,0.9901739,1.869259
4.24,7.888389,-48.10306,0.004,0.001,0.7686149,0.9925749,1.762392
5.49,7.903056,-35.8775,-0.001,-0.01,0.7526829,0.9913102,1.822032
6.15,7.911083,-34.84694,-0.012,-0.02,1.617176,0.880828,0.3656496
6.17,7.939972,4.485833,-0.005,0,1.290627,0.9479049,0.663932
6.34,7.971278,43.9775,0.038,0.006,1.336976,0.9393615,0.611885
5.78,7.949833,15.79028,-0.028,-0.042,1.467412,0.9134489,0.4839908
6.44,7.920472,-30.9175,-0.047,0.043,1.302141,0.9458218,0.6506131
6.05,7.954417,8.641389,0.006,-0.017,1.302141,0.9458218,0.6506131
6.35,7.9545,1.126944,-0.172,-0.002,1.03347,0.9853959,1.051185
6.33,7.939667,-30.28528,0.004,-0.032,1.696332,0.8625193,0.3137062
6.38,7.916806,-52.58306,-0.008,0.017,0.8136278,0.9948701,1.606589
6.02,7.929583,-43.845,-0.012,0.002,0.7785514,0.9932398,1.726427
4.2,7.947639,-22.88,-0.026,0.009,1.146286,0.9713996,0.8569388
6.41,7.968278,7.213611,-0.02,-0.007,0.8027965,0.9944818,1.64245
5.99,7.975417,16.51861,-0.006,-0.001,1.580958,0.888976,0.3916917
5.63,7.914778,-57.30306,-0.077,0.023,1.479292,0.9109711,0.4735113
5.77,8.022417,59.0475,0.017,0.032,0.9808048,0.9901694,1.159356
6.78,7.940083,-40.73639,0.02,-0.002,0.7558053,0.9915778,1.810148
6.49,8.281611,84.05778,-0.013,-0.018,0.8284677,0.9952433,1.559035
6.01,8.028444,60.32444,-0.037,-0.02,0.8715355,0.9953564,1.430662
5.29,7.972389,2.224722,-0.158,0.099,1.256405,0.9539321,0.7051516
6.09,7.949417,-42.40611,0.029,0.023,1.515027,0.9033968,0.4431943
6.4,8.041889,63.09028,-0.012,-0.017,1.078469,0.9803711,0.968162
4.79,7.961139,-30.33472,-0.006,0.007,0.8756096,0.995297,1.419215
5.35,7.949417,-43.50028,0.001,0.013,0.7558053,0.9915778,1.810148
6.02,7.993083,13.24222,-0.019,-0.011,1.491187,0.9084697,0.4632215
5.09,7.955111,-44.10972,-0.008,0.009,0.75896,0.9918383,1.798239
3.47,7.946306,-52.98222,-0.029,0.021,0.7558053,0.9915778,1.810148
6.22,7.955556,-47.89028,-0.02,0.014,0.781925,0.9934445,1.714426
6.49,8.043278,57.27361,-0.027,-0.063,1.093832,0.9784774,0.941588
5.74,7.9385,-60.52639,-0.011,0.014,1.629291,0.8780689,0.3572699
5.17,7.964389,-45.57778,-0.006,0.02,1.461477,0.9146789,0.4893029
4.93,7.995583,-3.679722,-0.054,-0.003,1.42594,0.9219321,0.5222255
5.11,7.984917,-23.31056,-0.012,0.001,1.372211,0.932602,0.5749471
5.83,8.015528,25.39278,0.014,0.006,1.313705,0.943703,0.6375007
6.25,8.013333,19.81611,-0.001,-0.013,1.366313,0.9337484,0.580982
6.25,7.947417,-59.12639,-0.024,-0.019,1.959064,0.7978001,0.180548
6.34,8.016861,23.58306,-0.026,-0.024,1.302141,0.9458218,0.6506131
5.55,8.013139,17.30861,-0.012,-0.002,1.491187,0.9084697,0.4632215
4.41,7.970667,-49.245,-0.011,0.008,0.75896,0.9918383,1.798239
6.34,8.031972,35.41306,-0.043,-0.007,1.635357,0.8766814,0.3531348
4.61,7.997778,-18.39917,-0.002,-0.039,0.8476411,0.9954656,1.500175
6.31,8.028833,25.08972,-0.021,0.02,0.8209915,0.9950778,1.582768
6.44,7.972611,-51.44861,-0.046,0.034,0.9177461,0.9940347,1.307261
5.99,8.025083,16.45528,0.004,-0.005,0.8099886,0.9947508,1.618527
6.51,8.01225,-2.881667,-0.014,0.013,0.792227,0.9940051,1.678416
5.65,8.0205,4.879722,-0.038,0.009,0.8172955,0.9949792,1.594669
5.99,7.983833,-45.21611,-0.011,-0.004,0.7686149,0.9925749,1.762392
5.6,7.963028,-60.30333,0.517,0.114,1.068326,0.9815733,0.9861831
6.14,7.953472,-63.29694,-0.018,0.015,0.781925,0.9934445,1.714426
5.24,7.991222,-39.29722,-0.082,-0.043,0.9808048,0.9901694,1.159356
4.68,8.020361,-1.3925,0.068,-0.073,1.59301,0.8862817,0.3828574
6.32,7.98675,-49.97667,0,0.015,1.302141,0.9458218,0.6506131
6.34,7.987056,-49.97361,-0.008,0.013,1.302141,0.9458218,0.6506131
6.22,8.03075,8.913889,-0.002,0.022,1.068326,0.9815733,0.9861831
4.39,8.03775,2.334444,-0.031,0.105,1.449618,0.9171209,0.5000749
6.61,8.005444,-45.45694,0.008,0.001,1.461477,0.9146789,0.4893029
5.81,7.980694,-60.82444,-0.008,0.015,0.7853289,0.9936404,1.702421
6.02,8.004139,-48.98139,-0.015,0.047,0.8322476,0.9953098,1.547205
4.94,8.058639,27.79417,-0.026,-0.042,1.372211,0.932602,0.5749471
6.33,8.040556,-6.337222,0.006,-0.014,1.093832,0.9784774,0.941588
6.12,8.008028,-48.87139,-0.014,0.012,0.7785514,0.9932398,1.726427
6.33,7.9945,-60.2075,0.004,0.003,0.7957208,0.9941736,1.666419
5.17,7.993778,-60.58694,0.003,0.011,1.745539,0.8508246,0.2845295
5.95,8.027056,-37.28361,-0.017,0.008,0.8715355,0.9953564,1.430662
6.34,8.035056,-37.05056,0.016,-0.003,1.671872,0.8682461,0.3290678
5.87,8.013861,-54.15139,-0.023,0.008,0.7686149,0.9925749,1.762392
6.1,8.023028,-54.515,-0.018,0.021,0.8027965,0.9944818,1.64245
6.15,8.079222,18.84222,-0.035,-0.016,0.799244,0.9943325,1.65443
4.82,8.005556,-63.5675,0.001,0.017,0.75896,0.9918383,1.798239
5.82,8.051139,-32.46389,-0.017,0,1.431855,0.9207385,0.5166105
6.28,8.025417,-55.455,-0.017,-0.008,0.765365,0.9923371,1.774358
5.52,8.045778,-41.31,-0.002,0.01,0.765365,0.9923371,1.774358
5.12,8.084583,13.11806,-0.036,-0.067,0.8209915,0.9950778,1.582768
6.21,8.093611,27.52972,0,-0.009,0.8209915,0.9950778,1.582768
2.25,8.05975,-40.00333,-0.027,0.012,0.7317508,0.9892593,1.904259
6.29,8.058194,-42.94861,-0.026,-0.013,1.307917,0.9447668,0.6440313
6.26,8.119417,43.26028,-0.01,-0.034,0.8099886,0.9947508,1.618527
6.13,8.078194,-19.72806,0.002,0.003,0.7621466,0.9920915,1.786308
5.99,8.105111,22.63556,-0.008,-0.005,1.696332,0.8625193,0.3137062
5.31,8.071167,-32.675,-0.003,0.004,1.851412,0.8249544,0.2287865
6.34,7.987806,-73.24472,0.002,-0.036,0.8715355,0.9953564,1.430662
6.41,8.097111,-0.5736111,-0.022,-0.013,1.331141,0.9404596,0.6182135
4.84,8.140944,51.50667,-0.059,-0.004,0.836055,0.9953655,1.535403
6.23,8.107639,-9.245,0.001,-0.012,0.792227,0.9940051,1.678416
5.93,8.167722,58.24806,-0.023,-0.075,1.532952,0.8995316,0.4286416
5.3,8.129389,21.58167,0.022,-0.069,1.098992,0.9778222,0.9328517
6.14,8.095806,-33.56917,-0.006,0.01,1.366313,0.9337484,0.580982
5.95,8.078444,-50.59056,-0.001,0.001,1.42594,0.9219321,0.5222255
6.19,8.089,-46.97889,0.005,-0.009,0.765365,0.9923371,1.774358
5.53,8.084444,-53.10806,0.034,-0.006,1.503099,0.9059449,0.4531172
6.27,8.156417,42.43056,-0.008,-0.072,1.461477,0.9146789,0.4893029
5.32,8.213556,68.47417,0,0.008,1.325317,0.9415493,0.6245921
5.38,8.121667,-20.55472,-0.016,-0.006,0.8555,0.9954757,1.476855
6.27,8.145111,13.64083,-0.001,-0.017,0.9996489,0.9886097,1.119177
2.81,8.125722,-24.30417,-0.083,0.049,0.9996489,0.9886097,1.119177
6.3,8.078583,-62.83611,-0.009,0.017,0.781925,0.9934445,1.714426
5.05,8.111222,-45.26639,0,0,1.599043,0.8849264,0.3784985
4.34,8.143222,-2.983889,-0.017,-0.005,1.28489,0.9489328,0.6706696
6.32,8.149139,-11.33972,-0.004,-0.012,0.8209915,0.9950778,1.582768
6.36,8.145417,-20.36306,-0.012,0,0.8797096,0.9952256,1.40781
5.73,8.174222,25.50722,-0.075,-0.348,1.195033,0.9640624,0.7858177
4.4,8.150444,-19.245,-0.014,-0.002,0.765365,0.9923371,1.774358
6.58,8.189333,38.73139,-0.111,-0.075,1.078469,0.9803711,0.968162
5.68,8.157917,-16.24889,-0.017,-0.007,0.75896,0.9918383,1.798239
6.37,8.143778,-37.68139,-0.002,0.003,0.8027965,0.9944818,1.64245
6.65,8.151861,-30.3225,0.024,-0.001,1.538936,0.8982318,0.4238772
6.32,8.409139,82.43083,-0.022,-0.025,0.8209915,0.9950778,1.582768
6.23,8.183,14.62944,-0.028,-0.014,0.8247156,0.9951659,1.57089
6.2,8.152833,-35.455,0.003,0.014,1.239485,0.9568162,0.7264869
5.85,8.230611,56.45222,-0.022,-0.033,1.307917,0.9447668,0.6440313
6.07,8.187944,9.821111,-0.009,-0.021,0.781925,0.9934445,1.714426
5.54,8.177722,-13.79917,-0.251,0.061,1.028574,0.9858926,1.060716
5.7,8.152667,-48.68444,0,-0.004,0.7752084,0.9930265,1.738424
5.21,8.159972,-44.12278,-0.007,0,0.7526829,0.9913102,1.822032
6.26,8.16325,-42.64056,-0.004,0.01,0.8027965,0.9944818,1.64245
4.27,8.158139,-47.34583,-0.004,-0.005,0.7405209,0.9901739,1.869259
1.78,8.158889,-47.33667,-0.004,0.006,0.7435117,0.9904674,1.857505
5.63,8.203528,17.64778,0.066,-0.135,1.053264,0.9832854,1.013674
6.02,8.203528,17.64778,0.066,-0.135,1.053264,0.9832854,1.013674
6.2,8.203694,17.64778,0.097,-0.109,1.08357,0.9797518,0.959243
4.72,8.187861,-12.92694,-0.025,0.012,1.273455,0.9509609,0.6843027
5.36,8.1925,-7.7725,-0.041,-0.021,1.239485,0.9568162,0.7264869
5.23,8.162,-47.9375,0.003,0.001,0.7465358,0.9907548,1.845714
6.54,8.206139,14.00389,-0.026,-0.008,1.302141,0.9458218,0.6506131
5.64,8.219139,29.65667,-0.009,-0.018,0.792227,0.9940051,1.678416
5.54,8.325611,75.75694,0.03,0.016,1.24511,0.9558647,0.7193206
6.28,8.140139,-63.80111,-0.017,0.002,0.7957208,0.9941736,1.666419
5.66,8.159333,-56.08556,-0.007,0.034,0.9005912,0.994687,1.351465
6.44,8.183778,-37.29222,-0.012,0.003,0.8136278,0.9948701,1.606589
4.76,8.150194,-61.3025,-0.158,-0.297,0.9996489,0.9886097,1.119177
6.45,8.264028,60.38056,-0.013,0.007,0.8963644,0.9948192,1.36264
6.01,8.216611,16.51417,-0.009,-0.019,1.239485,0.9568162,0.7264869
4.35,8.132167,-68.61722,-0.026,0.025,0.7785514,0.9932398,1.726427
6.56,8.22825,23.13778,-0.036,-0.01,0.8594694,0.9954634,1.465249
4.45,8.189306,-39.61861,0,-0.004,1.671872,0.8682461,0.3290678
4.75,8.190528,-42.98722,0.004,0.004,0.8879863,0.9950467,1.385133
5.82,8.186417,-48.46194,0.015,-0.004,0.765365,0.9923371,1.774358
6.47,8.236417,17.67583,-0.005,0.011,0.9397373,0.9929382,1.253181
4.99,8.222222,-15.78833,-0.013,-0.004,1.342822,0.9382551,0.6056062
6.52,8.212778,-29.91083,-0.024,0.031,0.8398899,0.9954101,1.523629
6.38,8.239167,13.04833,-0.021,-0.018,1.302141,0.9458218,0.6506131
5.76,8.2,-46.64417,-0.001,0.008,1.078469,0.9803711,0.968162
6.43,8.214306,-37.92444,-0.011,-0.002,0.8555,0.9954757,1.476855
6.03,8.208583,-46.26417,0.008,0.012,0.7785514,0.9932398,1.726427
5.64,8.297333,59.57111,-0.006,0.003,0.8797096,0.9952256,1.40781
5.98,8.344528,72.40722,0.004,-0.025,1.623231,0.8794511,0.3614414
4.78,8.224889,-35.89972,0.002,-0.002,0.7785514,0.9932398,1.726427
6.37,8.228083,-33.56917,0.033,0.019,1.384036,0.9302863,0.5630207
6.06,8.236389,-32.14083,-0.002,0.006,0.7621466,0.9920915,1.786308
5.08,8.232889,-36.3225,0.01,-0.002,0.7526829,0.9913102,1.822032
6.11,8.233,-36.34111,0.01,-0.008,0.7558053,0.9915778,1.810148
5.78,8.237,-35.49056,-0.055,0.008,1.313705,0.943703,0.6375007
4.44,8.234139,-40.34806,0.047,-0.068,1.40184,0.9267572,0.5454844
5.13,8.226722,-46.99194,0.003,-0.004,0.7686149,0.9925749,1.762392
5.71,8.321472,62.50722,-0.013,0.007,1.239485,0.9568162,0.7264869
6.27,8.304389,54.14361,-0.024,-0.038,1.623231,0.8794511,0.3614414
5.51,8.226139,-50.19611,0.009,-0.004,1.665772,0.869665,0.3329922
7.13,8.276083,11.72639,0.012,-0.01,1.635357,0.8766814,0.3531348
3.52,8.27525,9.185556,-0.044,-0.049,1.586981,0.8876316,0.387255
5.83,8.239972,-45.83444,-0.004,0.008,0.749593,0.9910358,1.833889
6.21,8.264583,-30.92583,-0.047,-0.005,1.17863,0.9666066,0.8090019
6.29,8.292139,8.866111,-0.012,-0.013,1.290627,0.9479049,0.663932
6.16,8.266361,-35.90278,0.005,0.015,1.629291,0.8780689,0.3572699
5.89,8.340583,57.74333,0.061,0.014,0.9808048,0.9901694,1.159356
6.6,8.281722,-21.32028,-0.016,0.026,0.8247156,0.9951659,1.57089
6.44,8.256472,-50.44944,-0.012,-0.02,1.59301,0.8862817,0.3828574
6.16,8.28975,-16.285,-0.02,-0.008,0.8209915,0.9950778,1.582768
6.49,8.341417,53.57444,-0.065,-0.092,0.9308688,0.9934145,1.274651
5.98,8.306639,-12.63194,0.267,-0.979,1.167779,0.9682485,0.8247469
5.16,8.254417,-62.91583,-0.023,-0.022,0.8515572,0.9954764,1.488497
6.45,8.299528,-30.00333,0.041,0.014,1.325317,0.9415493,0.6245921
5.14,8.334417,27.21778,-0.018,-0.378,1.018846,0.9868484,1.07996
6.41,8.378917,60.63111,0.008,-0.002,1.28489,0.9489328,0.6706696
5.83,8.339167,20.74778,0.06,-0.047,1.378119,0.9314479,0.5689601
6.32,8.320861,-10.16583,-0.041,0.038,0.9532177,0.9921292,1.221391
5.58,8.304833,-35.45167,0.018,0.002,1.443694,0.9183328,0.5055358
6.7,8.3035,-37.37417,-0.022,0.019,0.9091193,0.9943857,1.329262
5.98,8.34225,24.02222,-0.023,-0.021,0.8063781,0.9946213,1.630482
6.05,8.330528,3.947778,0.034,-0.03,1.28489,0.9489328,0.6706696
4.45,8.30925,-36.65944,-0.106,0.097,0.9048428,0.9945425,1.340338
6.18,8.336972,-0.9094444,0.056,-0.094,1.08357,0.9797518,0.959243
6.13,8.338083,-5.329167,0.024,-0.027,1.497141,0.9072102,0.4581465
6.43,8.324833,-34.59028,-0.018,0,0.788763,0.9938273,1.690417
6.42,8.298833,-59.16694,-0.044,-0.032,0.9808048,0.9901694,1.159356
4.25,8.380583,43.18806,-0.021,-0.096,1.629291,0.8780689,0.3572699
6.13,8.340944,-22.92472,-0.011,0.001,1.325317,0.9415493,0.6245921
5.51,8.396806,53.21972,-0.026,-0.095,0.8594694,0.9954634,1.465249
6.5,8.355611,-1.602222,-0.017,-0.041,0.8247156,0.9951659,1.57089
5.58,8.355889,-20.07917,-0.001,-0.013,1.173196,0.967433,0.8168453
5.07,8.30525,-65.61333,0.027,0.02,1.389962,0.9291172,0.5571284
5.75,8.365167,-17.58639,-0.096,-0.014,1.331141,0.9404596,0.6182135
4.83,8.356389,-33.05444,-0.008,0.004,1.568927,0.8916483,0.4006839
5.2,8.355833,-36.48444,-0.005,-0.003,0.7526829,0.9913102,1.822032
5.95,8.389389,18.33222,-0.054,-0.028,0.8838352,0.9951422,1.396449
6.15,8.375056,-6.179167,-0.062,0.003,0.9048428,0.9945425,1.340338
6.16,8.356722,-39.62083,0.011,0.002,0.8838352,0.9951422,1.396449
6.02,8.411889,42.005,0.015,0.007,1.653589,0.8724872,0.3409441
5.96,8.381667,-7.543333,-0.023,0.002,1.702462,0.8610749,0.3099481
6.11,8.379667,-13.05472,-0.051,-0.043,1.302141,0.9458218,0.6506131
6.08,8.398667,10.63194,0.004,-0.023,1.59301,0.8862817,0.3828574
5.9,8.380528,-26.34806,-0.007,0.008,0.9715175,0.9908733,1.179802
6.06,8.418028,35.01139,-0.012,-0.012,1.461477,0.9146789,0.4893029
5.97,8.353333,-57.97306,-0.007,0.009,0.7853289,0.9936404,1.702421
4.82,8.375444,-48.49028,-0.013,0.008,0.765365,0.9923371,1.774358
6.01,8.410111,-4.716944,0.022,-0.051,1.014014,0.9873076,1.089673
6.32,8.388111,-38.28583,0.028,-0.003,1.677979,0.8668221,0.3251773
5.61,8.409722,-3.751111,-0.21,-0.024,1.014014,0.9873076,1.089673
6.12,8.352139,-64.10611,-0.004,-0.025,1.262074,0.9529513,0.6981484
6.14,8.430528,17.04611,-0.192,-0.151,0.9901823,0.9894148,1.139147
5.85,8.382,-52.12389,-0.01,0.008,0.8209915,0.9950778,1.582768
5.37,8.330278,-71.515,-0.013,0.03,0.7957208,0.9941736,1.666419
5.65,8.333528,-71.50528,-0.008,0.044,0.781925,0.9934445,1.714426
5.88,8.496167,67.2975,-0.066,0.01,1.28489,0.9489328,0.6706696
5.57,8.441028,27.89361,-0.033,-0.114,1.538936,0.8982318,0.4238772
5.73,8.426528,2.102222,-0.02,-0.006,1.617176,0.880828,0.3656496
5.13,8.431889,7.564444,-0.034,-0.012,1.267758,0.9519608,0.6911988
1.86,8.375222,-59.50972,-0.026,0.014,1.467412,0.9134489,0.4839908
5.68,8.415306,-23.15361,-0.041,0.042,0.8398899,0.9954101,1.523629
6.32,8.460222,45.65306,-0.017,-0.35,1.093832,0.9784774,0.941588
6.32,8.446333,26.93444,-0.014,0.002,0.8879863,0.9950467,1.385133
6.3,8.446389,26.93528,-0.016,-0.003,0.8879863,0.9950467,1.385133
7.02,8.444389,24.53417,-0.041,-0.08,0.9487008,0.9924115,1.231931
7.81,8.444472,24.53528,-0.045,-0.085,1.043325,0.9843654,1.032307
3.9,8.427667,-3.906389,-0.066,-0.023,0.8099886,0.9947508,1.618527
5.28,8.417694,-24.04611,-0.028,0.026,1.586981,0.8876316,0.387255
6.01,8.421972,-21.04583,-0.019,0.061,0.9854823,0.9897984,1.149222
6.44,8.427611,-17.43944,-0.007,-0.005,1.302141,0.9458218,0.6506131
4.07,8.308778,-76.91972,0.11,0.108,0.9808048,0.9901694,1.159356
5.5,8.445528,12.65444,-0.02,-0.104,1.659678,0.8710787,0.3369508
5.98,8.432111,-14.92972,-0.01,0.04,0.8838352,0.9951422,1.396449
5.59,8.440889,-3.9875,-0.053,-0.061,0.9048428,0.9945425,1.340338
5.98,8.415889,-42.76944,-0.011,0.019,0.75896,0.9918383,1.798239
3.36,8.504417,60.71806,-0.133,-0.107,1.211584,0.9614226,0.7631477
5.54,8.444972,-12.53444,-0.091,-0.018,1.414119,0.924301,0.5336135
6.59,8.454778,-6.409722,-0.04,-0.03,1.038387,0.9848868,1.041715
5.47,8.431083,-42.15333,-0.009,0.003,0.765365,0.9923371,1.774358
6.53,8.438222,-39.05944,-0.017,-0.008,0.7853289,0.9936404,1.702421
7.25,8.438389,-39.06028,-0.011,0.006,0.8476411,0.9954656,1.500175
6.1,8.476889,24.14472,-0.031,-0.058,0.9134204,0.9942164,1.318236
5.17,8.425278,-51.72806,-0.041,-0.012,0.7621466,0.9920915,1.786308
6.73,8.447444,-29.21528,-0.005,0.017,0.799244,0.9943325,1.65443
6.31,8.548167,69.32,0.03,-0.027,1.509061,0.9046737,0.4481333
5.95,8.477028,14.21083,-0.014,-0.011,0.8921627,0.9949391,1.373863
5.29,8.367889,-73.4,-0.034,0.031,0.8209915,0.9950778,1.582768
6.56,8.45925,-20.84389,0.01,-0.008,0.8322476,0.9953098,1.547205
6.33,8.454556,-31.67306,-0.016,-0.011,1.24511,0.9558647,0.7193206
6.39,8.474778,-2.517222,-0.005,-0.016,0.9532177,0.9921292,1.221391
6.43,8.472139,-8.816111,-0.001,-0.04,1.420028,0.9231197,0.5278929
6.62,8.464861,-26.1325,-0.055,-0.002,0.8594694,0.9954634,1.465249
4.35,8.344028,-77.48444,-0.134,0.042,1.395897,0.9279408,0.5512831
6.05,8.440333,-52.8075,-0.037,-0.003,0.8398899,0.9954101,1.523629
6,8.480806,-9.748333,-0.012,0.008,0.9949045,0.9890186,1.129132
5.75,8.466472,-35.11389,-0.023,0.002,0.765365,0.9923371,1.774358
6.51,8.476639,-23.07167,-0.043,-0.022,0.836055,0.9953655,1.535403
6.67,8.481472,-20.95028,-0.012,-0.008,0.7957208,0.9941736,1.666419
5.97,8.431,-64.60083,-0.012,0.007,1.279166,0.9499515,0.6774598
3.77,8.428944,-66.13694,-0.036,-0.155,1.378119,0.9314479,0.5689601
6.18,8.522194,37.26583,-0.016,0.001,0.8063781,0.9946213,1.630482
6.53,8.457611,-55.01167,-0.018,-0.01,0.8099886,0.9947508,1.618527
5.09,8.460139,-53.08861,-0.068,0.013,0.9177461,0.9940347,1.307261
6.24,8.542639,53.11472,0.013,-0.077,1.307917,0.9447668,0.6440313
6.31,8.613528,74.72361,-0.017,-0.023,1.302141,0.9458218,0.6506131
6.7,8.491,-27.3325,0,-0.008,0.7718961,0.9928048,1.750413
5.47,8.576722,65.145,-0.049,-0.063,0.8879863,0.9950467,1.385133
5.75,8.525139,24.08111,-0.082,-0.044,0.9308688,0.9934145,1.274651
5.79,8.485444,-44.16056,-0.003,0.004,0.7621466,0.9920915,1.786308
5.35,8.526583,18.09444,-0.061,-0.058,1.635357,0.8766814,0.3531348
5.33,8.484639,-47.92917,-0.011,-0.001,0.7686149,0.9925749,1.762392
4.99,8.491,-44.725,0.004,-0.003,0.7621466,0.9920915,1.786308
5.9,8.548611,38.01639,-0.103,-0.169,1.366313,0.9337484,0.580982
6.83,8.531833,9.814444,0.003,-0.007,0.792227,0.9940051,1.678416
5.65,8.507944,-32.15944,-0.016,-0.005,1.59301,0.8862817,0.3828574
5.99,8.496,-46.33194,-0.029,0.002,0.765365,0.9923371,1.774358
6.69,8.508222,-36.72111,-0.019,0.012,1.876584,0.8186759,0.2168023
6.24,8.556056,36.43639,-0.143,0.001,0.966908,0.9912063,1.190112
5.33,8.545139,20.44111,-0.047,-0.043,1.449618,0.9171209,0.5000749
5.42,8.52525,-19.5775,-0.033,-0.007,0.7957208,0.9941736,1.666419
6.36,8.493417,-55.19111,-0.015,-0.015,1.189549,0.9649212,0.7934883
6.36,8.550028,24.08472,-0.068,-0.047,1.313705,0.943703,0.6375007
5.53,8.454694,-70.09333,-0.008,0.048,0.8063781,0.9946213,1.630482
6.3,8.510889,-44.73722,-0.013,0.011,0.8099886,0.9947508,1.618527
6.46,8.544417,10.06611,0.003,-0.005,0.8099886,0.9947508,1.618527
6.31,8.5235,-39.06417,-0.017,0.004,0.765365,0.9923371,1.774358
6.38,8.542583,-15.02944,-0.05,0.052,0.9264704,0.9936338,1.285468
6.39,8.519667,-47.86667,0.001,0.002,0.765365,0.9923371,1.774358
6.28,8.562528,13.25722,-0.029,-0.045,1.40184,0.9267572,0.5454844
5.78,8.578833,36.41944,-0.031,-0.044,0.8322476,0.9953098,1.547205
5.87,8.562083,4.756667,-0.005,-0.013,1.342822,0.9382551,0.6056062
6.15,8.661833,73.62972,-0.015,-0.099,1.313705,0.943703,0.6375007
6.03,8.570361,8.451944,-0.003,-0.031,0.9532177,0.9921292,1.221391
6.19,8.551333,-24.60639,-0.007,-0.016,0.9264704,0.9936338,1.285468
6.34,8.524889,-54.39417,0.02,-0.047,1.485238,0.9097234,0.468343
5.81,8.567111,-2.151667,-0.032,0.02,0.8172955,0.9949792,1.594669
6.38,8.547639,-31.50083,-1.11,0.765,1.184081,0.9657693,0.8012163
6.36,8.549611,-34.63389,-0.01,0.004,1.273455,0.9509609,0.6843027
5.69,8.534667,-53.21222,-0.021,0.007,1.073387,0.9809783,0.977142
6.58,8.588722,19.59,-0.036,-0.01,1.12508,0.9743699,0.8900779
6.49,8.555528,-38.37111,0,-0.007,0.7558053,0.9915778,1.810148
5.96,8.560639,-38.84889,-0.034,0.006,0.7686149,0.9925749,1.762392
6.24,8.558444,-46.97111,0.011,-0.009,1.635357,0.8766814,0.3531348
5.64,8.65325,65.02083,-0.024,0.088,1.093832,0.9784774,0.941588
6.33,8.59025,2.743611,-0.006,0.007,1.313705,0.943703,0.6375007
5.69,8.4055,-80.91417,-0.149,0.216,1.313705,0.943703,0.6375007
6.32,8.602139,15.31361,0.008,-0.024,1.302141,0.9458218,0.6506131
5.99,8.5975,6.62,-0.128,-0.143,1.043325,0.9843654,1.032307
7.25,8.597583,6.6225,-0.128,-0.143,1.140957,0.9721593,0.8651342
6.43,8.575472,-32.59861,-0.044,-0.133,1.162379,0.969053,0.8327068
5.72,8.591167,-7.982222,-0.02,0.013,0.8063781,0.9946213,1.630482
6.3,8.574806,-37.61139,-0.007,0.001,1.635357,0.8766814,0.3531348
5.66,8.6395,53.40139,-0.078,-0.017,1.279166,0.9499515,0.6774598
6.48,8.652833,59.93944,-0.019,-0.033,1.302141,0.9458218,0.6506131
5.96,8.591333,-26.84361,-0.022,0.014,0.9715175,0.9908733,1.179802
4.6,8.670222,64.32778,-0.06,0.023,1.40184,0.9267572,0.5454844
6.47,8.586833,-39.97,0.087,0.053,1.073387,0.9809783,0.977142
6.42,8.65,52.925,-0.022,-0.032,1.302141,0.9458218,0.6506131
5.88,8.618278,9.655556,-0.029,-0.003,0.8515572,0.9954764,1.488497
5.01,8.578778,-49.94417,-0.012,0.016,1.497141,0.9072102,0.4581465
5.91,8.654889,52.71167,-0.029,-0.028,1.40184,0.9267572,0.5454844
5.94,8.638611,32.80194,-0.024,-0.01,1.372211,0.932602,0.5749471
4.16,8.627611,5.703611,-0.066,-0.007,0.8172955,0.9949792,1.594669
6.19,8.624194,-4.933611,-0.006,0.021,1.331141,0.9404596,0.6182135
6.53,8.634778,9.574722,-0.039,-0.007,0.8099886,0.9947508,1.618527
5.8,8.597806,-50.97,-0.004,-0.004,0.7718961,0.9928048,1.750413
4.86,8.588778,-58.00917,0.042,0.022,1.302141,0.9458218,0.6506131
5.26,8.587611,-58.225,-0.032,0.006,0.7686149,0.9925749,1.762392
6.51,8.638972,-6.6625,0,-0.005,1.004415,0.9881883,1.109282
6.12,8.545056,-73.35667,-0.038,0.082,1.273455,0.9509609,0.6843027
4.44,8.645944,3.341389,-0.018,-0.018,1.42594,0.9219321,0.5222255
6.48,8.624917,-33.74583,-0.021,-0.046,0.9532177,0.9921292,1.221391
5.27,8.631167,-26.255,-0.02,-0.006,0.8027965,0.9944818,1.64245
6.55,8.622194,-40.1475,-0.308,0.033,1.08357,0.9797518,0.959243
5.37,8.683639,45.83389,0.025,0.092,1.296378,0.9468679,0.6572466
6.1,8.67175,31.94194,-0.035,-0.028,1.302141,0.9458218,0.6506131
6.45,8.656833,8.017222,-0.025,-0.037,1.348679,0.9371404,0.5993768
6.33,8.644528,-19.73694,0.014,0.006,1.653589,0.8724872,0.3409441
4.14,8.627417,-42.98917,-0.006,0.008,0.8594694,0.9954634,1.465249
6.39,8.668444,20.00778,-0.036,-0.015,1.290627,0.9479049,0.663932
6.44,8.672806,19.67,-0.035,-0.017,1.313705,0.943703,0.6375007
6.3,8.674167,19.545,-0.039,-0.006,0.8838352,0.9951422,1.396449
5.05,8.652222,-22.66194,-0.235,0.436,1.151633,0.9706286,0.8488025
4.98,8.667083,-12.47528,-0.081,-0.002,1.550918,0.8956152,0.4144755
5.47,8.621889,-62.85361,-0.008,-0.025,1.313705,0.943703,0.6375007
4.89,8.661806,-29.56111,-0.02,-0.089,1.24511,0.9558647,0.7193206
6.13,8.656139,-36.60694,-0.171,0.04,0.9949045,0.9890186,1.129132
6.47,8.645806,-53.09056,-0.009,0.013,0.781925,0.9934445,1.714426
6.22,8.716722,46.90111,-0.039,-0.045,1.279166,0.9499515,0.6774598
6.63,8.683778,-9.051944,-0.033,0.002,0.8099886,0.9947508,1.618527
3.97,8.668389,-35.30833,0.012,-0.022,1.267758,0.9519608,0.6911988
5.2,8.672028,-40.26417,-0.044,-0.004,0.8136278,0.9948701,1.606589
5.48,8.656611,-53.43972,-0.029,0.019,0.7621466,0.9920915,1.786308
4.88,8.695361,-15.94333,0.001,-0.098,1.336976,0.9393615,0.611885
5.19,8.666,-53.055,-0.022,0.012,0.7686149,0.9925749,1.762392
6.36,8.653667,-60.31722,-0.032,0.026,0.8172955,0.9949792,1.594669
5.71,8.676472,-45.19139,0.013,-0.003,1.690208,0.8639587,0.3174968
3.84,8.677111,-46.64889,0,0.003,1.140957,0.9721593,0.8651342
6.45,8.702722,-11.96611,-0.031,-0.022,0.8797096,0.9952256,1.40781
3.62,8.671556,-52.92194,-0.022,0.019,0.7558053,0.9915778,1.810148
5.61,8.6715,-53.01528,-0.029,0.03,0.7686149,0.9925749,1.762392
4.66,8.721417,21.46861,-0.106,-0.039,0.8247156,0.9951659,1.57089
5.64,8.720083,12.68083,-0.012,0.002,0.9808048,0.9901694,1.159356
6.33,8.736139,36.91806,-0.034,-0.094,1.302141,0.9458218,0.6506131
4.77,8.686972,-47.31694,-0.012,0.007,0.8634652,0.9954395,1.45368
5.9,8.684806,-48.9225,-0.005,0.007,0.7465358,0.9907548,1.845714
4.3,8.720417,3.398611,-0.019,-0.001,0.749593,0.9910358,1.833889
6.34,8.678778,-57.54528,-0.015,0.025,0.8963644,0.9948192,1.36264
5.23,8.699139,-45.41083,-0.003,-0.002,0.9005912,0.994687,1.351465
4.33,8.676944,-59.76111,-0.001,0,0.7785514,0.9932398,1.726427
6.37,8.73325,4.334722,-0.032,-0.005,0.7957208,0.9941736,1.666419
4.62,8.727889,-7.233611,-0.002,0.003,1.211584,0.9614226,0.7631477
5.2,8.651444,-70.38694,0.018,-0.04,0.8209915,0.9950778,1.582768
3.94,8.74475,18.15417,-0.018,-0.228,1.348679,0.9371404,0.5993768
5.51,8.704444,-48.09917,-0.024,-0.008,0.7558053,0.9915778,1.810148
6.42,8.715833,-35.94333,0,0.018,0.8247156,0.9951659,1.57089
6.13,8.755944,30.69778,-0.002,-0.006,1.267758,0.9519608,0.6911988
5.66,8.745833,10.08167,-0.016,-0.019,0.7785514,0.9932398,1.726427
5.52,8.70525,-53.1,-0.029,0.023,0.765365,0.9923371,1.774358
4.86,8.707083,-53.11389,-0.015,0.022,0.75896,0.9918383,1.798239
3.68,8.726528,-33.18639,-0.011,0.011,0.7558053,0.9915778,1.810148
6.13,8.750361,5.680556,-0.001,-0.005,0.8963644,0.9948192,1.36264
6.2,8.813722,66.70806,-0.011,-0.039,0.7785514,0.9932398,1.726427
6.29,8.705806,-55.77417,-0.072,0.053,1.407792,0.9255665,0.539732
6.41,8.755778,-2.600833,0.005,-0.006,1.043325,0.9843654,1.032307
6.11,8.748667,-21.16778,-0.02,0.001,0.9048428,0.9945425,1.340338
6.57,8.777778,28.76528,-0.018,-0.041,0.8322476,0.9953098,1.547205
4.02,8.778278,28.76,-0.025,-0.042,1.307917,0.9447668,0.6440313
5.16,8.727861,-49.82278,0.002,0.004,0.749593,0.9910358,1.833889
4.07,8.74,-42.64917,-0.012,0.018,1.228278,0.9586892,0.7409844
5.7,8.767361,-2.048889,0.043,0.042,1.360425,0.934887,0.587065
5.76,8.74775,-37.14722,-0.008,0.001,0.765365,0.9923371,1.774358
6.25,8.768583,-11.00639,-0.018,0.027,1.665772,0.869665,0.3329922
5.87,8.782222,12.11,-0.068,-0.052,0.8594694,0.9954634,1.465249
3.38,8.779611,6.418889,-0.189,-0.051,1.12508,0.9743699,0.8900779
6.1,8.763694,-25.3875,-0.029,0.032,0.8476411,0.9954656,1.500175
4.32,8.772917,-13.54778,0.016,-0.011,1.24511,0.9558647,0.7193206
1.96,8.745056,-54.70833,0.023,-0.078,0.8322476,0.9953098,1.547205
5.29,8.7875,-1.897222,-0.033,0.004,0.8322476,0.9953098,1.547205
3.91,8.767139,-46.04167,-0.001,0,0.8172955,0.9949792,1.594669
6.21,8.773278,-41.12556,-0.018,-0.001,0.799244,0.9943325,1.65443
6.21,8.751472,-58.725,-0.031,-0.02,0.7853289,0.9936404,1.702421
6.37,8.780333,-34.62278,-0.021,0.007,0.7718961,0.9928048,1.750413
6.32,8.73175,-68.21167,0.001,0.027,1.599043,0.8849264,0.3784985
4.36,8.807222,5.837778,-0.017,-0.034,0.8027965,0.9944818,1.64245
6.09,8.801361,-6.558611,0.012,-0.021,1.467412,0.9134489,0.4839908
5.46,8.775167,-45.91278,0.006,-0.012,0.9264704,0.9936338,1.285468
6.05,8.741667,-65.82556,-0.062,0.101,0.8963644,0.9948192,1.36264
5.75,8.788583,-46.15556,0.003,-0.008,1.063285,0.9821562,0.9952854
6.36,8.794583,-41.73722,0,-0.242,1.073387,0.9809783,0.977142
4.49,8.778472,-56.76972,-0.01,0.008,0.75896,0.9918383,1.798239
6.25,8.842278,33.28528,-0.067,-0.081,1.028574,0.9858926,1.060716
5.31,8.822694,-3.443056,-0.02,-0.023,0.7853289,0.9936404,1.702421
6.43,8.802444,-42.46389,-0.003,-0.009,0.749593,0.9910358,1.833889
5.47,8.68875,-78.96333,-0.031,0.026,0.781925,0.9934445,1.714426
6.3,8.800056,-52.85056,-0.026,0.007,0.781925,0.9934445,1.714426
6.16,8.845861,18.83222,-0.015,-0.02,0.8136278,0.9948701,1.606589
5.73,8.889611,61.96222,-0.01,0.02,0.9308688,0.9934145,1.274651
6.25,8.884972,59.05611,0.014,0.003,1.302141,0.9458218,0.6506131
6.47,8.829139,-21.04861,0.006,-0.064,0.9091193,0.9943857,1.329262
5.15,8.865778,43.72667,-0.015,0.048,1.290627,0.9479049,0.663932
5.99,8.869889,45.3125,-0.026,-0.037,1.455546,0.9159029,0.4946641
6.38,8.850417,15.35056,-0.112,0.075,1.104171,0.9771553,0.9241761
5.99,8.869444,42.0025,-0.039,-0.071,1.449618,0.9171209,0.5000749
5.21,8.830972,-32.78056,0.002,-0.049,1.228278,0.9586892,0.7409844
5.87,8.833944,-29.46306,-0.014,0.007,1.273455,0.9509609,0.6843027
5.48,8.827556,-40.32056,-0.008,-0.014,0.8398899,0.9954101,1.523629
6.17,8.839333,-28.61806,-0.021,-0.022,0.788763,0.9938273,1.690417
6.39,8.831222,-39.14167,-0.058,0.038,0.9091193,0.9943857,1.329262
4.01,8.842194,-27.71,-0.13,0.087,1.461477,0.9146789,0.4893029
5.66,8.876278,32.47417,-0.003,0.016,0.9048428,0.9945425,1.340338
4.93,8.829917,-45.30806,-0.01,0.01,0.836055,0.9953655,1.535403
6.23,8.874611,28.25917,-0.017,-0.004,1.671872,0.8682461,0.3290678
5.95,8.876611,28.33083,-0.484,-0.234,1.228278,0.9586892,0.7409844
5.54,8.859583,-7.177222,-0.044,0.001,0.8756096,0.995297,1.419215
6.05,8.720111,-79.06972,-0.029,0.04,0.9091193,0.9943857,1.329262
6,8.839167,-42.09,-0.011,-0.007,0.781925,0.9934445,1.714426
6.33,8.873389,5.34,-0.004,-0.015,0.8634652,0.9954395,1.45368
5.1,8.842639,-46.52917,-0.001,-0.002,0.7465358,0.9907548,1.845714
6.14,8.898806,35.53833,-0.024,-0.017,0.8322476,0.9953098,1.547205
6.13,8.875194,-13.23361,0.025,-0.019,1.384036,0.9302863,0.5630207
6.55,8.85775,-42.50444,-0.022,0.027,0.8322476,0.9953098,1.547205
5.58,8.94375,64.60389,-0.026,-0.081,1.222698,0.9596106,0.7483163
5.39,8.904083,30.57944,0.038,-0.019,1.331141,0.9404596,0.6182135
6.5,8.873917,-32.50917,-0.008,-0.006,1.57494,0.8903149,0.3961679
6.42,8.877389,-36.54556,-0.015,-0.017,1.063285,0.9821562,0.9952854
5.82,8.88,-38.72417,-0.001,0.013,1.599043,0.8849264,0.3784985
5.59,8.860167,-57.63361,-0.011,0.014,0.7785514,0.9932398,1.726427
5.35,8.843,-66.79306,0.089,0.097,0.9949045,0.9890186,1.129132
6,8.904972,-5.434444,-0.416,0.031,1.119825,0.9750837,0.8985121
5.91,8.877389,-48.35917,-0.009,-0.006,0.765365,0.9923371,1.774358
5.22,8.927694,27.9275,-0.01,-0.03,1.302141,0.9458218,0.6506131
6.64,8.923028,17.23139,0.001,0.009,2.793749,0.5699486,-0.02146356
6.39,8.878,-52.12917,-0.019,0.005,0.8172955,0.9949792,1.594669
5.79,8.765333,-79.50444,-0.029,0.085,1.659678,0.8710787,0.3369508
6.11,8.830639,-72.55083,-0.001,0.025,0.8963644,0.9948192,1.36264
5.74,8.947222,45.63194,-0.126,-0.034,1.354547,0.9360177,0.5931965
5.89,8.941806,40.20167,-0.083,-0.033,0.9623215,0.9915266,1.200481
3.11,8.923222,5.945556,-0.099,0.014,1.302141,0.9458218,0.6506131
6.47,8.897417,-40.4475,-0.006,0.007,1.279166,0.9499515,0.6774598
6.03,8.884389,-56.64944,-0.017,0.033,0.8099886,0.9947508,1.618527
5.41,8.932111,11.62611,-0.01,-0.01,1.57494,0.8903149,0.3961679
5.33,8.897417,-47.52083,0.006,-0.028,0.9220961,0.9938405,1.296338
6.91,8.924861,-7.970278,-0.001,-0.038,1.302141,0.9458218,0.6506131
6.67,8.924889,-7.971111,0.002,-0.024,0.9048428,0.9945425,1.340338
5.75,8.920111,-18.24139,0.02,0.004,1.491187,0.9084697,0.4632215
5.45,8.949056,32.91028,-0.048,-0.068,0.8634652,0.9954395,1.45368
4.89,8.925417,-27.68194,0.079,-0.102,0.8594694,0.9954634,1.465249
6.14,8.943583,4.236667,-0.02,0.005,1.302141,0.9458218,0.6506131
6.17,8.952278,17.14389,-0.044,-0.025,1.302141,0.9458218,0.6506131
6.39,8.932194,-23.81833,-0.04,0.038,0.8797096,0.9952256,1.40781
5.78,8.896861,-60.35417,-0.007,0.002,0.788763,0.9938273,1.690417
5.2,8.954139,15.32278,0.056,0.017,0.8756096,0.995297,1.419215
6.26,8.922028,-45.04167,0.002,0.008,0.7621466,0.9920915,1.786308
6.29,8.966306,30.23361,0.055,0.024,0.9996489,0.9886097,1.119177
5.96,8.942806,-16.70944,-0.01,-0.047,1.623231,0.8794511,0.3614414
5.67,8.959778,15.58139,0.058,0.029,0.8963644,0.9948192,1.36264
6.51,8.974306,35.8025,0.008,-0.011,0.8136278,0.9948701,1.606589
6.19,8.961667,9.387778,-0.002,-0.007,1.290627,0.9479049,0.663932
6.38,8.915,-58.24,-0.022,0.002,0.7785514,0.9932398,1.726427
3.14,8.986778,48.04167,-0.444,-0.226,0.8921627,0.9949391,1.373863
5.71,8.919972,-54.96556,0.037,-0.082,1.023699,0.9863767,1.070307
3.84,8.917444,-60.64472,-0.021,0.038,0.781925,0.9934445,1.714426
4.25,8.974778,11.85778,0.034,-0.031,0.8715355,0.9953564,1.430662
6.59,8.968944,1.541667,-0.04,-0.005,0.8398899,0.9954101,1.523629
4.69,8.938722,-52.72361,0,0.007,0.7752084,0.9930265,1.738424
5.2,8.992389,32.41861,-0.045,-0.035,1.262074,0.9529513,0.6981484
4.76,9.042417,67.62972,-0.021,0.019,1.617176,0.880828,0.3656496
6.38,8.986333,18.13472,-0.044,-0.068,1.629291,0.8780689,0.3572699
5.86,8.978861,-16.13278,0.246,0.212,1.048284,0.9838315,1.02296
3.97,9.010667,41.78278,-0.44,-0.246,1.004415,0.9881883,1.109282
6.44,9.008556,37.60444,-0.007,0,1.302141,0.9458218,0.6506131
6.33,9.255889,84.18111,0.027,0.015,0.9397373,0.9929382,1.253181
4.92,8.949556,-59.22944,-0.009,0.007,0.7526829,0.9913102,1.822032
5.87,8.9655,-48.57333,0.004,-0.004,1.342822,0.9382551,0.6056062
6.18,8.994417,-19.20806,-0.051,-0.098,1.014014,0.9873076,1.089673
6.25,8.987694,-28.80611,-0.061,0.015,1.302141,0.9458218,0.6506131
6.36,9.027944,39.71333,-0.053,-0.079,0.9397373,0.9929382,1.253181
5.82,9.023361,32.2525,-0.004,0.003,0.8172955,0.9949792,1.594669
5.18,8.981194,-47.23472,-0.086,0.054,0.9177461,0.9940347,1.307261
6.07,9.03025,27.90278,-0.056,-0.076,1.302141,0.9458218,0.6506131
6.07,9.025389,5.640833,-0.028,-0.007,1.366313,0.9337484,0.580982
4.45,9.0015,-41.25389,-0.039,0.045,1.10937,0.9764765,0.9155611
5.75,9.066778,54.28389,-0.003,0.004,0.8247156,0.9951659,1.57089
6.07,9.006167,-43.17333,-0.015,0.019,0.7621466,0.9920915,1.786308
3.6,9.060417,47.15667,-0.033,-0.054,0.8172955,0.9949792,1.594669
5.45,9.045639,24.45278,-0.005,-0.006,0.8027965,0.9944818,1.64245
5.67,9.032778,-0.4827778,-0.048,0.069,1.389962,0.9291172,0.5571284
6.2,9.019833,-26.66389,0.026,-0.056,1.378119,0.9314479,0.5689601
5.16,8.990028,-59.08361,-0.174,0.28,0.9949045,0.9890186,1.129132
5.85,9.045778,7.298056,-0.016,-0.005,1.366313,0.9337484,0.580982
5.55,9.022444,-41.86444,-0.023,0.005,0.7686149,0.9925749,1.762392
6.38,9.069417,27.89833,0.001,-0.002,0.8172955,0.9949792,1.594669
6.27,9.035111,-39.4025,-0.037,0.023,1.302141,0.9458218,0.6506131
5.95,9.090028,48.53028,-0.012,-0.016,1.009204,0.9877542,1.099447
5.79,9.012694,-60.96389,-0.006,0,1.42594,0.9219321,0.5222255
5.23,9.029056,-52.18833,-0.007,0.018,0.7752084,0.9930265,1.738424
6.46,9.082,32.37694,-0.043,-0.058,0.9134204,0.9942164,1.318236
6.74,9.052444,-25.50444,-0.014,-0.006,0.8063781,0.9946213,1.630482
6.45,9.111972,59.34444,-0.014,-0.01,0.8322476,0.9953098,1.547205
5.14,9.139889,66.87333,-0.018,-0.038,1.605082,0.8835657,0.3741778
5.88,9.019028,-68.68389,0.012,0.005,1.677979,0.8668221,0.3251773
6.4,9.051444,-53.54972,-0.024,0.03,0.7853289,0.9936404,1.702421
4.56,9.108833,38.45222,-0.028,-0.014,1.325317,0.9415493,0.6245921
4.97,9.099556,5.092222,-0.018,-0.01,1.431855,0.9207385,0.5166105
3.75,9.06925,-47.09778,-0.044,-0.013,1.420028,0.9231197,0.5278929
4,9.040778,-66.39611,-0.002,-0.096,0.8715355,0.9953564,1.430662
4.8,9.173111,67.13472,-0.02,-0.074,1.028574,0.9858926,1.060716
6.4,9.124139,22.98111,-0.168,0.009,1.302141,0.9458218,0.6506131
6.17,9.116639,1.462778,-0.011,-0.015,1.690208,0.8639587,0.3174968
4.48,9.147861,51.60472,-0.137,-0.03,0.9264704,0.9936338,1.285468
6.5,9.134472,32.54056,-0.084,-0.017,0.966908,0.9912063,1.190112
5.43,9.133361,29.65417,-0.032,0.002,1.239485,0.9568162,0.7264869
6.44,9.08,-57.8525,-0.026,0.025,0.9177461,0.9940347,1.307261
5.24,9.129111,10.66806,-0.02,-0.01,0.7785514,0.9932398,1.726427
4.67,9.181972,63.51361,0.098,-0.056,0.9623215,0.9915266,1.200481
5.93,9.147528,33.88222,-0.187,-0.114,1.08357,0.9797518,0.959243
5.98,9.146472,26.62917,-0.136,-0.368,1.114588,0.9757859,0.9070064
5.14,9.155972,22.04556,0.001,0.005,1.28489,0.9489328,0.6706696
4.58,9.134139,-25.85833,0.041,0.008,1.653589,0.8724872,0.3409441
6.11,9.109444,-55.80333,-0.012,-0.023,0.765365,0.9923371,1.774358
5.6,9.145056,-8.589444,-0.019,-0.002,0.7957208,0.9941736,1.666419
6.73,9.12075,-51.21194,-0.004,0,1.671872,0.8682461,0.3290678
6.37,9.102111,-64.49972,0.02,0.029,1.509061,0.9046737,0.4481333
6.55,9.234222,71.65583,-0.028,-0.038,1.279166,0.9499515,0.6774598
2.21,9.133278,-43.4325,-0.019,0.013,1.696332,0.8625193,0.3137062
6.48,9.162889,11.56444,-0.045,-0.062,0.957758,0.9918342,1.210907
5.77,9.153194,-12.35778,0.019,0.003,1.267758,0.9519608,0.6911988
6.15,9.145417,-26.76778,-0.045,0.009,0.8838352,0.9951422,1.396449
5.73,9.151194,-18.32861,-0.052,0.009,0.8172955,0.9949792,1.594669
5.95,9.177417,30.96306,-0.021,-0.034,1.702462,0.8610749,0.3099481
6.01,9.172472,21.99639,0.005,0.006,1.24511,0.9558647,0.7193206
5.46,9.159861,-8.787778,-0.019,-0.01,1.307917,0.9447668,0.6440313
4.71,9.093972,-70.53889,-0.008,-0.005,0.765365,0.9923371,1.774358
4.48,9.085778,-72.60278,-0.013,-0.005,1.088691,0.9791206,0.9503851
5.59,9.165667,-30.36528,0.002,-0.048,0.8921627,0.9949391,1.373863
5.96,9.264611,72.94611,-0.085,-0.063,0.8879863,0.9950467,1.385133
6.53,9.173056,-23.17667,-0.029,0.01,0.8172955,0.9949792,1.594669
6.48,9.162528,-49.42472,0.014,-0.041,0.8838352,0.9951422,1.396449
5.13,9.239056,61.42333,-0.006,-0.03,1.073387,0.9809783,0.977142
6.35,9.198778,5.468333,-0.101,-0.025,0.9487008,0.9924115,1.231931
6.51,9.204889,14.99611,-0.522,0.248,1.151633,0.9706286,0.8488025
6.14,9.203583,3.867222,-0.044,-0.001,0.8136278,0.9948701,1.606589
5.32,9.230056,43.21778,-0.028,-0.032,0.7686149,0.9925749,1.762392
5.73,9.199639,-19.74778,-0.057,0.046,1.290627,0.9479049,0.663932
5,9.184556,-44.86806,-0.001,0.002,0.9091193,0.9943857,1.329262
6.11,9.207222,-7.109722,-0.016,0.019,0.9048428,0.9945425,1.340338
6,9.194722,-39.25889,-0.01,0.006,0.7785514,0.9932398,1.726427
6.48,9.227028,21.28333,-0.016,-0.008,0.8247156,0.9951659,1.57089
5.79,9.192556,-46.58389,-0.018,0.01,0.7465358,0.9907548,1.845714
3.44,9.182778,-58.96694,-0.026,0.008,0.7526829,0.9913102,1.822032
5.27,9.263861,56.74139,-0.016,-0.031,1.635357,0.8766814,0.3531348
5.57,9.2085,-43.61361,-0.012,0.002,0.7785514,0.9932398,1.726427
4.83,9.269806,54.02194,0.049,0.061,0.8921627,0.9949391,1.373863
3.97,9.187944,-62.31722,-0.043,0.009,0.7558053,0.9915778,1.810148
5.97,9.253972,34.63361,-0.148,0.053,1.222698,0.9596106,0.7483163
3.88,9.239417,2.314167,0.129,-0.31,0.7957208,0.9941736,1.666419
6.5,9.332167,74.01639,-0.037,-0.067,1.302141,0.9458218,0.6506131
6.31,9.223861,-38.61639,0.008,-0.012,0.8172955,0.9949792,1.594669
6.29,9.221833,-42.27361,-0.017,0.054,1.449618,0.9171209,0.5000749
5.34,9.253833,14.94139,-0.044,-0.012,1.491187,0.9084697,0.4632215
5.92,9.22625,-47.33861,-0.016,0.003,0.799244,0.9943325,1.65443
5.85,9.235611,-44.14583,-0.019,0.014,0.7752084,0.9930265,1.738424
5.54,9.215444,-59.41444,0,0,1.217133,0.9605217,0.755704
5.25,9.240139,-43.2275,-0.021,0.01,0.7686149,0.9925749,1.762392
6.35,9.256917,-15.02472,-0.026,-0.014,0.8247156,0.9951659,1.57089
5.97,9.292,46.81722,0.017,0.014,0.8322476,0.9953098,1.547205
5.86,9.249222,-37.6025,0.011,-0.013,1.206051,0.962313,0.7706477
5.42,8.94475,-85.66306,-0.117,0.037,0.9442073,0.9926812,1.242528
5.27,9.238333,-55.56972,-0.035,0.027,1.296378,0.9468679,0.6572466
6.25,9.254056,-45.55556,-0.003,-0.01,0.788763,0.9938273,1.690417
5.24,9.27825,-6.353056,0.024,0.006,1.40184,0.9267572,0.5454844
4.94,9.260194,-38.57,-0.068,-0.013,1.366313,0.9337484,0.580982
5.47,9.278139,-8.744722,-0.02,0.004,0.7853289,0.9936404,1.702421
4.62,9.262528,-37.41333,0.026,-0.01,1.009204,0.9877542,1.099447
1.68,9.22,-69.71722,-0.162,0.108,0.8172955,0.9949792,1.594669
5.75,9.307222,35.36417,-0.041,-0.024,1.302141,0.9458218,0.6506131
5.84,9.285417,-14.57361,-0.048,0.012,1.336976,0.9393615,0.611885
6.04,9.267833,-44.89861,0.017,0.009,0.9308688,0.9934145,1.274651
6.41,9.297611,11.50111,-0.012,-0.003,0.843752,0.9954435,1.511886
3.82,9.314083,36.8025,-0.03,-0.122,0.8398899,0.9954101,1.523629
6.02,9.254861,-58.38861,-0.022,-0.006,0.781925,0.9934445,1.714426
5.12,9.273083,-44.26583,0.002,-0.001,1.702462,0.8610749,0.3099481
6.32,9.259722,-57.57806,0.003,-0.003,1.325317,0.9415493,0.6245921
5.33,9.282556,-39.40139,-0.009,-0.031,1.40184,0.9267572,0.5454844
6.14,9.203417,-76.66306,0.031,-0.044,1.354547,0.9360177,0.5931965
4.34,9.270056,-57.54139,-0.014,-0.007,1.677979,0.8668221,0.3251773
6.13,9.3455,51.26611,-0.035,0.15,0.9949045,0.9890186,1.129132
5.47,9.362028,56.69917,-0.01,-0.008,1.665772,0.869665,0.3329922
2.25,9.284833,-59.27528,-0.02,0.008,0.8879863,0.9950467,1.385133
6.33,9.295083,-54.49528,-0.018,-0.004,1.544924,0.8969263,0.4191554
6.12,9.349806,38.18833,-0.044,-0.013,0.9761498,0.9905277,1.16955
6.62,9.326028,-11.31417,-0.084,0.036,0.8476411,0.9954656,1.500175
5.26,9.301611,-51.05111,-0.023,0.008,0.792227,0.9940051,1.678416
5.78,9.325889,-15.83444,0.052,-0.046,1.47335,0.912213,0.4787271
3.13,9.350917,34.3925,-0.221,0.019,1.629291,0.8780689,0.3572699
4.79,9.329556,-11.975,-0.03,0.015,1.262074,0.9529513,0.6981484
6.16,9.357556,32.90194,0.011,-0.035,1.354547,0.9360177,0.5931965
5.87,9.311722,-51.56056,-0.014,0,1.053264,0.9832854,1.013674
4.8,9.341389,-9.555833,-0.014,-0.029,1.262074,0.9529513,0.6981484
6.39,9.329972,-34.10333,-0.01,-0.007,0.781925,0.9934445,1.714426
6.53,9.354278,15.37111,-0.036,-0.015,0.8136278,0.9948701,1.606589
5.39,9.288111,-68.68944,-0.109,-0.02,0.9949045,0.9890186,1.129132
6.11,9.297694,-67.05083,-0.003,0.014,1.455546,0.9159029,0.4946641
6.33,9.34875,-15.61778,0.065,-0.107,1.014014,0.9873076,1.089673
6.82,9.345611,-31.76056,-0.034,-0.011,0.8172955,0.9949792,1.594669
6.05,9.341556,-37.58139,-0.017,-0.018,1.532952,0.8995316,0.4286416
6.28,9.325722,-55.18667,-0.004,0,0.781925,0.9934445,1.714426
4.72,9.358222,-25.96556,-0.011,-0.008,1.677979,0.8668221,0.3251773
6.29,9.464333,75.09833,-0.014,0.015,0.843752,0.9954435,1.511886
5.29,9.290389,-74.89444,-0.015,0.03,0.8247156,0.9951659,1.57089
5.86,9.290944,-74.73472,-0.041,0.033,0.8099886,0.9947508,1.618527
6.28,9.428944,63.94083,-0.008,-0.041,1.57494,0.8903149,0.3961679
6.41,9.392167,25.18306,-0.121,0.005,1.200534,0.963193,0.7782043
6.53,9.380806,-9.838889,-0.027,-0.021,0.9048428,0.9945425,1.340338
6.31,9.415472,51.57389,0.041,-0.005,1.162379,0.969053,0.8327068
5.58,9.364139,-42.195,0.053,-0.06,1.677979,0.8668221,0.3251773
6.67,9.40625,36.58694,-0.068,-0.024,0.9005912,0.994687,1.351465
4.81,9.349111,-62.40472,-0.013,0.002,1.267758,0.9519608,0.6911988
6.54,9.376861,-39.77472,-0.063,0.074,1.378119,0.9314479,0.5689601
5.75,9.373333,-46.0475,0.004,0.027,1.256405,0.9539321,0.7051516
4.46,9.410917,26.18222,-0.033,-0.048,1.437773,0.9195387,0.5110475
5.63,9.363889,-55.515,-0.065,0.06,0.8921627,0.9949391,1.373863
4.69,9.38675,-28.83389,-0.123,0.019,1.256405,0.9539321,0.7051516
2.5,9.368556,-55.01083,-0.008,0.009,0.7558053,0.9915778,1.810148
6.48,9.395778,-37.75722,-0.083,0.017,0.8879863,0.9950467,1.385133
6.29,9.425694,16.58556,-0.084,-0.025,1.28489,0.9489328,0.6706696
6.06,9.404528,-39.42583,0.012,-0.036,0.8963644,0.9948192,1.36264
5.59,9.423333,-5.1175,-0.012,-0.008,1.611126,0.8821995,0.369895
6.08,9.399861,-51.73722,0.013,-0.002,1.068326,0.9815733,0.9861831
6.3,9.390944,-60.3025,-0.005,-0.004,1.586981,0.8876316,0.387255
6.01,9.439528,-1.463889,-0.001,-0.003,1.491187,0.9084697,0.4632215
5.99,9.401583,-61.64889,0.016,-0.051,1.336976,0.9393615,0.611885
5.41,9.477778,45.60139,-0.007,-0.128,1.290627,0.9479049,0.663932
6.54,9.454056,-9.223611,-0.029,0.001,0.836055,0.9953655,1.535403
6.1,9.445778,-28.7875,-0.027,-0.001,0.781925,0.9934445,1.714426
6.2,9.44125,-40.50194,0.025,0.002,0.9177461,0.9940347,1.307261
6.45,9.496556,55.74556,-0.132,-0.033,1.302141,0.9458218,0.6506131
1.98,9.459778,-8.658611,-0.014,0.033,1.562919,0.8929762,0.4052402
4.69,9.455111,-22.34389,0.18,-0.161,1.384036,0.9302863,0.5630207
5.38,9.463,-6.071111,-0.224,-0.074,1.104171,0.9771553,0.9241761
4.29,9.618111,81.32639,-0.019,-0.014,1.586981,0.8876316,0.387255
5.77,9.424194,-61.95028,-0.129,0.061,0.8756096,0.995297,1.419215
5.11,9.438361,-53.37917,-0.008,0,0.7785514,0.9932398,1.726427
5.41,9.474306,9.056667,0.055,-0.004,1.08357,0.9797518,0.959243
5.71,9.474778,8.188333,-0.027,-0.03,1.325317,0.9415493,0.6245921
6.65,9.460667,-35.00778,-0.028,-0.031,0.8963644,0.9948192,1.36264
3.67,9.525472,63.06194,0.109,0.028,0.9532177,0.9921292,1.221391
6.27,9.483944,-1.256944,-0.073,0.001,0.9264704,0.9936338,1.285468
4.6,9.485806,-2.768889,0.13,-0.015,1.014014,0.9873076,1.089673
6.14,9.490139,-2.205278,-0.046,-0.003,0.9048428,0.9945425,1.340338
6.05,9.445611,-64.92972,-0.056,0.063,0.8756096,0.995297,1.419215
6.26,9.492333,-4.247222,-0.029,-0.08,1.211584,0.9614226,0.7631477
5.66,9.486833,-20.74861,-0.017,0.022,1.659678,0.8710787,0.3369508
5.85,9.512,33.65556,-0.02,-0.049,1.331141,0.9404596,0.6182135
4.51,9.487417,-35.95139,-0.022,0.001,1.562919,0.8929762,0.4052402
6.19,9.487861,-38.40389,-0.085,-0.013,0.9048428,0.9945425,1.340338
6.24,9.497194,-23.34528,-0.002,-0.003,1.641429,0.8752886,0.3490357
5.72,9.581556,72.20556,0.075,-0.077,1.023699,0.9863767,1.070307
5.37,9.525667,35.10306,-0.056,-0.102,1.617176,0.880828,0.3656496
5.48,9.498472,-26.58972,-0.022,0.002,1.515027,0.9033968,0.4431943
4.56,9.574694,69.83028,-0.063,0.077,1.173196,0.967433,0.8168453
5.85,9.506278,-15.57722,-0.066,-0.063,1.420028,0.9231197,0.5278929
4.31,9.528667,22.96806,-0.021,-0.033,1.623231,0.8794511,0.3614414
6.46,9.601889,74.31778,-0.016,-0.07,0.781925,0.9934445,1.714426
3.17,9.547611,51.67722,-0.954,-0.531,1.014014,0.9873076,1.089673
5.92,9.479722,-62.27306,-0.076,0.031,1.360425,0.934887,0.587065
5.47,9.451778,-71.60222,-0.102,0.075,1.348679,0.9371404,0.5993768
6.76,9.552,49.43861,-0.024,0.009,1.302141,0.9458218,0.6506131
5.07,9.532667,9.715833,-0.003,-0.013,1.520997,0.9021141,0.4382997
7,9.512611,-31.89139,-0.013,-0.026,0.8515572,0.9954764,1.488497
6.18,9.512806,-31.88944,0.028,-0.028,0.8284677,0.9952433,1.559035
4.97,9.532417,11.29972,-0.094,-0.082,1.331141,0.9404596,0.6182135
5.91,9.475167,-66.70194,-0.033,0.047,0.8209915,0.9950778,1.582768
5.45,9.501444,-51.51722,-0.004,0.009,0.781925,0.9934445,1.714426
6.14,9.527472,-10.55222,0.014,-0.02,0.9134204,0.9942164,1.318236
3.6,9.511667,-40.46667,-0.182,0.073,0.966908,0.9912063,1.190112
4.57,9.533028,-1.185,-0.012,-0.011,0.8555,0.9954757,1.476855
6.13,9.532167,-10.37056,-0.086,0.01,1.414119,0.924301,0.5336135
5.93,9.525611,-31.87194,-0.039,0.001,0.9220961,0.9938405,1.296338
5.87,9.525806,-35.715,0.143,-0.177,1.47335,0.912213,0.4787271
6.18,9.558417,36.48694,0.031,-0.035,1.461477,0.9146789,0.4893029
6.53,9.555083,28.36806,-0.044,-0.034,0.8634652,0.9954395,1.45368
5.88,9.5065,-58.36167,-0.031,0.028,1.720887,0.8567117,0.2988666
6.11,9.544833,1.864167,-0.02,-0.038,1.093832,0.9784774,0.941588
5.36,9.402528,-80.78694,-0.146,0.14,1.009204,0.9877542,1.099447
5.74,9.539,-19.40028,-0.036,0.01,0.8715355,0.9953564,1.430662
6.52,9.572111,46.90222,-0.062,-0.008,0.9048428,0.9945425,1.340338
6.46,9.538472,-28.62806,-0.072,0.039,0.9532177,0.9921292,1.221391
4.5,9.580417,52.05139,-0.065,-0.035,0.8209915,0.9950778,1.582768
4.55,9.570389,36.3975,0.006,-0.022,1.256405,0.9539321,0.7051516
6.12,9.550583,-8.505278,-0.02,-0.034,1.290627,0.9479049,0.663932
5.94,9.548833,-13.51694,-0.008,0.003,1.599043,0.8849264,0.3784985
3.13,9.520361,-57.03444,-0.032,0.004,1.629291,0.8780689,0.3572699
6.25,9.566417,23.45389,-0.052,-0.087,1.57494,0.8903149,0.3961679
6.24,9.555583,-7.19,-0.033,-0.012,1.40184,0.9267572,0.5454844
6.42,9.632278,73.08056,-0.041,-0.026,1.302141,0.9458218,0.6506131
5.35,9.538694,-40.64944,0.011,-0.012,1.24511,0.9558647,0.7193206
5.01,9.553472,-21.11583,-0.02,0.015,1.313705,0.943703,0.6375007
4.81,9.584389,39.62139,-0.03,0.022,1.296378,0.9468679,0.6572466
5.91,9.557278,-22.86389,-0.049,0.06,0.8247156,0.9951659,1.57089
6.76,9.589556,39.96333,-0.016,0.012,0.9623215,0.9915266,1.200481
6.43,9.552167,-39.12889,-0.029,0.049,0.9532177,0.9921292,1.221391
6.27,9.525806,-66.71944,-0.027,-0.006,1.509061,0.9046737,0.4481333
5.56,9.57575,-5.915,0.011,-0.059,1.395897,0.9279408,0.5512831
5.41,9.594333,35.81028,-0.706,-0.241,1.173196,0.967433,0.8168453
6.1,9.537389,-62.78889,-0.036,0.02,1.556916,0.8942985,0.4098373
5.12,9.562361,-49.005,-0.016,0.01,0.7752084,0.9930265,1.738424
6.36,9.598028,14.37972,-0.038,0,0.8209915,0.9950778,1.582768
5.01,9.569111,-51.25528,-0.003,0.004,0.7558053,0.9915778,1.810148
5.56,9.611917,31.16167,0.003,-0.039,1.653589,0.8724872,0.3409441
5.47,9.52675,-73.08083,-0.027,0.001,1.635357,0.8766814,0.3531348
6.31,9.592694,-19.58361,-0.038,-0.046,0.8398899,0.9954101,1.523629
6.49,9.586611,-35.82389,-0.072,-0.002,0.9949045,0.9890186,1.129132
5.94,9.65775,67.27222,-0.026,-0.04,1.611126,0.8821995,0.369895
4.08,9.574083,-59.22944,-0.012,0.014,0.8209915,0.9950778,1.582768
5.69,9.617389,16.43778,-0.014,-0.006,1.449618,0.9171209,0.5000749
5,9.620194,6.835833,-0.06,0.001,1.331141,0.9404596,0.6182135
6.53,9.609361,-24.70278,-0.119,0.06,0.9761498,0.9905277,1.16955
5.25,9.639361,40.23972,-0.017,0.006,0.9048428,0.9945425,1.340338
5.7,9.616722,-25.29667,-0.062,0.043,1.372211,0.932602,0.5749471
6.17,9.607028,-48.75139,-0.011,-0.024,0.9264704,0.9936338,1.285468
6.4,9.630972,-9.424444,-0.062,0.002,0.8027965,0.9944818,1.64245
5.63,9.619417,-32.17861,0.034,-0.02,1.313705,0.943703,0.6375007
4.68,9.640917,4.649167,-0.163,-0.051,1.491187,0.9084697,0.4632215
5.98,9.624528,-36.09583,-0.035,-0.001,1.372211,0.932602,0.5749471
4.35,9.613778,-49.35528,-0.125,0.025,0.8838352,0.9951422,1.396449
6.19,9.612861,-52.94417,-0.12,0.081,1.331141,0.9404596,0.6182135
5.69,9.704111,69.2375,-0.067,-0.07,1.384036,0.9302863,0.5630207
5.17,9.715889,72.2525,-0.026,-0.03,1.325317,0.9415493,0.6245921
5.45,9.620083,-53.66861,-0.054,-0.017,0.8756096,0.995297,1.419215
6.56,9.601417,-64.95056,-0.04,0.036,0.8555,0.9954757,1.476855
5.5,9.63375,-43.19111,0.032,-0.037,1.302141,0.9458218,0.6506131
6.23,9.758556,78.13472,0.004,0.003,1.509061,0.9046737,0.4481333
6.7,9.644639,-39.61417,-0.044,-0.062,1.028574,0.9858926,1.060716
3.91,9.664278,-1.142778,0.049,-0.064,1.491187,0.9084697,0.4632215
6.31,9.663167,-10.57028,-0.024,0.005,0.8063781,0.9946213,1.630482
6.17,9.788333,79.13667,-0.031,-0.021,0.9177461,0.9940347,1.307261
6.37,9.67225,-10.76917,-0.004,-0.001,0.8476411,0.9954656,1.500175
5.06,9.671778,-14.33222,-0.027,-0.02,0.765365,0.9923371,1.774358
5.89,9.693111,31.27806,0.03,-0.001,1.659678,0.8710787,0.3369508
5.62,9.700083,39.75778,-0.05,-0.045,1.273455,0.9509609,0.6843027
3.52,9.685833,9.892222,-0.142,-0.037,1.028574,0.9858926,1.060716
6.24,9.694028,25.91278,-0.014,-0.033,1.449618,0.9171209,0.5000749
6.39,9.711972,48.43111,-0.03,-0.017,0.8136278,0.9948701,1.606589
6.47,9.718611,54.36361,-0.035,-0.034,0.8674873,0.9954039,1.442151
4.52,9.655833,-61.32806,-0.041,0.021,0.792227,0.9940051,1.678416
6.14,9.711861,35.09333,-0.021,-0.052,0.966908,0.9912063,1.190112
4.77,9.688056,-23.59167,-0.028,-0.004,0.7752084,0.9930265,1.738424
6.17,9.743528,64.98389,-0.049,0.012,1.302141,0.9458218,0.6506131
5.11,9.564778,-80.94139,-0.043,0.007,0.7686149,0.9925749,1.762392
5.64,9.725917,29.97444,-0.018,-0.1,0.8634652,0.9954395,1.45368
4.94,9.704,-23.91556,-0.395,0.26,1.048284,0.9838315,1.02296
5.32,9.678472,-57.98361,-0.034,0.006,0.8963644,0.9948192,1.36264
5.8,9.683944,-57.25972,0.081,-0.043,1.354547,0.9360177,0.5931965
6.34,9.765389,63.65333,-0.012,-0.043,0.9442073,0.9926812,1.242528
5.35,9.728861,14.02167,0.004,-0.003,1.677979,0.8668221,0.3251773
6.41,9.7115,-35.50167,-0.014,0.007,0.7957208,0.9941736,1.666419
6,9.696611,-55.21417,-0.018,-0.004,0.7718961,0.9928048,1.750413
6.5,9.741667,18.86361,-0.007,-0.054,1.302141,0.9458218,0.6506131
5.2,9.775472,57.12806,0.004,0.034,1.671872,0.8682461,0.3290678
4.79,9.736694,-27.76944,-0.047,0.035,1.038387,0.9848868,1.041715
6.15,9.724306,-51.22833,-0.024,-0.004,0.781925,0.9934445,1.714426
2.98,9.764194,23.77417,-0.046,-0.011,1.189549,0.9649212,0.7934883
6.82,9.737722,-39.57111,-0.029,0.008,0.9397373,0.9929382,1.253181
5.56,9.728389,-53.89167,-0.068,0.022,0.8027965,0.9944818,1.64245
5.79,9.769444,6.708611,0.004,-0.022,1.68409,0.8653929,0.3213205
5.63,9.773139,11.81,-0.017,0.015,1.59301,0.8862817,0.3828574
6.45,9.756056,-30.20278,-0.032,0.001,0.7718961,0.9928048,1.750413
5.65,9.773222,1.785556,-0.056,-0.041,0.957758,0.9918342,1.210907
6.45,9.790528,11.56833,-0.053,0.005,0.9996489,0.9886097,1.119177
5.09,9.809833,46.02111,0.224,-0.092,1.093832,0.9784774,0.941588
6.02,9.792639,11.42889,0.002,-0.042,1.479292,0.9109711,0.4735113
6.46,9.76125,-57.18556,-0.031,0.017,0.7785514,0.9932398,1.726427
3.69,9.754111,-62.50778,-0.014,0.007,1.431855,0.9207385,0.5166105
6.31,9.839917,65.59333,-0.052,-0.029,0.9308688,0.9934145,1.274651
5.55,9.775111,-44.755,-0.008,0.002,0.7558053,0.9915778,1.810148
6.22,9.765389,-58.79417,-0.123,0.059,1.014014,0.9873076,1.089673
3.8,9.849833,59.03861,-0.293,-0.151,0.9352911,0.9931827,1.263889
6.09,9.830583,21.17944,-0.043,-0.012,0.9177461,0.9940347,1.307261
3.01,9.785028,-65.07194,-0.012,0.011,0.9308688,0.9934145,1.274651
6.26,9.785194,-65.0725,-0.011,0.023,0.8476411,0.9954656,1.500175
5.97,9.824472,-37.18639,-0.084,0.023,1.443694,0.9183328,0.5055358
6.24,9.841694,4.343611,-0.147,-0.055,1.023699,0.9863767,1.070307
4.59,9.868444,54.06444,-0.004,0.021,0.8284677,0.9952433,1.559035
6.06,9.811111,-56.41194,-0.056,0.014,1.267758,0.9519608,0.6911988
6.46,9.850556,13.06611,0.028,-0.008,1.647506,0.8738905,0.3449722
6.37,9.830917,-36.26861,-0.022,0.002,1.307917,0.9447668,0.6440313
5.08,9.832528,-45.73278,-0.026,0.004,0.781925,0.9934445,1.714426
6.01,9.853889,-4.243333,0.013,-0.028,0.8838352,0.9951422,1.396449
5.32,9.864722,24.39528,0.006,-0.179,0.9091193,0.9943857,1.329262
6.42,9.856,-6.181667,-0.125,0.06,1.073387,0.9809783,0.977142
5.45,9.772389,-76.77611,0.079,-0.056,1.239485,0.9568162,0.7264869
4.12,9.857972,-14.84667,0.017,-0.026,1.256405,0.9539321,0.7051516
5.73,9.845,-46.93444,-0.034,0.016,1.348679,0.9371404,0.5993768
3.88,9.879389,26.00694,-0.216,-0.056,1.431855,0.9207385,0.5166105
6.02,9.870056,2.454167,-0.181,0.092,0.8027965,0.9944818,1.64245
6.35,9.87,0.07555556,-0.022,-0.032,1.267758,0.9519608,0.6911988
6.08,9.866556,-16.53472,0.026,-0.067,1.325317,0.9415493,0.6245921
5.05,9.875111,-8.105,-0.055,-0.04,0.8322476,0.9953098,1.547205
5.62,9.8555,-46.19389,-0.043,0.033,1.40184,0.9267572,0.5454844
6.27,9.917611,61.11611,0.009,-0.002,1.331141,0.9404596,0.6182135
4.58,9.861333,-46.54778,-0.008,-0.001,1.420028,0.9231197,0.5278929
5.79,9.853361,-59.42583,0.035,-0.045,1.515027,0.9033968,0.4431943
5.57,9.848806,-62.74528,-0.007,0.007,1.491187,0.9084697,0.4632215
5.95,9.89525,5.958333,-0.008,-0.006,1.696332,0.8625193,0.3137062
6.3,9.882778,-27.33222,-0.284,0.093,1.093832,0.9784774,0.941588
5.27,9.928611,49.82,-0.003,0.022,0.843752,0.9954435,1.511886
5.83,9.973,72.87944,-0.076,-0.035,1.384036,0.9302863,0.5630207
4.88,9.903417,-25.9325,-0.18,0.054,1.437773,0.9195387,0.5110475
6.48,9.883333,-55.37333,-0.018,0.001,0.7686149,0.9925749,1.762392
6.24,9.908806,-22.48833,-0.038,-0.031,0.8322476,0.9953098,1.547205
5.93,9.953778,57.41833,0.032,-0.059,1.239485,0.9568162,0.7264869
4.94,9.9145,-19.00944,-0.047,-0.037,1.641429,0.8752886,0.3490357
5.93,9.897278,-51.14694,-0.005,-0.01,0.765365,0.9923371,1.774358
5.71,9.904889,-45.28389,-0.02,-0.008,0.7785514,0.9932398,1.726427
5.85,9.940556,8.933056,-0.085,0.018,1.378119,0.9314479,0.5689601
5.72,9.91425,-50.24389,-0.029,0.012,0.8136278,0.9948701,1.606589
5.14,9.961417,41.05556,-0.117,-0.025,1.014014,0.9873076,1.089673
6.3,9.965806,45.41444,0.011,-0.03,1.366313,0.9337484,0.580982
6.41,9.934833,-40.82472,-0.018,-0.022,1.665772,0.869665,0.3329922
6.28,9.94625,-26.55028,-0.114,0.006,0.9048428,0.9945425,1.340338
5.84,9.943194,-33.41861,0.038,0.016,1.420028,0.9231197,0.5278929
6.32,9.948333,-27.475,-0.081,0.029,0.8838352,0.9951422,1.396449
6.37,10.14286,83.91833,-0.004,0.007,1.611126,0.8821995,0.369895
6.37,9.939417,-51.33611,-0.004,-0.007,0.75896,0.9918383,1.798239
6.3,9.973917,27.75889,-0.117,-0.034,1.302141,0.9458218,0.6506131
5.26,9.970389,12.44472,-0.025,-0.015,0.8027965,0.9944818,1.64245
6.04,9.968778,8.314167,0.011,-0.024,1.515027,0.9033968,0.4431943
5.48,9.997694,56.81194,-0.029,-0.026,1.57494,0.8903149,0.3961679
3.54,9.947722,-54.56778,-0.01,0.003,0.788763,0.9938273,1.690417
6.12,9.953028,-52.63889,-0.01,-0.002,0.7718961,0.9928048,1.750413
5.73,9.993389,29.64528,-0.095,-0.039,1.336976,0.9393615,0.611885
6.05,9.961806,-48.41444,-0.016,-0.015,0.7686149,0.9925749,1.762392
6.35,9.936028,-71.38944,-0.02,-0.002,0.788763,0.9938273,1.690417
6.7,9.995306,3.384722,-0.066,0.022,0.9264704,0.9936338,1.285468
6.21,9.985028,-23.95028,-0.049,0.023,0.781925,0.9934445,1.714426
5.23,9.981194,-35.89111,-0.087,-0.02,0.9442073,0.9926812,1.242528
6.58,9.954222,-64.48944,-0.13,0.084,1.378119,0.9314479,0.5689601
6.2,9.949917,-69.10194,-0.027,0,0.781925,0.9934445,1.714426
4.7,10.00356,8.044167,-0.03,-0.023,1.659678,0.8710787,0.3369508
5.36,10.01686,31.92361,-0.528,-0.428,1.114588,0.9757859,0.9070064
5.66,10.04692,21.94917,-0.017,-0.006,0.7526829,0.9913102,1.822032
6.52,10.00956,-56.94667,-0.064,0.008,1.290627,0.9479049,0.663932
5.74,10.07675,53.89167,-0.022,-0.002,1.023699,0.9863767,1.070307
6.2,10.02792,-53.36444,-0.036,-0.017,0.7718961,0.9928048,1.750413
6.54,10.04703,-30.5775,-0.014,0.03,1.414119,0.924301,0.5336135
6.2,10.03278,-57.34972,-0.041,0.027,1.372211,0.932602,0.5749471
6.14,10.08625,52.37083,-0.004,-0.02,1.302141,0.9458218,0.6506131
6.12,10.06139,-9.573889,0.005,-0.011,1.696332,0.8625193,0.3137062
5.94,10.03333,-60.42083,-0.019,0.006,0.9220961,0.9938405,1.296338
6.45,10.069,3.201111,-0.075,-0.097,0.9854823,0.9897984,1.149222
6.7,10.0615,-25.31667,-0.039,0.009,0.8172955,0.9949792,1.594669
5.86,10.06747,-18.10167,-0.01,-0.002,0.7957208,0.9941736,1.666419
6.12,10.05569,-46.63611,-0.029,-0.01,0.8247156,0.9951659,1.57089
5.7,10.0725,-24.28556,-0.114,0.023,0.9397373,0.9929382,1.253181
6.19,10.04997,-60.17861,-0.013,0.005,0.8838352,0.9951422,1.396449
6.42,10.04706,-62.15639,-0.01,0.01,1.733201,0.853778,0.2916365
6.43,10.07317,-39.97583,-0.034,-0.003,1.479292,0.9109711,0.4735113
6.37,10.09469,15.7575,-0.078,-0.017,0.9715175,0.9908733,1.179802
4.6,10.08542,-13.06472,-0.037,0.018,0.7853289,0.9936404,1.702421
6.14,10.05953,-61.88389,-0.005,0.005,0.8027965,0.9944818,1.64245
6.27,10.08756,-36.38389,-0.01,0.003,1.366313,0.9337484,0.580982
6.21,10.11317,5.611389,-0.034,-0.013,1.267758,0.9519608,0.6911988
4.48,10.12383,35.24472,0.053,0.004,0.8879863,0.9950467,1.385133
3.52,10.12222,16.76278,-0.002,0,0.8063781,0.9946213,1.630482
5.08,10.10314,-47.37,0.011,-0.057,1.233874,0.9577577,0.733708
5.6,10.11931,-17.14167,0.016,-0.063,1.599043,0.8849264,0.3784985
6.52,10.10197,-52.18806,-0.068,0.015,1.290627,0.9479049,0.663932
6.24,10.13775,31.60417,-0.083,-0.08,1.009204,0.9877542,1.099447
4.37,10.13175,9.9975,-0.08,-0.061,1.568927,0.8916483,0.4006839
4.49,10.13231,-0.3716667,-0.016,-0.013,0.8027965,0.9944818,1.64245
1.35,10.13953,11.96722,-0.248,0.006,0.7785514,0.9932398,1.726427
5.52,10.01214,-82.21472,-0.031,0.032,0.8284677,0.9952433,1.559035
6.36,10.13381,-37.33361,-0.011,0.003,1.290627,0.9479049,0.663932
6.53,10.14603,-10.88472,0.004,-0.003,0.8247156,0.9951659,1.57089
6.27,10.14319,-15.61167,-0.027,0.014,0.8136278,0.9948701,1.606589
6.32,10.18303,40.66139,-0.014,-0.002,1.449618,0.9171209,0.5000749
6.24,10.16569,-12.09583,-0.005,-0.036,0.8879863,0.9950467,1.385133
5.91,10.16875,-8.408333,-0.026,-0.001,0.8247156,0.9951659,1.57089
4.86,10.14897,-51.81111,-0.01,0.001,0.7752084,0.9930265,1.738424
5.31,10.16831,-12.81611,-0.125,-0.113,0.966908,0.9912063,1.190112
6.13,10.15883,-35.85667,-0.437,0.014,1.08357,0.9797518,0.959243
5.85,10.18689,37.40194,-0.021,-0.031,1.47335,0.912213,0.4787271
3.61,10.17647,-12.35417,-0.202,-0.089,1.307917,0.9447668,0.6440313
5.28,10.14517,-65.81528,-0.072,0.042,1.290627,0.9479049,0.663932
5.65,10.18217,-8.418333,-0.006,-0.044,1.479292,0.9109711,0.4735113
6.6,10.06878,-81.56583,-0.046,0.047,1.256405,0.9539321,0.7051516
6.44,10.19394,13.355,0.04,-0.036,1.014014,0.9873076,1.089673
5.6,10.15608,-61.54917,-0.094,0.073,1.659678,0.8710787,0.3369508
6.25,10.18828,-7.316667,0.012,-0.014,0.8209915,0.9950778,1.582768
5.98,10.17719,-41.715,0.05,-0.12,1.443694,0.9183328,0.5055358
5.81,10.15847,-68.68333,-0.008,0.01,0.8247156,0.9951659,1.57089
6.28,10.20081,-28.60639,-0.026,-0.014,0.8209915,0.9950778,1.582768
5.77,10.21342,4.614722,-0.051,-0.005,1.407792,0.9255665,0.539732
6.44,10.2105,-19.15361,-0.236,-0.116,1.03347,0.9853959,1.051185
6.04,10.2305,27.13583,-0.018,0.002,1.217133,0.9605217,0.755704
6.4,10.19311,-58.82806,-0.051,0.02,1.696332,0.8625193,0.3137062
6.25,10.25214,59.98556,0.015,0.009,1.659678,0.8710787,0.3369508
5.72,10.19625,-58.06056,-0.01,0.012,0.788763,0.9938273,1.690417
6.16,10.20639,-52.16333,-0.041,0.046,1.40184,0.9267572,0.5454844
6.25,10.22206,-27.02889,-0.056,0.038,0.9442073,0.9926812,1.242528
6.02,10.24158,21.16778,-0.142,-0.082,1.063285,0.9821562,0.9952854
6.38,10.22356,-33.03194,-0.36,0.061,1.078469,0.9803711,0.968162
6.46,10.25175,31.46806,-0.037,-0.001,1.302141,0.9458218,0.6506131
5.9,10.22942,-40.34583,-0.078,0.017,1.42594,0.9219321,0.5222255
6.4,10.30031,73.07333,-0.056,-0.079,0.9091193,0.9943857,1.329262
5.28,10.223,-51.23333,-0.041,-0.026,0.9177461,0.9940347,1.307261
6.1,10.21703,-59.91806,-0.006,0,0.788763,0.9938273,1.690417
6.35,10.23239,-40.31056,-0.026,-0.002,1.267758,0.9519608,0.6911988
5.78,10.22444,-51.75611,-0.046,0.004,0.8715355,0.9953564,1.430662
6.66,10.29739,71.06056,-0.031,-0.048,0.9487008,0.9924115,1.231931
6.41,10.22256,-61.65889,-0.019,-0.002,0.7785514,0.9932398,1.726427
3.85,10.24561,-42.12194,-0.145,0.045,0.836055,0.9953655,1.535403
5.35,10.27067,29.31056,-0.075,-0.023,0.8209915,0.9950778,1.582768
5.16,10.22517,-66.37306,-0.039,0.004,0.9005912,0.994687,1.351465
5.82,10.30056,65.10833,-0.087,-0.009,0.8634652,0.9954395,1.45368
6.49,10.27447,28.6825,-0.055,-0.089,1.08357,0.9797518,0.959243
6.55,10.27114,17.74028,-0.006,0.001,1.302141,0.9458218,0.6506131
6.19,10.25581,-36.51806,-0.033,-0.005,1.336976,0.9393615,0.611885
5.97,10.27564,23.50306,-0.205,0.036,1.119825,0.9750837,0.8985121
3.44,10.27817,23.41722,0.018,-0.007,0.9442073,0.9926812,1.242528
5.84,10.27831,25.37139,-0.107,0.029,1.420028,0.9231197,0.5278929
3.45,10.28494,42.91444,-0.164,-0.038,0.8284677,0.9952433,1.559035
6.08,10.26919,-11.20333,-0.013,0.008,1.360425,0.934887,0.587065
5.41,10.27797,13.72833,-0.023,-0.016,1.665772,0.869665,0.3329922
5.6,10.25875,-43.1125,0.009,-0.064,1.611126,0.8821995,0.369895
3.32,10.22894,-70.03806,-0.039,0.007,0.788763,0.9938273,1.690417
6.16,10.25461,-54.97417,-0.015,0,0.75896,0.9918383,1.798239
5.82,10.28739,23.10611,-0.408,-0.1,1.03347,0.9853959,1.051185
6.57,10.27933,-20.67056,-0.127,-0.038,1.023699,0.9863767,1.070307
6.52,10.30286,27.41528,-0.057,0.006,0.8099886,0.9947508,1.618527
5.24,10.29383,-8.068889,-0.158,0.004,0.9442073,0.9926812,1.242528
6.22,10.26753,-59.90333,-0.047,0.016,0.8963644,0.9948192,1.36264
6.43,10.31639,46.76083,-0.021,-0.03,1.302141,0.9458218,0.6506131
6.3,10.27783,-51.205,-0.028,0,1.623231,0.8794511,0.3614414
6,10.32411,48.39694,-0.097,-0.107,1.313705,0.943703,0.6375007
5.96,10.35094,68.7475,-0.053,-0.038,0.8963644,0.9948192,1.36264
6.4,10.31686,24.71167,-0.047,-0.008,1.302141,0.9458218,0.6506131
5.34,10.30211,-28.99194,-0.01,0.012,0.9134204,0.9942164,1.318236
3.4,10.28472,-61.33222,-0.024,0.005,1.623231,0.8794511,0.3614414
6.45,10.33744,53.77917,-0.084,0.046,1.053264,0.9832854,1.013674
6,10.342,54.21694,-0.032,-0.002,1.378119,0.9314479,0.5689601
6.3,10.3105,-36.80472,-0.043,0.008,1.467412,0.9134489,0.4839908
4.79,10.32892,19.47083,-0.234,-0.214,1.009204,0.9877542,1.099447
6,10.32133,-12.52806,-0.014,-0.019,0.9220961,0.9938405,1.296338
5.96,10.30783,-41.66833,-0.027,0.006,0.7957208,0.9941736,1.666419
2.61,10.33286,19.84167,0.306,-0.147,1.389962,0.9291172,0.5571284
3.8,10.33294,19.84056,0.312,-0.169,1.302141,0.9458218,0.6506131
6.37,10.32561,-5.105833,-0.053,-0.061,1.24511,0.9558647,0.7193206
6.32,10.33317,-9.058889,-0.067,-0.068,0.9532177,0.9921292,1.221391
5.81,10.31044,-56.11,-0.253,0.127,1.023699,0.9863767,1.070307
5.5,10.49486,84.25222,-0.129,-0.032,1.302141,0.9458218,0.6506131
4.57,10.32689,-55.02944,-0.014,0.003,1.671872,0.8682461,0.3290678
6.66,10.35056,2.289722,-0.007,-0.003,0.788763,0.9938273,1.690417
5.67,10.318,-64.67639,-0.043,0.007,0.836055,0.9953655,1.535403
5.65,10.33797,-47.69917,-0.002,0.001,1.702462,0.8610749,0.3099481
5.76,10.36958,41.22944,-0.124,-0.136,1.053264,0.9832854,1.013674
6.51,10.35217,-17.985,-0.051,-0.028,0.9854823,0.9897984,1.149222
3.05,10.37214,41.49944,-0.082,0.035,1.653589,0.8724872,0.3409441
6.12,10.36397,14.97556,-0.035,-0.015,0.8247156,0.9951659,1.57089
6.5,10.35797,-23.71083,-0.049,0.019,0.8963644,0.9948192,1.36264
4.97,10.40219,65.56639,-0.008,-0.022,0.7957208,0.9941736,1.666419
6.51,10.36,-22.52833,-0.03,0.006,0.843752,0.9954435,1.511886
4.5,10.34856,-56.04306,-0.016,0.003,0.7752084,0.9930265,1.738424
5.9,10.38508,33.90806,-0.013,-0.005,0.8715355,0.9953564,1.430662
6.13,10.37025,-19.86694,-0.031,-0.001,0.8284677,0.9952433,1.559035
6.07,10.38344,6.5425,-0.018,-0.1,1.372211,0.932602,0.5749471
6.39,10.39494,29.61583,-0.006,-0.01,1.354547,0.9360177,0.5931965
6.54,10.38739,5.694167,-0.241,-0.073,1.014014,0.9873076,1.089673
4.83,10.37211,-41.65,-0.022,0.056,1.372211,0.932602,0.5749471
5.5,10.40239,33.71861,-0.019,-0.003,1.407792,0.9255665,0.539732
5.97,10.39069,-4.074167,-0.05,0.005,0.781925,0.9934445,1.714426
6.27,10.38697,-30.16222,0.006,-0.011,0.9442073,0.9926812,1.242528
5.26,10.51794,82.55861,-0.083,0.031,0.9715175,0.9908733,1.179802
6.32,10.40364,2.368056,0.037,-0.023,1.302141,0.9458218,0.6506131
5.33,10.39147,-38.01,-0.158,-0.057,0.9177461,0.9940347,1.307261
6.27,10.39456,-41.95333,-0.13,0.011,1.233874,0.9577577,0.733708
5.61,10.42089,8.784722,0.014,-0.042,1.671872,0.8682461,0.3290678
4.99,10.38281,-66.90167,-0.024,0.008,0.7718961,0.9928048,1.750413
4.74,10.43192,33.79611,-0.07,-0.061,0.9177461,0.9940347,1.307261
6.35,10.39747,-57.95389,-0.001,-0.006,1.611126,0.8821995,0.369895
5.57,10.42897,-7.059722,-0.135,0.136,1.611126,0.8821995,0.369895
6.18,10.42144,-42.46806,-0.002,-0.034,1.302141,0.9458218,0.6506131
3.81,10.43483,-16.83639,-0.128,-0.08,1.586981,0.8876316,0.387255
5.95,10.4165,-58.57639,-0.077,0.009,0.9487008,0.9924115,1.231931
6.02,10.45778,41.60083,-0.055,-0.076,0.8838352,0.9951422,1.396449
6.15,10.45014,19.36444,-0.064,-0.012,1.384036,0.9302863,0.5630207
6.44,10.46772,48.78472,0.079,-0.884,1.08357,0.9797518,0.959243
6.13,10.43597,-42.73889,-0.127,-0.052,1.378119,0.9314479,0.5689601
4.21,10.46472,36.70722,-0.118,-0.101,1.24511,0.9558647,0.7193206
6.04,10.46083,9.7625,0.007,0.002,0.7957208,0.9941736,1.666419
4,10.40658,-74.03167,-0.021,-0.026,0.9623215,0.9915266,1.200481
6.35,10.47681,45.21222,-0.021,-0.019,1.491187,0.9084697,0.4632215
4.25,10.45253,-31.06778,-0.075,0.011,1.568927,0.8916483,0.4006839
6.19,10.41231,-73.97167,-0.032,0.017,0.843752,0.9954435,1.511886
6.32,10.49842,65.62611,0,-0.032,1.384036,0.9302863,0.5630207
5.58,10.44694,-54.8775,-0.007,-0.008,1.635357,0.8766814,0.3531348
6.12,10.50739,64.2575,-0.047,-0.059,0.8797096,0.9952256,1.40781
6.05,10.47889,-3.7425,0.004,-0.027,0.836055,0.9953655,1.535403
4.66,10.45678,-57.63889,-0.013,0,1.038387,0.9848868,1.041715
6.1,10.46719,-49.40556,0.006,-0.036,1.605082,0.8835657,0.3741778
4.84,10.51044,55.98056,-0.176,-0.03,1.043325,0.9843654,1.032307
5.77,10.50178,38.92528,-0.017,-0.002,0.8476411,0.9954656,1.500175
3.82,10.46464,-58.73944,-0.013,0,0.9442073,0.9926812,1.242528
6.01,10.45703,-65.70472,-0.082,0.023,0.8515572,0.9954764,1.488497
5.21,10.49131,-2.739167,-0.048,-0.014,0.7957208,0.9941736,1.666419
5.58,10.49139,-29.66361,-0.059,0.015,1.550918,0.8956152,0.4144755
5.56,10.49317,-30.60722,-0.033,0,0.8027965,0.9944818,1.64245
5.09,10.50486,-0.6369444,-0.04,-0.023,0.7686149,0.9925749,1.762392
5.29,10.48128,-64.17222,-0.013,0.006,1.820087,0.8327023,0.2443512
6.52,10.60047,80.49444,-0.027,-0.006,1.273455,0.9509609,0.6843027
6.2,10.51631,-7.6375,-0.039,0.005,1.526972,0.9008257,0.4334489
5.58,10.51661,-13.58833,-0.045,0.009,0.8027965,0.9944818,1.64245
5.9,10.53094,32.37944,0.015,0.006,0.8594694,0.9954634,1.465249
6.51,10.51428,-26.48389,-0.065,0.015,1.053264,0.9832854,1.013674
4.84,10.58486,75.71306,-0.03,-0.003,1.279166,0.9499515,0.6774598
5.46,10.53661,14.13722,-0.042,0.024,1.708597,0.8596255,0.3062224
6.43,10.51089,-61.35611,-0.003,0.022,1.757901,0.8478518,0.2775435
6.19,10.50242,-66.985,-0.025,-0.008,0.8209915,0.9950778,1.582768
6.05,10.53017,-28.2375,-0.086,-0.016,1.038387,0.9848868,1.041715
6.45,10.56211,53.4975,-0.047,-0.025,1.302141,0.9458218,0.6506131
4.75,10.55386,40.42556,-0.14,0.006,0.9091193,0.9943857,1.329262
3.85,10.54686,9.306667,-0.007,-0.003,0.7686149,0.9925749,1.762392
4.89,10.52272,-53.71556,-0.418,0.205,1.03347,0.9853959,1.051185
5.74,10.53264,-45.06667,0,-0.002,0.765365,0.9923371,1.774358
6.09,10.53239,-45.06944,-0.013,0.006,0.7785514,0.9932398,1.726427
5.58,10.55858,34.98861,-0.029,-0.006,0.8247156,0.9951659,1.57089
4.74,10.50558,-71.99306,0.025,-0.037,0.8322476,0.9953098,1.547205
5.91,10.54267,-44.61889,-0.011,-0.032,1.256405,0.9539321,0.7051516
3.32,10.53372,-61.68528,-0.019,0.009,0.7853289,0.9936404,1.702421
5.16,10.58603,57.08278,0.067,0.039,0.957758,0.9918342,1.210907
4.93,10.51722,-73.22167,-0.017,-0.001,1.708597,0.8596255,0.3062224
5.02,10.54914,-47.00333,-0.019,0.003,1.325317,0.9415493,0.6245921
6,10.54656,-58.66694,-0.024,0,0.9487008,0.9924115,1.231931
5.08,10.56692,-23.74528,-0.008,0.021,1.659678,0.8710787,0.3369508
5.08,10.58,6.953611,-0.102,0.056,1.267758,0.9519608,0.6911988
6.14,10.55703,-58.19028,-0.017,-0.003,0.9623215,0.9915266,1.200481
5.67,10.58394,8.650278,-0.055,-0.006,0.836055,0.9953655,1.535403
6.1,10.58269,-23.17611,-0.098,0.036,1.03347,0.9853959,1.051185
6.28,10.60594,36.32694,0.036,-0.037,0.9808048,0.9901694,1.159356
6.23,10.57025,-60.98778,0.004,-0.003,1.538936,0.8982318,0.4238772
6.49,10.59414,-18.56917,0.009,0.008,0.8963644,0.9948192,1.36264
5.38,10.58692,-39.56278,-0.027,-0.001,2.482102,0.6576325,0.02801873
6.08,10.58625,-43.66472,-0.03,0.023,1.267758,0.9519608,0.6911988
6.57,10.60483,-10.58333,0.018,-0.033,0.9352911,0.9931827,1.263889
6.03,10.60464,-16.34444,-0.026,-0.001,1.690208,0.8639587,0.3174968
6.29,10.60128,-26.675,0.009,-0.062,1.023699,0.9863767,1.070307
5.7,10.609,-12.23028,0.268,-0.673,1.043325,0.9843654,1.032307
4.45,10.59314,-57.55778,-0.023,0,1.671872,0.8682461,0.3290678
6.52,10.61989,-11.74861,-0.051,-0.032,0.9352911,0.9931827,1.263889
7.07,10.53083,-81.92111,-0.033,0.008,0.788763,0.9938273,1.690417
4.89,10.62047,-27.4125,-0.109,0.024,1.671872,0.8682461,0.3290678
4.82,10.62589,-13.38444,0.034,-0.032,2.350101,0.6939915,0.05673054
5.08,10.60564,-59.56472,-0.059,-0.053,1.407792,0.9255665,0.539732
5.52,10.65158,53.66833,-0.087,-0.074,1.461477,0.9146789,0.4893029
4.71,10.64533,31.97611,0,0.008,1.195033,0.9640624,0.7858177
3.84,10.62169,-48.22583,-0.155,-0.017,0.9397373,0.9929382,1.253181
5.85,10.65211,37.91,-0.222,-0.044,1.068326,0.9815733,0.9861831
5.45,10.62411,-58.73333,-0.033,0.002,1.03347,0.9853959,1.051185
6.3,10.59022,-76.30917,-0.018,0.004,1.420028,0.9231197,0.5278929
4.91,10.64306,-16.87667,-0.097,0.027,1.256405,0.9539321,0.7051516
6.04,10.64733,-12.44361,-0.057,0.002,0.8172955,0.9949792,1.594669
5.91,10.63403,-57.25639,-0.028,0.002,0.7686149,0.9925749,1.762392
4.11,10.59114,-78.60778,-0.042,0.014,1.647506,0.8738905,0.3449722
6.11,10.64731,-42.75361,-0.016,-0.016,1.114588,0.9757859,0.9070064
5.75,10.69675,68.44333,-0.026,-0.026,1.479292,0.9109711,0.4735113
4.66,10.64586,-59.18306,-0.012,0.001,1.586981,0.8876316,0.387255
5.12,10.69906,65.71639,-0.162,-0.069,1.420028,0.9231197,0.5278929
5.92,10.64983,-58.81694,-0.086,0.012,1.690208,0.8639587,0.3174968
4.28,10.65511,-55.60333,-0.019,0.005,1.325317,0.9415493,0.6245921
5,10.71781,69.07611,0.002,-0.012,1.526972,0.9008257,0.4334489
6.26,10.69006,-1.741667,-0.137,-0.121,1.233874,0.9577577,0.733708
6.37,10.681,-35.74167,-0.021,0.001,1.256405,0.9539321,0.7051516
6.02,10.70314,31.69694,0.008,-0.021,1.671872,0.8682461,0.3290678
5.52,10.66981,-65.10056,-0.027,0.003,0.7621466,0.9920915,1.786308
6.07,10.65461,-74.49361,0,-0.006,1.727041,0.8552473,0.295236
5.8,10.72869,57.19917,0.017,-0.053,0.8099886,0.9947508,1.618527
6.42,10.68822,-59.67694,-0.006,-0.001,0.8476411,0.9954656,1.500175
5.51,10.71717,26.32556,-0.105,-0.063,0.8838352,0.9951422,1.396449
6.24,10.70869,-13.975,-0.02,-0.002,1.623231,0.8794511,0.3614414
5.18,10.72581,46.20389,-0.269,-0.066,0.9532177,0.9921292,1.221391
5.08,10.72361,23.18833,-0.116,0.009,0.8322476,0.9953098,1.547205
5.79,10.72247,4.747778,0.022,-0.03,1.40184,0.9267572,0.5454844
5.64,10.712,-32.71583,-0.029,0.002,0.8172955,0.9949792,1.594669
6,10.75111,67.41139,0.005,-0.001,2.159483,0.7454417,0.1086746
4.82,10.70389,-64.46639,-0.026,0.018,0.7686149,0.9925749,1.762392
6.27,10.73736,19.75861,-0.116,-0.026,0.8838352,0.9951422,1.396449
5.38,10.71128,-59.21583,-0.009,0,0.9220961,0.9938405,1.296338
2.76,10.71594,-64.39444,-0.023,0.01,0.7435117,0.9904674,1.857505
4.57,10.72558,-60.56667,-0.032,0.006,1.727041,0.8552473,0.295236
6.28,10.75261,2.488056,-0.051,-0.023,1.42594,0.9219321,0.5222255
6.34,10.77292,57.36583,-0.05,-0.064,1.635357,0.8766814,0.3531348
5.24,10.76442,30.68222,-0.023,-0.037,0.7957208,0.9941736,1.666419
5.77,10.73089,-64.24889,-0.014,0.006,0.8172955,0.9949792,1.594669
4.82,10.73525,-63.96111,-0.019,0.013,0.7718961,0.9928048,1.750413
5.97,10.69758,-79.78333,-0.031,0.01,0.792227,0.9940051,1.678416
6.37,10.76825,6.373056,-0.008,-0.036,1.372211,0.932602,0.5749471
5.49,10.77347,18.89139,0.097,-0.038,1.372211,0.932602,0.5749471
5.48,10.77369,14.19472,-0.123,-0.066,1.250751,0.9549033,0.7122089
6.21,10.751,-59.68417,-0.004,0.009,1.088691,0.9791206,0.9503851
6.26,10.73872,-70.86,-0.075,-0.007,0.8963644,0.9948192,1.36264
6.46,10.74225,-70.855,-0.06,0.007,0.9091193,0.9943857,1.329262
6.27,10.74069,-72.44389,-0.175,0.04,1.028574,0.9858926,1.060716
5.42,10.78111,-17.29667,-0.02,-0.013,0.8594694,0.9954634,1.465249
6.39,10.81389,65.13222,0.01,0,0.8099886,0.9947508,1.618527
2.69,10.7795,-49.42,0.074,-0.048,1.24511,0.9558647,0.7193206
6.25,10.77133,-60.60333,-0.062,-0.008,0.8322476,0.9953098,1.547205
6.67,10.79389,-15.26194,0.002,-0.014,0.8136278,0.9948701,1.606589
5.34,10.77125,-64.515,-0.025,-0.005,0.781925,0.9934445,1.714426
5.23,10.77492,-64.26333,-0.008,0.012,0.792227,0.9940051,1.678416
5.23,10.78264,-56.75722,-0.016,-0.002,0.788763,0.9938273,1.690417
4.85,10.78089,-64.38333,-0.023,0.012,0.765365,0.9923371,1.774358
6.15,10.81589,29.41583,-0.086,-0.041,1.389962,0.9291172,0.5571284
5.93,10.81128,-1.958889,-0.012,0.008,1.659678,0.8710787,0.3369508
5.88,10.80394,-31.68833,-0.02,-0.013,0.8284677,0.9952433,1.559035
6.36,10.79408,-57.46778,0.01,-0.004,1.671872,0.8682461,0.3290678
5.34,10.82094,10.54528,-0.003,-0.025,0.8284677,0.9952433,1.559035
6,10.8015,-59.91917,-0.001,0.006,0.9264704,0.9936338,1.285468
6.61,10.82147,-4.024167,-0.049,-0.012,0.9048428,0.9945425,1.340338
6.04,10.83158,27.97389,-0.011,0.031,0.9715175,0.9908733,1.179802
5.47,10.75436,-80.46972,-0.038,-0.033,1.273455,0.9509609,0.6843027
3.11,10.82708,-16.19361,0.094,0.2,1.449618,0.9171209,0.5000749
5.86,10.82875,-9.852778,0.009,-0.037,1.342822,0.9382551,0.6056062
4.45,10.763,-80.54028,-0.049,0.008,0.7526829,0.9913102,1.822032
5.67,10.85308,56.58222,-0.058,0.003,1.372211,0.932602,0.5749471
5.58,10.85658,59.32,-0.036,-0.047,1.384036,0.9302863,0.5630207
5.79,10.83836,-8.897778,-0.004,-0.015,0.8797096,0.9952256,1.40781
5.61,10.8325,-34.05806,-0.044,0.015,0.8322476,0.9953098,1.547205
5.91,10.82336,-59.32361,-0.043,0.001,0.8172955,0.9949792,1.594669
5.95,10.8515,-3.0925,-0.046,-0.006,1.586981,0.8876316,0.387255
6.65,10.87522,52.56528,-0.02,-0.023,1.302141,0.9458218,0.6506131
6.44,10.87553,52.50361,-0.071,-0.052,1.366313,0.9337484,0.580982
5.93,10.89186,69.85389,-0.398,-0.067,1.296378,0.9468679,0.6572466
6.38,10.87047,1.025278,-0.002,0.003,0.8476411,0.9954656,1.500175
6.31,10.87669,-0.2013889,-0.009,-0.018,1.599043,0.8849264,0.3784985
5.1,10.89292,54.585,-0.064,-0.011,1.515027,0.9033968,0.4431943
3.83,10.88853,34.215,0.087,-0.278,1.325317,0.9415493,0.6245921
4.71,10.89964,43.19,0.045,-0.021,0.799244,0.9943325,1.65443
6.12,10.89025,-2.255278,-0.138,-0.083,1.24511,0.9558647,0.7193206
5.25,10.87525,-57.24056,-0.004,0.002,0.8797096,0.9952256,1.40781
5.24,10.89153,-20.13889,0.078,-0.239,1.018846,0.9868484,1.07996
6.38,10.89247,-15.44556,0.067,-0.043,1.395897,0.9279408,0.5512831
5.45,10.89547,-2.129167,-0.084,0.013,1.279166,0.9499515,0.6774598
6.2,10.91172,25.49083,-0.054,0.003,0.9308688,0.9934145,1.274651
5.66,10.90494,-13.75806,-0.005,0.009,1.206051,0.962313,0.7706477
5.72,10.91617,34.03472,-0.06,-0.049,1.307917,0.9447668,0.6440313
3.78,10.89156,-58.85333,0.067,0.03,1.273455,0.9509609,0.6843027
5.03,10.929,33.50694,-0.109,-0.027,1.360425,0.934887,0.587065
4.5,10.92689,24.74972,-0.072,-0.012,0.8209915,0.9950778,1.582768
6.3,10.92703,24.74889,-0.074,-0.026,1.302141,0.9458218,0.6506131
6.44,10.91989,-20.665,-0.01,0.004,1.360425,0.934887,0.587065
5.99,10.895,-70.72028,-0.034,-0.006,0.8099886,0.9947508,1.618527
6.11,10.91694,-42.25111,-0.037,-0.001,0.788763,0.9938273,1.690417
6.03,10.93736,42.00833,0.014,-0.091,1.378119,0.9314479,0.5689601
5.91,10.92844,0.7369444,0.106,0,0.9949045,0.9890186,1.129132
5.93,10.90822,-61.82667,0.003,-0.004,1.751717,0.8493406,0.2810216
5.81,10.93375,6.185278,-0.022,-0.008,1.568927,0.8916483,0.4006839
6.33,10.87431,-79.55944,-0.04,0.002,1.57494,0.8903149,0.3961679
6.14,10.93803,22.35167,-0.037,0.017,1.629291,0.8780689,0.3572699
6.35,10.94289,25.5,-0.025,-0.015,1.319505,0.9426305,0.6310211
5.92,10.92144,-60.51694,-0.036,0.084,1.348679,0.9371404,0.5993768
6.2,10.99911,77.77,-0.072,-0.023,1.28489,0.9489328,0.6706696
4.6,10.94531,-37.13778,0.077,-0.128,1.319505,0.9426305,0.6310211
5.91,10.95219,-50.765,-0.031,0.013,0.8879863,0.9950467,1.385133
6.17,10.98831,51.88222,-0.012,-0.003,1.526972,0.9008257,0.4334489
6.11,10.96344,-59.73194,0.007,0.016,1.360425,0.934887,0.587065
5.05,10.99111,40.43028,-0.317,0.057,1.088691,0.9791206,0.9503851
6,10.99244,36.09306,0.071,-0.049,1.653589,0.8724872,0.3409441
6.13,10.95436,-75.09972,-0.017,0.003,1.617176,0.880828,0.3656496
5.47,11.00408,45.52611,0.011,0.003,1.580958,0.888976,0.3916917
6.55,10.99475,11.70583,-0.228,0.044,0.9996489,0.9886097,1.119177
5.71,10.98719,-33.73722,0.016,-0.043,0.9715175,0.9908733,1.179802
6.43,11.00711,51.50194,-0.029,-0.015,1.302141,0.9458218,0.6506131
5.89,10.99192,-16.35389,-0.046,-0.016,1.677979,0.8668221,0.3251773
6.02,11.00572,42.91139,-0.109,-0.132,1.068326,0.9815733,0.9861831
6.39,11.01828,63.42111,-0.04,-0.048,0.8797096,0.9952256,1.40781
4.08,10.99625,-18.29889,-0.46,0.13,1.354547,0.9360177,0.5931965
5.08,11.014,39.21222,-0.072,-0.019,0.9134204,0.9942164,1.318236
5.88,11.00322,-14.08333,-0.018,-0.022,1.599043,0.8849264,0.3784985
6.16,10.98722,-61.32028,-0.031,0.019,0.7957208,0.9941736,1.666419
4.84,11.00933,3.6175,0.014,-0.016,1.395897,0.9279408,0.5512831
5.81,10.99983,-43.80722,-0.058,0.011,0.788763,0.9938273,1.690417
4.39,11.00258,-42.22583,0.028,0.003,0.8594694,0.9954634,1.465249
4.99,11.01244,6.101389,-0.048,-0.025,0.8797096,0.9952256,1.40781
2.37,11.03069,56.3825,0.082,0.034,0.8099886,0.9947508,1.618527
6.15,11.00239,-51.81778,-0.038,0.004,0.8879863,0.9950467,1.385133
6.34,11.01589,-15.79278,0.055,-0.04,1.407792,0.9255665,0.539732
6.07,11.01133,-31.83944,-0.08,0.105,1.043325,0.9843654,1.032307
4.74,11.03047,-2.484722,0.012,-0.038,1.671872,0.8682461,0.3290678
4.42,11.03883,20.17972,-0.006,0.042,0.836055,0.9953655,1.535403
1.79,11.06214,61.75083,-0.119,-0.067,1.342822,0.9382551,0.6056062
6.23,11.04011,-26.83139,0.065,-0.12,0.9442073,0.9926812,1.242528
6.14,11.05406,-0.7525,-0.013,-0.111,0.9220961,0.9938405,1.296338
6.71,10.98692,-81.55611,-0.16,0.073,1.058264,0.9827269,1.004449
5.5,11.05414,-11.30361,-0.07,-0.108,1.267758,0.9519608,0.6911988
5.95,11.06017,-0.0008333333,-0.057,0.001,1.431855,0.9207385,0.5166105
6.46,11.05447,-31.96083,-0.039,-0.031,1.671872,0.8682461,0.3290678
6.34,11.06014,-13.43444,0.003,0.01,1.233874,0.9577577,0.733708
6,11.07533,38.24139,-0.064,-0.003,0.8797096,0.9952256,1.40781
4.63,11.08361,7.336111,-0.341,-0.047,0.9532177,0.9921292,1.221391
5.67,11.07533,-47.67917,-0.11,0.027,0.9134204,0.9942164,1.318236
6.19,10.98717,-84.59389,-0.068,-0.005,0.8594694,0.9954634,1.465249
5.43,11.08172,-35.80472,-0.017,0.004,0.8284677,0.9952433,1.559035
4.94,11.08886,-27.29361,-0.188,-0.004,0.966908,0.9912063,1.190112
6.09,11.09278,-11.08889,0.013,-0.079,0.9397373,0.9929382,1.253181
6.13,11.0845,-49.3925,-0.023,0.004,0.8099886,0.9947508,1.618527
5.71,11.09933,-27.28778,0.034,-0.014,0.7957208,0.9941736,1.666419
6.3,11.10161,-51.2125,0.005,-0.065,1.273455,0.9509609,0.6843027
5.52,11.11506,1.955556,-0.383,-0.086,1.28489,0.9489328,0.6706696
6.77,11.11075,-28.72778,-0.057,-0.032,0.8322476,0.9953098,1.547205
6.32,11.10761,-50.95667,-0.067,0.006,1.395897,0.9279408,0.5512831
6.46,11.12769,23.32361,-0.014,0.008,0.8797096,0.9952256,1.40781
6.02,11.10814,-58.67528,-0.015,0,1.443694,0.9183328,0.5055358
6.59,11.119,-32.58722,-0.081,-0.052,0.957758,0.9918342,1.210907
4.61,11.109,-62.42417,-0.043,0.013,1.319505,0.9426305,0.6310211
6.41,11.10672,-64.83972,-0.05,0.008,0.8634652,0.9954395,1.45368
5.15,11.12128,-42.63861,-0.096,0.043,0.8284677,0.9952433,1.559035
6.54,11.13178,-30.17472,-0.513,-0.138,1.08357,0.9797518,0.959243
5.57,11.11386,-70.87806,-0.027,0,0.799244,0.9943325,1.65443
6.06,11.16108,67.21028,-0.083,-0.025,0.9048428,0.9945425,1.340338
6.49,11.13772,-29.97278,0.008,-0.02,0.8284677,0.9952433,1.559035
5.68,11.14697,24.65833,0.003,0.004,0.8398899,0.9954101,1.523629
5.74,11.15531,36.30944,-0.046,-0.024,1.605082,0.8835657,0.3741778
5.44,11.14553,-28.08056,-0.08,-0.016,0.843752,0.9954435,1.511886
3.01,11.16106,44.49861,-0.065,-0.028,1.384036,0.9302863,0.5630207
5.89,11.16069,43.2075,-0.064,-0.011,1.641429,0.8752886,0.3490357
3.91,11.14317,-58.975,-0.007,0,1.437773,0.9195387,0.5110475
5.13,11.14278,-61.94722,-0.006,0.002,0.9048428,0.9945425,1.340338
5.81,11.16483,-32.3675,0.023,-0.029,0.8322476,0.9953098,1.547205
6.4,11.20306,68.27194,0.032,0.01,1.302141,0.9458218,0.6506131
6.3,11.19547,14.40028,-0.066,-0.009,0.9005912,0.994687,1.351465
6.88,11.18186,-58.45528,-0.036,0.003,0.788763,0.9938273,1.690417
4.48,11.19431,-22.82583,0.003,-0.1,0.8284677,0.9952433,1.559035
6.63,11.21236,54.89417,0.001,-0.002,1.302141,0.9458218,0.6506131
6.41,11.20894,35.81361,-0.271,-0.17,1.088691,0.9791206,0.9503851
6.38,11.20411,-32.43389,0.019,0.011,1.720887,0.8567117,0.2988666
6.13,11.20844,-18.5,-0.019,-0.03,0.8136278,0.9948701,1.606589
6.4,11.20961,-21.74917,-0.011,0.012,1.526972,0.9008257,0.4334489
6.35,11.19153,-71.43639,-0.02,0.003,1.520997,0.9021141,0.4382997
5.36,11.20919,-49.10111,-0.096,0.033,0.8879863,0.9950467,1.385133
6.33,11.22783,41.08861,-0.004,0.013,1.389962,0.9291172,0.5571284
4.6,11.21,-60.3175,-0.007,0.004,1.058264,0.9827269,1.004449
6.11,11.21581,-49.73639,-0.008,-0.009,1.336976,0.9393615,0.611885
5.8,11.22075,-44.37222,-0.001,0,1.696332,0.8625193,0.3137062
5.23,11.21256,-64.16972,-0.05,0.007,0.7957208,0.9941736,1.666419
5.42,11.22933,-0.06972222,-0.043,-0.002,0.8063781,0.9946213,1.630482
2.56,11.23514,20.52361,0.142,-0.13,0.8634652,0.9954395,1.45368
5.79,11.23383,8.060556,0.048,-0.11,1.372211,0.932602,0.5749471
3.34,11.23733,15.42944,-0.061,-0.079,0.8136278,0.9948701,1.606589
5.76,11.22758,-53.23167,-0.025,0.038,1.491187,0.9084697,0.4632215
5.74,11.22522,-59.61944,-0.009,-0.006,0.781925,0.9934445,1.714426
4.63,11.25339,23.09556,-0.024,-0.006,1.696332,0.8625193,0.3137062
6.5,11.26778,52.77306,0.162,0.057,0.9996489,0.9886097,1.119177
6.21,11.24833,-43.73417,-0.025,-0.016,1.665772,0.869665,0.3329922
5.32,11.26442,13.3075,-0.007,-0.008,1.420028,0.9231197,0.5278929
6.67,11.26606,12.84472,-0.034,-0.055,0.9264704,0.9936338,1.285468
5.88,11.27831,49.47639,-0.083,-0.009,1.348679,0.9371404,0.5993768
4.47,11.27769,-3.651667,-0.108,-0.036,0.9005912,0.994687,1.351465
6.14,11.28283,-7.134722,-0.006,0.009,0.8963644,0.9948192,1.36264
6.31,11.27436,-45.88,-0.136,0.066,0.9854823,0.9897984,1.149222
5.18,11.28817,2.010556,0.056,-0.14,1.611126,0.8821995,0.369895
6.27,11.28661,-38.01444,-0.088,0.01,0.8555,0.9954757,1.476855
6.45,11.29422,-34.73722,-0.006,0.002,0.9854823,0.9897984,1.149222
4.87,11.30303,31.52917,-0.432,-0.586,1.302141,0.9458218,0.6506131
4.41,11.30306,31.52917,-0.43,-0.586,1.078469,0.9803711,0.968162
6.68,11.29528,-36.53444,-0.077,0.026,1.290627,0.9479049,0.663932
3.48,11.30797,33.09417,-0.026,0.028,1.538936,0.8982318,0.4238772
6.66,11.30583,11.98472,0.004,-0.036,0.843752,0.9954435,1.511886
6.06,11.28861,-67.82361,0.013,-0.007,1.757901,0.8478518,0.2775435
4.78,11.31886,38.18556,-0.057,-0.068,0.8634652,0.9954395,1.45368
5.91,11.31528,1.650556,-0.038,-0.055,1.325317,0.9415493,0.6245921
3.56,11.32236,-14.77861,-0.122,0.208,1.372211,0.932602,0.5749471
6.21,11.34828,67.10056,0.049,-0.052,1.307917,0.9447668,0.6440313
5.99,11.32125,-64.5825,-0.302,0.044,1.014014,0.9873076,1.089673
6.35,11.30953,-79.66861,0.031,-0.026,0.9220961,0.9938405,1.296338
4.05,11.35228,6.029444,-0.092,-0.012,0.7957208,0.9941736,1.666419
6.27,11.32675,-75.1425,-0.038,0.004,0.8063781,0.9946213,1.630482
6.43,11.36369,57.075,-0.058,0.009,0.8756096,0.995297,1.419215
6.41,11.33442,-71.99444,-0.039,-0.005,0.836055,0.9953655,1.535403
3.89,11.35011,-54.49111,-0.036,-0.006,0.765365,0.9923371,1.774358
6.02,11.38092,64.33056,-0.005,0.034,0.8515572,0.9954764,1.488497
4.99,11.38044,43.48278,-0.038,-0.013,1.296378,0.9468679,0.6572466
6.12,11.37308,-44.64583,-0.048,-0.034,1.256405,0.9539321,0.7051516
6.05,11.38833,0.1316667,-0.037,-0.018,1.57494,0.8903149,0.3961679
5.09,11.38942,-18.78,-0.312,-0.034,0.9949045,0.9890186,1.129132
5,11.38686,-36.16472,-0.02,0,1.57494,0.8903149,0.3961679
6.43,11.36586,-77.60833,-0.081,-0.005,0.8963644,0.9948192,1.36264
5.79,11.38558,-56.77944,-0.03,0.006,0.8209915,0.9950778,1.582768
3.94,11.39875,10.52917,0.168,-0.075,0.9901823,0.9894148,1.139147
5.39,11.40064,1.407778,-0.02,0.005,1.267758,0.9519608,0.6911988
5.11,11.38939,-64.955,-0.001,-0.005,0.788763,0.9938273,1.690417
4.83,11.41017,-10.85944,-0.028,0.027,1.635357,0.8766814,0.3531348
6.12,11.40614,-42.66917,-0.005,0.001,0.7558053,0.9915778,1.810148
5.8,11.41636,11.43028,-0.102,-0.005,1.526972,0.9008257,0.4334489
4.08,11.41469,-17.68389,-0.098,0.004,0.9005912,0.994687,1.351465
5.59,11.40308,-72.25667,-0.03,-0.003,0.8398899,0.9954101,1.523629
5.75,11.43253,55.85056,-0.066,0.048,1.302141,0.9458218,0.6506131
5.57,11.42678,16.45639,-0.143,-0.005,0.966908,0.9912063,1.190112
5.22,11.42483,-36.06306,-0.113,0.02,1.296378,0.9468679,0.6572466
6.37,11.43056,3.86,-0.08,-0.041,0.9532177,0.9921292,1.221391
5.89,11.42586,-37.74778,-0.042,-0.014,1.623231,0.8794511,0.3614414
6.32,11.44042,33.45056,-0.04,0.016,0.9996489,0.9886097,1.119177
5.17,11.42867,-63.97278,-0.313,-0.078,1.03347,0.9853959,1.051185
6.5,11.44592,3.013056,-0.724,0.18,1.184081,0.9657693,0.8012163
5.3,11.44314,-61.11528,-0.026,0.002,0.788763,0.9938273,1.690417
5.94,11.45264,-12.35667,-0.097,0.026,1.028574,0.9858926,1.060716
5.81,11.44647,-53.16,-0.041,0.014,1.043325,0.9843654,1.032307
4.95,11.46561,2.856111,0.018,-0.012,1.302141,0.9458218,0.6506131
6.25,11.46492,-1.7,-0.034,-0.003,1.325317,0.9415493,0.6245921
6.45,11.46625,-35.32861,-0.006,0.012,1.302141,0.9458218,0.6506131
5.83,11.48461,61.77833,-0.112,0.237,0.966908,0.9912063,1.190112
5.31,11.4845,39.33694,-0.05,0.016,0.8209915,0.9950778,1.582768
5.08,11.47642,-42.67417,-0.04,0.008,0.8063781,0.9946213,1.630482
6.28,11.49542,56.7375,-0.089,-0.034,0.8756096,0.995297,1.419215
6.09,11.47172,-72.47444,-0.043,-0.02,0.8797096,0.9952256,1.40781
5.74,11.49497,15.41333,-0.028,-0.045,1.491187,0.9084697,0.4632215
6.41,11.50358,54.36167,0.01,-0.057,1.302141,0.9458218,0.6506131
5.76,11.49406,-24.46333,-0.048,0.043,0.843752,0.9954435,1.511886
6.15,11.53067,81.12722,-0.149,0.032,0.9134204,0.9942164,1.318236
6.35,11.50694,46.6575,0.011,0.032,1.461477,0.9146789,0.4893029
5.94,11.50864,43.17333,-0.05,0.083,1.028574,0.9858926,1.060716
4.77,11.50525,-3.003611,0.022,-0.014,1.623231,0.8794511,0.3614414
5.52,11.50806,18.40972,-0.088,0.02,1.331141,0.9404596,0.6182135
3.84,11.52339,69.33111,-0.039,-0.017,1.671872,0.8682461,0.3290678
6.42,11.51469,47.92917,-0.229,-0.07,1.233874,0.9577577,0.733708
6.56,11.5195,48.78917,-0.03,-0.04,1.262074,0.9529513,0.6981484
6.2,11.52914,14.36444,-0.33,-0.189,1.068326,0.9815733,0.9861831
6.38,11.52083,-61.27833,-0.007,0.003,1.043325,0.9843654,1.032307
5.48,11.53911,61.0825,0.002,-0.069,1.03347,0.9853959,1.051185
6.24,11.52989,-20.77667,-0.131,0.032,1.053264,0.9832854,1.013674
5.13,11.52947,-59.44222,-0.005,-0.005,1.348679,0.9371404,0.5993768
5.15,11.53022,-59.51583,-0.008,0.001,1.028574,0.9858926,1.060716
5.81,11.53781,-29.26333,-0.014,0.138,1.048284,0.9838315,1.02296
5.64,11.53786,-29.26111,-0.028,0.145,1.048284,0.9838315,1.02296
6.16,11.53981,-26.74667,-0.079,0.033,1.696332,0.8625193,0.3137062
5.95,11.54653,-7.8275,-0.007,0.004,1.526972,0.9008257,0.4334489
5.64,11.54669,-40.43639,-0.069,0.052,1.647506,0.8738905,0.3449722
5.9,11.53886,-66.96222,-0.004,-0.001,1.378119,0.9314479,0.5689601
5.04,11.54836,-31.08722,-0.03,0.006,1.647506,0.8738905,0.3449722
3.54,11.55003,-31.85778,-0.206,-0.04,1.267758,0.9519608,0.6911988
6.05,11.55406,-16.28056,-0.002,-0.043,1.08357,0.9797518,0.959243
6.4,11.56564,36.81556,-0.129,-0.046,1.331141,0.9404596,0.6182135
5.39,11.56036,-40.58694,-0.071,0.024,0.8634652,0.9954395,1.45368
6.55,11.56944,11.02361,0.045,-0.031,0.8879863,0.9950467,1.385133
5.77,11.57278,3.06,-0.182,-0.104,1.014014,0.9873076,1.089673
5.95,11.57847,16.79694,-0.011,0.003,0.7621466,0.9920915,1.786308
5.63,11.58469,54.78528,0.008,0.008,1.313705,0.943703,0.6375007
5.98,11.57486,-32.83139,-0.674,0.826,1.195033,0.9640624,0.7858177
6.45,11.58439,20.44139,-0.059,-0.005,1.307917,0.9447668,0.6440313
4.62,11.57936,-54.26417,-0.056,0.017,0.788763,0.9938273,1.690417
5.2,11.60078,69.32278,0.111,-0.127,1.307917,0.9447668,0.6440313
5.5,11.58244,-49.13667,-0.17,0.168,1.325317,0.9415493,0.6245921
5.71,11.587,-47.3725,-0.089,-0.004,1.696332,0.8625193,0.3137062
6.56,11.59539,10.91111,0.035,-0.023,0.8674873,0.9954039,1.442151
5.8,11.60497,27.78111,0.023,0.003,0.9091193,0.9943857,1.329262
5.25,11.59878,-47.64167,0.036,-0.049,0.9177461,0.9940347,1.307261
3.13,11.59633,-63.01972,-0.041,-0.005,0.8027965,0.9944818,1.64245
4.7,11.61136,-9.802222,-0.061,0.008,0.788763,0.9938273,1.690417
5.74,11.60972,-33.57,0.04,-0.037,1.313705,0.943703,0.6375007
6.31,11.61133,-37.23778,-0.013,-0.019,0.8398899,0.9954101,1.523629
4.3,11.61581,-0.8238889,0.004,0.043,1.302141,0.9458218,0.6506131
5.83,11.60619,-61.05222,-0.021,0.008,0.7853289,0.9936404,1.702421
6.29,11.617,-32.98806,-0.011,-0.079,1.014014,0.9873076,1.089673
6.14,11.63139,50.61833,-0.047,-0.021,1.342822,0.9382551,0.6056062
5.15,11.61683,-61.28333,-0.224,0.006,1.372211,0.932602,0.5749471
5.44,11.62608,-47.74722,-0.072,0.027,1.443694,0.9183328,0.5055358
5.59,11.63906,43.62556,-0.145,-0.033,0.9532177,0.9921292,1.221391
6.17,11.63606,8.884167,-0.059,0.019,1.348679,0.9371404,0.5993768
5.65,11.621,-75.89667,-0.134,0.001,0.9623215,0.9915266,1.200481
6.1,11.64264,46.83417,-0.037,-0.033,0.9761498,0.9905277,1.16955
6.46,11.647,64.34694,0.016,0.006,1.302141,0.9458218,0.6506131
6.27,11.64228,33.62556,-0.028,-0.019,1.491187,0.9084697,0.4632215
5.36,11.641,8.134167,-0.006,0.005,1.641429,0.8752886,0.3490357
6.22,11.64003,-2.436111,-0.031,0.009,1.372211,0.932602,0.5749471
5.96,11.63011,-67.62028,-0.083,-0.007,1.313705,0.943703,0.6375007
6.44,11.64581,45.10861,-0.594,0.026,1.063285,0.9821562,0.9952854
5.15,11.63536,-61.82639,-0.071,0.017,0.8099886,0.9947508,1.618527
5.48,11.64447,-13.20194,0.092,0.12,1.043325,0.9843654,1.032307
6.42,11.65011,-24.72111,0.033,-0.241,1.200534,0.963193,0.7782043
6.21,11.66419,-14.46861,-0.038,-0.011,0.8172955,0.9949792,1.594669
6.19,11.664,-16.62028,-0.01,-0.009,1.671872,0.8682461,0.3290678
5.17,11.65817,-65.39778,-0.042,-0.006,1.189549,0.9649212,0.7934883
6.37,11.67428,57.97056,-0.012,0.021,0.7752084,0.9930265,1.738424
4.7,11.67022,-34.74472,-0.042,0,0.792227,0.9940051,1.678416
5.26,11.67975,21.35278,-0.064,-0.049,1.290627,0.9479049,0.663932
5.33,11.68417,34.20167,-0.012,-0.381,1.146286,0.9713996,0.8569388
5.96,11.6785,-53.96861,0.004,-0.019,1.696332,0.8625193,0.3137062
6.44,11.68567,-29.19639,-0.324,0.215,1.114588,0.9757859,0.9070064
4.94,11.68156,-62.09,-0.02,0.008,1.389962,0.9291172,0.5571284
6.27,11.69544,55.1725,-0.015,0.023,1.59301,0.8862817,0.3828574
5.73,11.69286,31.74611,-0.351,0.032,0.9996489,0.9886097,1.119177
5.55,11.68883,-43.09583,-0.082,0.003,1.302141,0.9458218,0.6506131
5.22,11.69556,-32.49972,0.004,-0.042,1.586981,0.8876316,0.387255
5.3,11.70789,66.745,-0.043,0.038,1.467412,0.9134489,0.4839908
6.59,11.70144,22.21083,-0.092,-0.063,1.302141,0.9458218,0.6506131
6.22,11.70097,-20.29389,-0.015,-0.048,1.273455,0.9509609,0.6843027
6.33,11.68367,-83.1,-0.071,0.015,1.348679,0.9371404,0.5993768
5.98,11.72422,-37.19028,-0.015,-0.024,1.57494,0.8903149,0.3961679
6.39,11.71539,-79.30639,0.132,-0.008,1.24511,0.9558647,0.7193206
6.07,11.73197,-6.677222,0.059,-0.04,1.279166,0.9499515,0.6774598
5.03,11.72533,-62.48944,-0.008,0.003,1.189549,0.9649212,0.7934883
6.02,11.737,25.21833,-0.014,0.012,1.617176,0.880828,0.3656496
6.1,11.73136,-62.87833,0.017,-0.015,0.8398899,0.9954101,1.523629
4.73,11.74606,-18.35083,0.031,-0.03,1.28489,0.9489328,0.6706696
4.85,11.75475,8.258333,0.061,-0.018,0.8879863,0.9950467,1.385133
6.26,11.7535,-49.06972,-0.031,0.014,1.40184,0.9267572,0.5454844
4.03,11.76433,6.529444,-0.018,-0.184,1.605082,0.8835657,0.3741778
3.71,11.7675,47.77944,-0.137,0.03,1.407792,0.9255665,0.539732
5.29,11.76219,-45.69,-0.047,0.009,0.7752084,0.9930265,1.738424
3.64,11.76011,-66.72861,-0.103,0.037,0.8797096,0.9952256,1.40781
5.27,11.78211,55.62833,0.014,-0.03,1.461477,0.9146789,0.4893029
4.11,11.77522,-61.17833,-0.027,-0.015,1.24511,0.9558647,0.7193206
4.91,11.77531,-40.50056,-1.531,0.401,1.114588,0.9757859,0.9070064
6.17,11.78528,-35.90694,0.034,-0.037,1.279166,0.9499515,0.6774598
6.48,11.78769,-30.28694,-0.276,-0.24,1.12508,0.9743699,0.8900779
5.41,11.78864,-57.69639,-0.025,0.017,1.702462,0.8610749,0.3099481
4.53,11.79975,20.21889,-0.149,-0.003,1.058264,0.9827269,1.004449
5.32,11.79858,8.245833,-0.057,0.012,0.8247156,0.9951659,1.57089
6.26,11.80653,-10.31333,-0.099,-0.115,1.073387,0.9809783,0.977142
4.72,11.80397,-66.81472,0.013,-0.015,1.623231,0.8794511,0.3614414
5.88,11.81075,14.28417,-0.107,0.007,0.9352911,0.9931827,1.263889
5.11,11.81253,-26.74972,-0.032,-0.01,1.659678,0.8710787,0.3369508
6.15,11.817,-0.3186111,-0.217,0.009,1.043325,0.9843654,1.032307
2.14,11.81767,14.57194,-0.497,-0.114,0.8515572,0.9954764,1.488497
6.04,11.82081,16.24278,0.054,-0.061,0.9264704,0.9936338,1.285468
5.7,11.82825,34.93167,-0.115,0.006,1.014014,0.9873076,1.089673
4.32,11.82808,-63.78833,-0.021,0.006,0.765365,0.9923371,1.774358
4.97,11.83239,-70.22583,-0.009,0.001,1.538936,0.8982318,0.4238772
6.13,11.83875,-15.86389,-0.013,0.009,1.273455,0.9509609,0.6843027
3.61,11.84492,1.764722,0.743,-0.271,1.058264,0.9827269,1.004449
5.7,11.84089,-62.64944,-0.012,-0.002,0.9220961,0.9938405,1.296338
6.48,11.84364,-27.27778,-0.087,0.01,1.290627,0.9479049,0.663932
6.35,11.84869,12.27889,-0.137,0.023,0.9264704,0.9936338,1.285468
5.64,11.85061,-5.333333,0.003,0,1.336976,0.9393615,0.611885
6.27,11.85261,33.375,-0.021,0.019,0.9487008,0.9924115,1.231931
4.46,11.85242,-45.17361,-0.07,-0.01,1.479292,0.9109711,0.4735113
6.35,11.85608,-12.18778,-0.238,0.048,0.9854823,0.9897984,1.149222
5.85,11.86156,-30.835,-0.01,-0.295,1.063285,0.9821562,0.9952854
4.9,11.86422,-65.20611,-0.039,-0.01,0.7785514,0.9932398,1.726427
6.45,11.883,37.71861,4.003,-5.813,1.162379,0.969053,0.8327068
5.57,11.86947,-56.98778,-0.119,0.033,0.843752,0.9954435,1.511886
4.28,11.88183,-33.90806,-0.05,0.005,0.781925,0.9934445,1.714426
6.17,11.89078,-35.06667,-0.079,-0.028,0.8476411,0.9954656,1.500175
2.44,11.89717,53.69472,0.095,0.012,0.8172955,0.9949792,1.594669
6.3,11.89731,0.5519444,-0.039,-0.007,0.8963644,0.9948192,1.36264
6.06,11.90319,-57.41,-0.014,0.005,0.836055,0.9953655,1.535403
6.46,11.90717,-37.74889,-0.309,0.06,1.043325,0.9843654,1.032307
5.3,11.91181,-25.71389,0.048,0.081,1.233874,0.9577577,0.733708
5.58,11.91753,8.443889,-0.031,0.016,1.267758,0.9519608,0.6911988
6.54,11.91825,46.47694,0.001,0.008,0.8555,0.9954757,1.476855
7.03,11.91978,46.46972,-0.009,0.006,0.8209915,0.9950778,1.582768
6.49,11.92058,36.75639,-0.054,-0.05,1.647506,0.8738905,0.3449722
5.91,11.91661,-63.27889,-0.026,0.011,0.8921627,0.9949391,1.373863
5.53,11.92792,15.64667,0.009,0.002,0.8594694,0.9954634,1.465249
5.93,11.92781,-28.47694,0.004,-0.026,1.599043,0.8849264,0.3784985
5.84,11.93289,56.59861,0.01,0,1.360425,0.934887,0.587065
5.18,11.93358,-17.15083,-0.051,-0.006,0.8099886,0.9947508,1.618527
6.13,11.93186,-39.68917,0.048,-0.008,1.313705,0.943703,0.6375007
6.22,11.94811,61.54917,-0.031,-0.04,1.279166,0.9499515,0.6774598
6.26,11.94553,-47.0725,-0.126,0.016,0.9854823,0.9897984,1.149222
6.21,11.95103,-33.31528,-0.055,0.003,0.8027965,0.9944818,1.64245
6.62,11.95406,40.34361,-0.16,-0.062,1.014014,0.9873076,1.089673
5.57,11.96114,-62.44889,-0.022,-0.006,0.765365,0.9923371,1.774358
6.42,11.96867,32.27389,-0.109,-0.06,0.9352911,0.9931827,1.263889
6.76,11.97239,61.46472,0.042,0,1.302141,0.9458218,0.6506131
5.44,11.97089,-56.31722,-0.021,0.006,0.788763,0.9938273,1.690417
6.79,11.97231,-40.94722,-0.057,0.021,1.28489,0.9489328,0.6706696
5.61,11.97992,-64.33917,-0.001,0.012,0.8879863,0.9950467,1.385133
6.43,11.98178,-25.90889,-0.027,-0.019,0.8284677,0.9952433,1.559035
6.17,11.98428,0.5305556,-0.061,0.027,1.455546,0.9159029,0.4946641
5.96,11.98822,33.1675,0.004,0.003,1.389962,0.9291172,0.5571284
6.05,11.98636,-51.69667,-0.012,-0.003,1.467412,0.9134489,0.4839908
4.91,11.99369,-78.22194,-0.057,-0.002,0.7957208,0.9941736,1.666419
6.5,11.99922,34.035,-0.064,0.042,0.9048428,0.9945425,1.340338
5.37,11.99914,3.655278,-0.017,-0.006,0.8172955,0.9949792,1.594669
6.17,12.00517,80.85306,-0.068,-0.038,1.665772,0.869665,0.3329922
5.55,12.01236,-10.44611,0.126,-0.476,1.173196,0.967433,0.8168453
6.28,12.01181,-21.83722,0.028,0.006,1.431855,0.9207385,0.5166105
4.66,12.01456,6.614167,0.001,-0.03,0.8674873,0.9954039,1.442151
5.26,12.01422,-19.65889,-0.021,0.013,0.749593,0.9910358,1.833889
6.31,12.01717,-1.768056,-0.015,-0.07,1.42594,0.9219321,0.5222255
6.16,12.02472,-57.50361,-0.073,-0.015,0.8172955,0.9949792,1.594669
5.59,12.02764,36.04194,-0.091,-0.081,1.307917,0.9447668,0.6440313
5.21,12.03522,43.04556,-0.326,0.07,0.9220961,0.9938405,1.296338
6.05,12.03892,-85.63167,-0.065,0.001,1.47335,0.912213,0.4787271
6.42,12.04128,-71.48889,-0.064,0.018,1.40184,0.9267572,0.5454844
5.89,12.04381,-69.19222,-0.039,-0.007,0.788763,0.9938273,1.690417
6.22,12.04767,-7.683611,-0.036,0.02,1.59301,0.8862817,0.3828574
4.33,12.05042,-63.31278,-0.15,0.008,0.9264704,0.9936338,1.285468
5.15,12.061,-42.43417,0.331,-0.114,0.9901823,0.9894148,1.139147
6.44,12.06231,-74.21389,-0.027,0.007,1.437773,0.9195387,0.5110475
5.87,12.07128,21.45917,0.036,-0.004,0.9048428,0.9945425,1.340338
4.72,12.072,-63.16556,-0.02,0.008,0.788763,0.9938273,1.690417
5.35,12.07742,-68.32917,-0.054,-0.012,0.8136278,0.9948701,1.606589
5.04,12.07958,-76.51917,-0.082,0.048,1.59301,0.8862817,0.3828574
6.27,12.07447,85.58722,-0.056,0.092,1.078469,0.9803711,0.968162
5.96,12.08253,-60.96917,-0.038,-0.032,1.702462,0.8610749,0.3099481
4.12,12.08681,8.733056,-0.22,0.046,1.290627,0.9479049,0.663932
5.8,12.08753,76.90583,0.147,-0.091,1.307917,0.9447668,0.6440313
6.13,12.09436,62.93306,-0.05,-0.075,1.40184,0.9267572,0.5454844
6.33,12.09811,-65.54722,-0.031,-0.012,0.9048428,0.9945425,1.340338
6.23,12.09908,-35.69389,-0.031,-0.002,0.788763,0.9938273,1.690417
6.37,12.09994,-3.131667,-0.028,-0.019,1.302141,0.9458218,0.6506131
6.23,12.1055,-68.65083,-0.014,0.02,1.443694,0.9183328,0.5055358
6.06,12.10642,-65.70917,-0.049,0.002,1.10937,0.9764765,0.9155611
4.15,12.11469,-64.61361,0.033,-0.037,0.957758,0.9918342,1.210907
5.18,12.1305,-75.36694,-0.098,0.019,1.479292,0.9109711,0.4735113
4.47,12.13478,-50.66139,-0.035,-0.01,0.765365,0.9923371,1.774358
6.37,12.13467,-50.76333,-0.037,0.002,0.799244,0.9943325,1.65443
5.34,12.13742,-48.69278,-0.025,-0.017,0.8136278,0.9948701,1.606589
2.6,12.13931,-50.7225,-0.034,-0.008,0.7752084,0.9930265,1.738424
6.22,12.14017,-60.84722,-0.013,0.003,1.745539,0.8508246,0.2845295
4.02,12.14022,-24.72889,0.086,-0.04,0.9487008,0.9924115,1.231931
5.75,12.14828,-44.32611,-0.046,-0.049,0.9134204,0.9942164,1.318236
5.48,12.14847,-41.23139,-0.024,-0.006,0.792227,0.9940051,1.678416
5.95,12.16147,1.897778,0.043,-0.178,1.372211,0.932602,0.5749471
6.35,12.16314,74.66139,0.001,0.006,1.03347,0.9853959,1.051185
6.17,12.16736,-34.705,-0.052,-0.018,0.8284677,0.9952433,1.559035
5.72,12.16761,5.806944,-0.158,0.016,0.9623215,0.9915266,1.200481
3,12.16875,-22.61972,-0.071,0.014,1.497141,0.9072102,0.4581465
6.06,12.17606,-37.87028,0.047,-0.035,0.8963644,0.9948192,1.36264
6.39,12.17544,16.80917,-0.017,0.001,0.8398899,0.9954101,1.523629
6.01,12.17947,27.28139,-0.009,-0.014,0.8594694,0.9954634,1.465249
6.08,12.18469,-61.2775,-0.134,-0.018,0.9808048,0.9901694,1.159356
5.46,12.18442,-23.6025,-0.063,-0.016,0.8398899,0.9954101,1.523629
6.61,12.18414,-45.42278,-0.018,0.009,1.348679,0.9371404,0.5993768
6.23,12.19206,-51.35944,-0.208,-0.067,1.200534,0.963193,0.7782043
3.96,12.19419,-52.36861,-0.035,-0.016,0.765365,0.9923371,1.774358
6,12.18333,81.71,-0.029,0.007,1.671872,0.8682461,0.3290678
5.66,12.19756,25.87028,-0.038,-0.031,1.544924,0.8969263,0.4191554
6.43,12.19581,57.05444,0.007,-0.013,1.302141,0.9458218,0.6506131
6.49,12.20033,28.53611,0.097,-0.071,0.966908,0.9912063,1.190112
5.57,12.20258,20.54194,-0.02,-0.019,1.273455,0.9509609,0.6843027
5.92,12.20611,-62.95083,-0.007,0.002,0.9352911,0.9931827,1.263889
6.17,12.213,-70.15194,-0.022,-0.009,1.211584,0.9614226,0.7631477
5.14,12.20331,77.61639,0.01,0.022,0.9532177,0.9921292,1.221391
6.5,12.22028,-34.12556,-0.03,-0.006,1.696332,0.8625193,0.3137062
5.76,12.22369,-38.92917,-0.003,-0.006,0.7718961,0.9928048,1.750413
6.35,12.23214,-78.57361,-0.033,-0.003,1.443694,0.9183328,0.5055358
5.85,12.22386,10.26222,-0.091,-0.01,0.9264704,0.9936338,1.285468
6.33,12.22686,-33.79278,-0.006,-0.011,0.8476411,0.9954656,1.500175
5.31,12.23406,-45.72389,-0.042,0.007,1.556916,0.8942985,0.4098373
6.22,12.238,-64.40861,-0.013,0.004,0.8634652,0.9954395,1.45368
6.16,12.24539,53.43472,-0.019,-0.015,1.325317,0.9415493,0.6245921
5.83,12.24989,-20.84417,0.001,0.004,1.331141,0.9404596,0.6182135
2.8,12.25242,-58.74889,-0.041,-0.009,0.7405209,0.9901739,1.869259
6.11,12.25294,-10.3125,0.034,-1.017,1.014014,0.9873076,1.089673
6.26,12.25847,-41.91306,-0.331,-0.175,1.307917,0.9447668,0.6440313
5.71,12.25236,70.2,-0.023,-0.026,1.414119,0.924301,0.5336135
3.31,12.25711,57.0325,0.104,0.009,0.8476411,0.9954656,1.500175
6.54,12.26306,-23.35361,0.039,-0.03,1.009204,0.9877542,1.099447
2.59,12.26344,-17.54194,-0.161,0.023,0.7785514,0.9932398,1.726427
5.1,12.26672,14.89889,-0.08,-0.034,0.8398899,0.9954101,1.523629
6.22,12.27319,-72.61472,-0.053,-0.026,0.8136278,0.9948701,1.606589
6.29,12.2615,72.55083,-0.014,-0.035,1.384036,0.9302863,0.5630207
5.66,12.26878,40.66028,0.017,-0.032,1.629291,0.8780689,0.3572699
4.95,12.27236,23.94528,-0.027,-0.007,1.28489,0.9489328,0.6706696
5,12.27503,33.06139,-0.053,-0.111,1.384036,0.9302863,0.5630207
6.06,12.285,-65.69278,-0.057,-0.001,0.8284677,0.9952433,1.559035
6.05,12.28425,-16.69361,-0.048,0.003,0.8555,0.9954757,1.476855
4.11,12.29281,-67.96083,-0.244,-0.025,1.647506,0.8738905,0.3449722
5.81,12.29153,53.19111,0.034,-0.046,1.479292,0.9109711,0.4735113
5.7,12.29181,28.93722,-0.042,0.037,0.8797096,0.9952256,1.40781
4.26,12.30575,-79.31222,-0.048,0.017,0.7752084,0.9930265,1.738424
6.15,12.29647,-36.09389,-0.037,-0.006,0.8209915,0.9950778,1.582768
6.34,12.29564,15.14417,0.044,-0.063,1.520997,0.9021141,0.4382997
6.99,12.30253,-3.954444,-0.017,0.016,0.966908,0.9912063,1.190112
6.54,12.30267,-3.948611,-0.013,0.024,0.9532177,0.9921292,1.221391
4.04,12.30725,-64.00306,-0.05,-0.01,0.75896,0.9918383,1.798239
6.23,12.30878,30.24917,0.077,-0.116,0.9397373,0.9929382,1.253181
5.9,12.31119,-0.7872222,0.029,-0.016,0.8838352,0.9951422,1.396449
5,12.31658,-55.14306,-0.076,-0.014,1.653589,0.8724872,0.3409441
6.33,12.28094,86.43611,0.21,-0.003,0.9996489,0.9886097,1.119177
6.48,12.31725,26.00778,-0.004,-0.022,0.8879863,0.9950467,1.385133
6.27,12.32197,23.03472,-0.022,-0.012,0.8838352,0.9951422,1.396449
6.28,12.25564,87.7,-0.028,0.054,0.9623215,0.9915266,1.200481
5.38,12.31386,75.16056,-0.04,0.002,0.8099886,0.9947508,1.618527
6.33,12.32489,28.15694,-0.197,-0.129,1.03347,0.9853959,1.051185
3.89,12.33178,-0.6669444,-0.063,-0.018,0.8247156,0.9951659,1.57089
5.29,12.33019,48.98417,-0.012,0.007,1.696332,0.8625193,0.3137062
5.97,12.33631,-22.17556,-0.109,-0.025,1.200534,0.963193,0.7782043
6.21,12.34111,-65.84278,-0.056,-0.015,0.8027965,0.9944818,1.64245
5.54,12.33881,26.61944,-0.065,-0.107,1.354547,0.9360177,0.5931965
6.15,12.33825,26.00194,-0.145,0.019,0.9397373,0.9929382,1.253181
4.96,12.33917,3.3125,-0.292,-0.065,1.395897,0.9279408,0.5512831
5.21,12.34269,-22.21583,-0.095,-0.028,0.781925,0.9934445,1.714426
4.74,12.34528,17.79278,-0.111,0.092,1.307917,0.9447668,0.6440313
7.13,12.34481,27.05472,-0.001,-0.114,0.966908,0.9912063,1.190112
5.14,12.34881,-13.56556,-0.006,0.014,1.331141,0.9404596,0.6182135
3.59,12.356,-60.40111,-0.175,0.087,1.550918,0.8956152,0.4144755
5.55,12.34744,57.86389,0.041,-0.073,1.556916,0.8942985,0.4098373
5.92,12.36597,-56.37472,-0.008,-0.012,1.641429,0.8752886,0.3490357
5.15,12.36869,-67.52194,-0.031,-0.003,0.8921627,0.9949391,1.373863
5.74,12.36997,-68.3075,-0.016,-0.057,1.325317,0.9415493,0.6245921
6.19,12.36967,24.77389,-0.062,-0.008,0.8136278,0.9948701,1.606589
5.39,12.38036,-57.67611,-0.046,-0.013,0.781925,0.9934445,1.714426
4.81,12.37508,25.84611,-0.011,-0.009,1.028574,0.9858926,1.060716
6.4,12.37556,5.305556,-0.166,-0.053,1.08357,0.9797518,0.959243
6.33,12.42708,-86.15056,-0.017,-0.001,1.348679,0.9371404,0.5993768
6.36,12.38717,-67.63167,-0.759,0.254,1.239485,0.9568162,0.7264869
5.68,12.38933,-24.84056,-0.019,-0.01,1.395897,0.9279408,0.5512831
5.32,12.39317,-35.41278,-0.036,-0.003,0.788763,0.9938273,1.690417
6.4,12.39358,-39.30306,-0.009,-0.016,0.9352911,0.9931827,1.263889
5.79,12.39581,-38.91111,-0.036,0,0.788763,0.9938273,1.690417
6.06,12.39639,42.54278,-0.078,0.015,0.9532177,0.9921292,1.221391
4.8,12.40042,51.56222,0.014,0.013,1.228278,0.9586892,0.7409844
5.18,12.40514,26.09861,-0.016,-0.011,0.8476411,0.9954656,1.500175
6.25,12.41242,-41.38417,-0.064,-0.071,1.407792,0.9255665,0.539732
6.42,12.40742,25.58278,-0.014,-0.004,0.9264704,0.9936338,1.285468
6.3,12.42147,-65.77056,-0.08,-0.121,1.279166,0.9499515,0.6774598
6.11,12.41903,-42.51444,-0.13,-0.022,1.10937,0.9764765,0.9155611
5.95,12.41992,-11.61028,-0.065,-0.023,0.8284677,0.9952433,1.559035
6.09,12.42178,-27.74917,0.005,-0.001,1.461477,0.9146789,0.4893029
5.73,12.42272,-35.18639,-0.034,-0.006,0.7957208,0.9941736,1.666419
6.03,12.42086,23.92611,0.058,-0.038,1.360425,0.934887,0.587065
5.81,12.41756,56.7775,-0.014,-0.018,1.671872,0.8682461,0.3290678
6.32,12.41844,63.80278,-0.015,0.002,1.250751,0.9549033,0.7122089
5.02,12.43081,39.01861,-0.078,-0.032,1.279166,0.9499515,0.6774598
4.86,12.44192,-63.1225,-0.04,-0.025,0.7752084,0.9930265,1.738424
1.33,12.44331,-63.09917,-0.036,-0.012,0.7375636,0.9898745,1.880971
1.73,12.44347,-63.09944,-0.034,-0.007,0.7317508,0.9892593,1.904259
4.82,12.44211,-51.45083,-0.044,-0.017,0.7686149,0.9925749,1.762392
4.95,12.44003,27.26833,-0.013,-0.008,0.9264704,0.9936338,1.285468
6.26,12.44672,-48.91333,-0.633,-0.082,1.12508,0.9743699,0.8900779
5.55,12.44769,-32.83,-0.005,-0.027,0.8209915,0.9950778,1.582768
6,12.45683,-63.78917,-0.035,-0.018,0.843752,0.9954435,1.511886
4.36,12.44897,28.26833,-0.083,-0.08,1.378119,0.9314479,0.5689601
5,12.44981,26.82556,-0.006,-0.011,0.8476411,0.9954656,1.500175
5.5,12.45797,-58.99194,-0.031,0.005,1.568927,0.8916483,0.4006839
6.24,12.44006,71.92972,-0.153,-0.023,1.336976,0.9393615,0.611885
6.37,12.46169,8.610278,0.018,-0.01,1.262074,0.9529513,0.6981484
6.35,12.46372,-16.63194,-0.018,0.003,1.211584,0.9614226,0.7631477
3.91,12.46733,-50.23056,-0.03,-0.015,0.7526829,0.9913102,1.822032
6.04,12.47192,-64.34139,-0.068,-0.027,0.8247156,0.9951659,1.57089
5.7,12.45975,55.71278,-0.021,-0.012,1.629291,0.8780689,0.3572699
6.22,12.46433,-4.615278,-0.086,0.006,1.004415,0.9881883,1.109282
6.22,12.47375,-61.79528,-0.034,-0.014,1.455546,0.9159029,0.4946641
5.44,12.47292,-39.04139,-0.023,-0.017,0.788763,0.9938273,1.690417
6.15,12.47594,-56.40778,-0.24,-0.22,1.256405,0.9539321,0.7051516
6.54,12.47725,26.22667,-0.02,-0.014,0.8838352,0.9951422,1.396449
6.65,12.47906,25.89917,-0.018,-0.021,0.9048428,0.9945425,1.340338
5.29,12.48186,25.91278,-0.025,-0.02,0.799244,0.9943325,1.65443
5.48,12.49081,24.10889,-0.031,-0.001,0.9996489,0.9886097,1.119177
5.8,12.49831,-56.52472,-0.022,0.019,1.635357,0.8766814,0.3531348
6.02,12.49942,-41.73611,0.008,-0.025,1.611126,0.8821995,0.369895
5.69,12.49533,20.89611,0.024,-0.032,0.843752,0.9954435,1.511886
2.95,12.49775,-16.51556,-0.21,-0.138,0.799244,0.9943325,1.65443
6.35,12.50133,-13.39306,-0.248,-0.041,1.063285,0.9821562,0.9952854
5.63,12.50486,-23.69667,-0.02,-0.003,1.702462,0.8610749,0.3099481
5.35,12.49925,58.40583,-0.062,0.091,0.8963644,0.9948192,1.36264
6.21,12.50081,51.53556,-0.289,0.024,1.038387,0.9848868,1.041715
6.08,12.50119,58.7675,0.031,-0.024,1.290627,0.9479049,0.663932
1.63,12.51942,-57.11333,0.023,-0.262,1.653589,0.8724872,0.3409441
6.42,12.52131,-57.08111,0.002,0,0.8797096,0.9952256,1.40781
4.95,12.50186,69.20111,-0.059,-0.052,1.671872,0.8682461,0.3290678
5.46,12.51683,24.56722,-0.012,-0.009,0.836055,0.9953655,1.535403
6.21,12.51392,53.07667,0.015,0.181,1.053264,0.9832854,1.013674
5.48,12.52786,-59.42389,-0.018,-0.004,1.098992,0.9778222,0.9328517
5.88,12.53611,-73.00167,0.038,-0.024,1.366313,0.9337484,0.580982
6.05,12.52261,7.604167,-0.018,0.01,1.611126,0.8821995,0.369895
5.95,12.53217,-63.50611,-0.063,0.008,0.9264704,0.9936338,1.285468
6.19,12.52742,-5.0525,-0.038,0.031,1.325317,0.9415493,0.6245921
3.87,12.54111,-72.13306,-0.058,-0.002,0.765365,0.9923371,1.774358
6.46,12.53458,-32.53361,-0.015,-0.008,0.8963644,0.9948192,1.36264
4.31,12.5345,-16.19611,-0.426,-0.061,0.9761498,0.9905277,1.16955
5.74,12.54333,-13.85917,-0.144,-0.051,0.9854823,0.9897984,1.149222
6.26,12.55081,10.29556,-0.051,0.005,1.273455,0.9509609,0.6843027
6.26,12.55622,-19.79194,-0.013,-0.002,0.9352911,0.9931827,1.263889
5.58,12.55953,-12.83028,-0.016,0.052,1.222698,0.9596106,0.7483163
6.29,12.5595,24.28306,-0.018,-0.004,0.8594694,0.9954634,1.465249
5.48,12.563,-9.451944,-0.08,0.007,0.8063781,0.9946213,1.630482
6.38,12.56644,-49.90944,-0.163,-0.04,1.014014,0.9873076,1.089673
5.42,12.56081,33.2475,0.02,-0.033,1.302141,0.9458218,0.6506131
6.24,12.56317,33.38472,0.002,-0.008,1.331141,0.9404596,0.6182135
4.26,12.56236,41.3575,-0.705,0.292,1.078469,0.9803711,0.968162
2.65,12.57311,-23.39667,0.002,-0.054,1.239485,0.9568162,0.7264869
3.87,12.55806,69.78833,-0.059,0.012,0.7718961,0.9928048,1.750413
5.77,12.57842,-44.67333,-0.083,-0.215,1.135646,0.9729076,0.8733891
4.81,12.58086,22.62917,-0.065,0.021,0.8172955,0.9949792,1.594669
6.22,12.59139,-61.84194,-0.304,-0.084,1.151633,0.9706286,0.8488025
6.56,12.58508,18.37722,-0.003,0.024,0.9177461,0.9940347,1.307261
5.02,12.5855,18.37694,-0.006,0.023,1.389962,0.9291172,0.5571284
5.85,12.58558,21.88139,0.014,-0.019,1.431855,0.9207385,0.5166105
5.13,12.59597,-41.02194,-0.107,-0.001,0.9048428,0.9945425,1.340338
4.94,12.57889,70.02194,-0.032,0,1.485238,0.9097234,0.468343
5.8,12.60033,-39.87,-0.034,-0.037,0.8209915,0.9950778,1.582768
6.2,12.59961,-20.52722,0.014,-0.037,0.9532177,0.9921292,1.221391
2.69,12.61972,-69.13556,-0.048,-0.013,0.749593,0.9910358,1.833889
5.87,12.61317,-5.831944,-0.028,-0.018,0.843752,0.9954435,1.511886
5.5,12.60647,59.48694,-0.025,-0.011,1.302141,0.9458218,0.6506131
5.68,12.61619,17.08944,-0.037,-0.016,1.544924,0.8969263,0.4191554
3.86,12.62839,-48.54111,-0.184,-0.005,0.836055,0.9953655,1.535403
5.45,12.62839,-27.13889,0.076,-0.091,0.9487008,0.9924115,1.231931
6.49,12.65403,-75.36944,-0.032,0.031,0.8476411,0.9954656,1.500175
6.33,12.63456,3.2825,-0.029,-0.009,0.8209915,0.9950778,1.582768
6.25,12.64792,-67.19306,-0.006,-0.002,0.8398899,0.9954101,1.523629
5.71,12.63956,1.854722,-0.08,-0.018,1.659678,0.8710787,0.3369508
7.08,12.64167,6.988333,-0.026,-0.004,1.562919,0.8929762,0.4052402
6,12.64572,-18.25028,-0.119,0.025,0.9352911,0.9931827,1.263889
5.89,12.65097,-30.42222,-0.034,-0.006,1.42594,0.9219321,0.5222255
6.37,12.64619,40.87444,-0.026,-0.016,0.8879863,0.9950467,1.385133
6.38,12.65058,22.65944,-0.05,-0.016,1.360425,0.934887,0.587065
4.66,12.65411,-7.995556,-0.076,-0.025,1.437773,0.9195387,0.5110475
6.26,12.66544,-66.51167,-0.059,-0.021,0.799244,0.9943325,1.65443
5.46,12.65203,21.0625,-0.081,-0.013,1.279166,0.9499515,0.6774598
6.45,12.65469,35.95194,0.022,-0.006,0.8398899,0.9954101,1.523629
4.64,12.66458,-39.9875,-0.047,-0.03,0.788763,0.9938273,1.690417
5.84,12.68972,-46.14556,-0.069,0.057,1.611126,0.8821995,0.369895
2.17,12.69194,-48.95972,-0.189,-0.005,0.8136278,0.9948701,1.606589
6.33,12.70142,-69.4075,-0.004,-0.002,1.17863,0.9666066,0.8090019
6.08,12.68778,-13.01361,-0.113,0.019,1.302141,0.9458218,0.6506131
5.98,12.68783,-13.015,-0.127,0.008,0.9949045,0.9890186,1.129132
4.93,12.69906,-59.68583,-0.025,-0.002,0.8027965,0.9944818,1.64245
6.19,12.69289,10.42639,-0.109,0.004,0.8921627,0.9949391,1.373863
3.65,12.69433,-1.449444,-0.565,0.012,0.966908,0.9912063,1.190112
3.68,12.69433,-1.449444,-0.565,0.012,1.302141,0.9458218,0.6506131
6.03,12.697,-19.75861,-0.212,0.027,0.9808048,0.9901694,1.159356
4.88,12.69808,10.23556,0.084,-0.091,0.8515572,0.9954764,1.488497
5.59,12.69919,6.806667,-0.068,-0.012,0.8172955,0.9949792,1.594669
5.31,12.71397,-63.05861,-0.015,0,0.9264704,0.9936338,1.285468
4.66,12.70983,-48.81306,-0.127,-0.032,1.354547,0.9360177,0.5931965
6.08,12.71378,-55.94722,-0.047,-0.019,0.8063781,0.9946213,1.630482
6.07,12.69275,62.71306,-0.032,-0.017,0.8209915,0.9950778,1.582768
6,12.71919,-56.17611,-0.041,-0.01,0.788763,0.9938273,1.690417
6.4,12.7245,-58.90306,-0.085,-0.011,1.354547,0.9360177,0.5931965
6.44,12.72397,-40.17778,0.027,-0.014,0.9177461,0.9940347,1.307261
5.93,12.72725,-1.576944,0.05,-0.076,1.222698,0.9596106,0.7483163
6.39,12.73297,-36.34917,0.013,-0.007,0.7957208,0.9941736,1.666419
5.48,12.73347,-28.32389,-0.027,-0.038,1.503099,0.9059449,0.4531172
6.38,12.71783,61.15556,-0.047,0.026,1.455546,0.9159029,0.4946641
6.16,12.75047,-68.83111,-0.032,-0.015,1.130354,0.9736445,0.8817036
4.69,12.76053,-60.98111,0.098,-0.063,1.331141,0.9404596,0.6182135
6.33,12.74086,44.10306,-0.027,0.005,0.9996489,0.9886097,1.119177
3.05,12.77136,-68.10806,-0.039,-0.017,0.7558053,0.9915778,1.810148
5.95,12.74986,39.27889,-0.355,0.139,1.058264,0.9827269,1.004449
4.99,12.75217,45.44028,-0.001,0.015,2.257921,0.7190383,0.08019881
5.22,12.76031,7.673333,-0.107,0.004,0.9532177,0.9921292,1.221391
4.65,12.77297,-56.48889,-0.036,-0.013,0.7621466,0.9920915,1.786308
5.67,12.77292,9.54,0.277,-0.446,1.296378,0.9468679,0.6572466
5.86,12.77944,-33.31556,-0.007,-0.03,1.503099,0.9059449,0.4531172
5.12,12.77742,16.5775,0.009,0.007,1.509061,0.9046737,0.4481333
6.4,12.74056,80.62111,0.03,-0.042,0.8634652,0.9954395,1.45368
1.25,12.79533,-59.68861,-0.048,-0.014,0.7405209,0.9901739,1.869259
6.34,12.78397,5.950833,0.035,-0.043,0.799244,0.9943325,1.65443
6.07,12.78711,11.95806,0.042,-0.018,0.8634652,0.9954395,1.45368
6.26,12.79261,-6.301944,0.001,-0.044,1.058264,0.9827269,1.004449
6.44,12.79825,-24.85167,-0.041,0.04,0.7957208,0.9941736,1.666419
6.41,12.79761,3.572778,-0.006,-0.003,1.659678,0.8710787,0.3369508
5.89,12.78858,62.78083,0.016,-0.001,1.302141,0.9458218,0.6506131
5.66,12.80733,-27.5975,-0.139,-0.063,1.273455,0.9509609,0.6843027
6.56,12.80397,13.55306,-0.047,-0.028,0.8209915,0.9950778,1.582768
5.55,12.82914,-71.98639,0.001,-0.005,1.40184,0.9267572,0.5454844
5.43,12.79289,66.79028,0.01,-0.005,1.635357,0.8766814,0.3531348
6.31,12.81306,24.84028,-0.339,-0.108,1.135646,0.9729076,0.8733891
5.7,12.81506,14.1225,0.026,-0.019,0.8247156,0.9951659,1.57089
6.27,12.81161,48.46694,-0.065,0.016,0.8879863,0.9950467,1.385133
5.85,12.81094,60.32,0.105,0.001,1.014014,0.9873076,1.089673
6.75,12.83667,-60.40083,-0.007,-0.017,0.9623215,0.9915266,1.200481
5.78,12.8215,27.55222,-0.096,0.021,0.8284677,0.9952433,1.559035
5.46,12.91628,-85.12333,0.062,0.028,1.313705,0.943703,0.6375007
6.24,12.83878,-48.45972,-0.037,0.002,0.836055,0.9953655,1.535403
5.73,12.84942,-52.7875,-0.026,-0.012,0.8674873,0.9954039,1.442151
6.43,12.83817,22.86333,0.109,-0.069,1.302141,0.9458218,0.6506131
4.91,12.84478,-33.99944,-0.028,-0.02,0.8027965,0.9944818,1.64245
5.89,12.83631,37.51694,-0.097,0.027,0.8756096,0.995297,1.419215
5.72,12.85494,-60.32972,-0.025,0.007,0.9761498,0.9905277,1.16955
6.41,12.85636,-10.33833,-0.008,-0.006,1.313705,0.943703,0.6375007
6.02,12.86025,3.056667,-0.035,0.02,1.47335,0.912213,0.4787271
5.98,12.86578,-39.68083,-0.035,-0.028,0.781925,0.9934445,1.714426
6.33,12.86814,-48.09417,-0.06,0.013,0.8284677,0.9952433,1.559035
6.15,12.86608,-26.73806,-0.111,0.04,0.9091193,0.9943857,1.329262
6.24,12.8735,-53.82944,-0.02,0.012,1.378119,0.9314479,0.5689601
4.94,12.86164,27.54056,-0.012,-0.008,1.119825,0.9750837,0.8985121
6.32,12.87008,17.07389,0.001,-0.007,1.653589,0.8724872,0.3409441
5.93,12.88442,-54.9525,-0.119,0.011,1.485238,0.9097234,0.468343
6.3,12.87433,16.1225,-0.043,-0.019,0.8797096,0.9952256,1.40781
5.76,12.88939,-60.32861,-0.013,0,0.9532177,0.9921292,1.221391
4.33,12.88525,-48.94333,-0.076,-0.03,1.520997,0.9021141,0.4382997
4.27,12.89061,-40.17889,0.063,-0.022,0.9005912,0.994687,1.351465
5.9,12.89697,-60.37694,0.004,-0.021,0.8963644,0.9948192,1.36264
6.11,12.88644,-3.553056,-0.262,-0.003,1.03347,0.9853959,1.051185
5.85,12.8185,83.41806,-0.026,0.022,0.7957208,0.9941736,1.666419
5.28,12.82044,83.41278,-0.029,0.02,0.8063781,0.9946213,1.630482
4.9,12.88828,21.245,-0.047,-0.022,1.24511,0.9558647,0.7193206
6.58,12.90611,-58.43056,-0.014,-0.001,1.167779,0.9682485,0.8247469
6.44,12.89392,-4.223889,0.001,-0.041,1.360425,0.934887,0.587065
4.62,12.91089,-59.14667,-0.036,-0.01,0.765365,0.9923371,1.774358
4.03,12.90989,-57.17778,-0.033,-0.006,0.75896,0.9918383,1.798239
5.17,12.91022,-57.16833,-0.035,-0.001,0.7752084,0.9930265,1.738424
6.25,12.89714,12.41861,0.051,-0.024,0.9264704,0.9936338,1.285468
6,12.90519,-11.64861,-0.141,0.013,0.8476411,0.9954656,1.500175
4.79,12.90589,-9.538889,-0.024,-0.015,1.659678,0.8710787,0.3369508
5.89,12.91625,-44.15194,-0.223,-0.225,1.104171,0.9771553,0.9241761
6.26,12.90364,33.53444,-0.09,0.032,0.8963644,0.9948192,1.36264
1.77,12.90047,55.95972,0.112,-0.006,0.8099886,0.9947508,1.618527
5.47,12.92206,-42.91583,-0.038,-0.012,1.708597,0.8596255,0.3062224
5.93,12.94208,-72.18528,-0.027,-0.011,1.378119,0.9314479,0.5689601
5.32,12.9325,-56.83611,-0.024,-0.01,0.8209915,0.9950778,1.582768
5.84,12.91569,47.19667,-0.016,-0.006,1.629291,0.8780689,0.3572699
3.38,12.92672,3.3975,-0.469,-0.054,1.647506,0.8738905,0.3449722
6.17,12.93147,-15.32694,-0.017,0.003,0.8172955,0.9949792,1.594669
6.62,12.94169,-26.46028,0.013,-0.015,1.12508,0.9743699,0.8900779
5.16,12.95122,-51.19861,-0.026,-0.015,0.7957208,0.9941736,1.666419
5.6,12.93344,38.31472,-0.236,0.062,0.957758,0.9918342,1.210907
2.9,12.93381,38.31833,-0.234,0.056,0.7752084,0.9930265,1.738424
5.24,12.92458,65.43861,-0.005,-0.029,0.9308688,0.9934145,1.274651
5.82,12.93822,54.09944,-0.077,0.001,0.8921627,0.9949391,1.373863
6.31,12.95922,-22.75389,-0.052,-0.029,1.342822,0.9382551,0.6056062
6.12,12.95214,46.17694,-0.022,-0.047,1.307917,0.9447668,0.6440313
4.78,12.98206,17.40944,-0.039,0.034,1.635357,0.8766814,0.3531348
5.79,12.99431,-3.811944,-0.037,0.008,0.8879863,0.9950467,1.385133
6.02,13.00906,-33.50528,-0.078,-0.079,0.9761498,0.9905277,1.16955
3.62,13.03783,-71.54889,0.256,-0.021,1.407792,0.9255665,0.539732
4.9,13.00458,30.785,-0.018,-0.013,1.40184,0.9267572,0.5454844
5.99,13.00997,-3.368611,-0.025,0.05,1.372211,0.932602,0.5749471
6.2,13.01078,18.37306,-0.226,0.06,0.9949045,0.9890186,1.129132
6.01,12.97981,75.4725,0.008,0.01,1.296378,0.9468679,0.6572466
5.32,12.99864,66.59722,-0.139,-0.013,1.47335,0.912213,0.4787271
5.96,13.01933,17.12306,-0.005,-0.025,1.279166,0.9499515,0.6774598
6.03,13.05144,-71.47611,-0.023,-0.014,0.836055,0.9953655,1.535403
4.93,13.01217,56.36639,0.114,-0.009,0.966908,0.9912063,1.190112
2.83,13.03628,10.95917,-0.273,0.02,1.267758,0.9519608,0.6911988
4.85,13.05922,-49.52722,-0.059,-0.014,0.8247156,0.9951659,1.57089
6,13.02967,63.61028,-0.18,0.029,0.9901823,0.9894148,1.139147
5.58,13.06281,-20.58306,0.142,0.018,1.063285,0.9821562,0.9952854
6.53,13.04456,59.71611,-0.029,-0.016,0.836055,0.9953655,1.535403
6.59,13.06511,-3.663333,-0.035,-0.036,0.9352911,0.9931827,1.263889
6.26,13.08003,-41.19667,-0.028,-0.034,1.708597,0.8596255,0.3062224
6.43,13.09189,-52.115,-0.048,0.032,1.720887,0.8567117,0.2988666
4.71,13.10464,-48.46361,-0.03,-0.023,0.7686149,0.9925749,1.762392
5.59,13.10975,-41.58861,0.046,-0.017,1.331141,0.9404596,0.6182135
4.27,13.11517,-49.90611,-0.026,-0.012,0.7526829,0.9913102,1.822032
5.25,13.09569,35.79889,-0.03,0.021,0.788763,0.9938273,1.690417
5.99,13.12339,-59.86056,-0.027,-0.012,1.023699,0.9863767,1.070307
5.63,13.09786,45.26861,-0.012,0.028,1.378119,0.9314479,0.5689601
5.99,13.10589,21.15333,-0.069,-0.046,0.9808048,0.9901694,1.159356
6.54,13.11508,-35.86194,0.041,-0.078,0.8099886,0.9947508,1.618527
6.54,13.10283,29.02944,-0.069,0.001,0.836055,0.9953655,1.535403
5.6,13.10628,22.61611,0.025,-0.049,1.653589,0.8724872,0.3409441
6.31,13.08047,73.02528,-0.019,0.02,1.302141,0.9458218,0.6506131
5.71,13.12731,-53.45972,-0.039,-0.024,0.792227,0.9940051,1.678416
5.51,13.13528,-65.30639,-0.016,-0.009,0.8099886,0.9947508,1.618527
6.14,13.10631,62.04194,0.005,-0.037,1.296378,0.9468679,0.6572466
4.8,13.11964,27.62472,0.031,-0.07,1.586981,0.8876316,0.387255
5.19,13.13161,-10.74028,0.017,-0.006,1.384036,0.9302863,0.5630207
6.19,13.13156,27.55583,-0.041,-0.064,1.515027,0.9033968,0.4431943
5.55,13.14236,-8.984444,-0.032,-0.062,1.407792,0.9255665,0.539732
4.95,13.15092,-23.11806,-0.024,-0.036,1.331141,0.9404596,0.6182135
6.32,13.154,-9.538333,-0.033,-0.009,1.313705,0.943703,0.6375007
5.78,13.15344,10.02222,0.017,-0.003,1.302141,0.9458218,0.6506131
5.94,13.16258,-10.32944,-0.008,-0.012,1.59301,0.8862817,0.3828574
5.91,13.16328,16.84861,-0.069,-0.012,1.568927,0.8916483,0.4006839
4.38,13.16583,-5.538889,-0.032,-0.033,0.8136278,0.9948701,1.606589
6.02,13.16075,37.42306,-0.103,0.005,1.389962,0.9291172,0.5571284
6.06,13.18289,-52.56694,-0.041,-0.017,0.7853289,0.9936404,1.702421
5.91,13.19767,-69.94194,0.036,0.006,0.9949045,0.9890186,1.129132
6.28,13.16167,38.53389,-0.016,0.003,0.7752084,0.9930265,1.738424
5.22,13.16647,17.52944,-0.431,0.136,1.009204,0.9877542,1.099447
5.22,13.16647,17.52944,-0.43,0.136,1.302141,0.9458218,0.6506131
5.79,13.18578,-42.23306,-0.08,-0.024,1.043325,0.9843654,1.032307
5.91,13.16756,38.49889,-0.07,0.044,0.9352911,0.9931827,1.263889
6.33,13.19808,-63.30278,-0.006,0.003,1.004415,0.9881883,1.109282
5.25,13.18978,-43.36889,-0.117,-0.027,1.331141,0.9404596,0.6182135
6.54,13.16394,62.22917,-0.03,-0.008,0.8099886,0.9947508,1.618527
4.6,13.20483,-59.92083,-0.049,-0.024,0.788763,0.9938273,1.690417
5.85,13.23811,-78.44722,-0.018,0.004,1.342822,0.9382551,0.6056062
5.9,13.21358,-66.22694,0.024,0.006,0.8398899,0.9954101,1.523629
6.5,13.19422,-26.55167,-0.068,0.004,0.8921627,0.9949391,1.373863
4.85,13.20089,-37.80306,-0.385,0.047,1.135646,0.9729076,0.8733891
6.16,13.21556,-59.81667,0.014,-0.107,1.08357,0.9797518,0.959243
5.04,13.20097,-16.19861,0.098,-0.286,1.014014,0.9873076,1.089673
6.22,13.21414,-42.69972,-0.02,0.003,1.336976,0.9393615,0.611885
4.26,13.19789,27.87806,-0.801,0.882,1.068326,0.9815733,0.9861831
6.33,13.20233,24.25806,-0.008,-0.041,1.290627,0.9479049,0.663932
5.89,13.22319,-50.7,-0.019,-0.027,0.8099886,0.9947508,1.618527
5.77,13.20914,11.55611,-0.05,-0.033,1.605082,0.8835657,0.3741778
6.53,13.20997,18.75167,-0.065,-0.003,1.233874,0.9577577,0.733708
5.89,13.23669,-58.68389,-0.051,-0.012,1.348679,0.9371404,0.5993768
4.92,13.23744,-59.10333,-0.265,-0.157,1.023699,0.9863767,1.070307
6.28,13.22411,-18.82667,-0.02,-0.017,0.8515572,0.9954764,1.488497
6.16,13.23264,-43.13889,-0.17,0.028,1.526972,0.9008257,0.4334489
6.11,13.22011,18.72694,-0.215,-0.049,1.420028,0.9231197,0.5278929
4.8,13.25414,-67.89444,-0.041,-0.008,0.788763,0.9938273,1.690417
6.37,13.25714,-69.67972,-0.101,-0.048,1.42594,0.9219321,0.5222255
5.33,13.23636,-19.93083,-0.122,0.167,1.228278,0.9586892,0.7409844
5.89,13.24531,-48.95667,-0.129,-0.081,1.336976,0.9393615,0.611885
4.92,13.22861,40.15278,-0.048,0.015,1.336976,0.9393615,0.611885
5.67,13.24203,11.33167,0.074,-0.052,1.599043,0.8849264,0.3784985
6.19,13.25269,-36.37111,-0.012,-0.015,1.28489,0.9489328,0.6706696
6.07,13.27911,-65.13833,-0.103,-0.052,1.004415,0.9881883,1.109282
5.22,13.26633,-19.94306,0.306,-0.116,1.319505,0.9426305,0.6310211
4.87,13.28694,-66.78361,-0.02,-0.014,1.599043,0.8849264,0.3784985
6.59,13.22556,72.79889,0.017,-0.016,0.8476411,0.9954656,1.500175
5.79,13.25889,40.85528,-0.108,0.015,0.8921627,0.9949391,1.373863
6.68,13.27375,-1.390556,-0.035,-0.028,0.9442073,0.9926812,1.242528
5.1,13.28142,-31.50611,0.034,-0.048,1.279166,0.9499515,0.6774598
6.45,13.27064,19.05167,-0.102,0.002,1.290627,0.9479049,0.663932
5.84,13.28719,-43.97944,0,-0.008,0.8963644,0.9948192,1.36264
6.25,13.20706,80.47139,-0.009,0.012,1.267758,0.9519608,0.6911988
6.45,13.27564,19.78528,-0.11,0.023,0.9177461,0.9940347,1.307261
5.22,13.27958,9.424167,-0.334,0.19,1.078469,0.9803711,0.968162
6.04,13.32192,-72.03556,-0.013,-0.056,1.509061,0.9046737,0.4481333
5.33,13.28767,13.67556,0.007,0.039,1.485238,0.9097234,0.468343
6.37,13.29164,-0.6766667,-0.058,-0.025,0.9220961,0.9938405,1.296338
4.8,13.29342,5.469722,-0.005,0.013,1.702462,0.8610749,0.3099481
6.19,13.30961,-51.28611,-0.048,-0.023,0.8209915,0.9950778,1.582768
4.73,13.29236,40.5725,-0.125,0.021,0.9397373,0.9929382,1.253181
6.2,13.27461,68.40806,-0.013,0.016,0.7957208,0.9941736,1.666419
4.74,13.30675,-18.31139,-1.07,-1.065,1.140957,0.9721593,0.8651342
3,13.31536,-23.17167,0.064,-0.045,1.256405,0.9539321,0.7051516
6.62,13.31419,3.687778,-0.05,-0.011,0.8398899,0.9954101,1.523629
5.82,13.30772,34.09806,0.033,0.003,1.509061,0.9046737,0.4481333
5.15,13.30403,49.68194,-0.033,0.015,0.792227,0.9940051,1.678416
6.18,13.34303,-59.77333,-0.042,-0.024,0.9996489,0.9886097,1.119177
6.02,13.31783,35.12806,-0.03,0.019,0.9134204,0.9942164,1.318236
5.48,13.34383,-52.74806,-0.03,-0.019,0.7718961,0.9928048,1.750413
6.02,13.34675,-55.80056,-0.009,0.004,0.9352911,0.9931827,1.263889
2.75,13.34328,-36.71222,-0.341,-0.085,0.8322476,0.9953098,1.547205
5.77,13.34936,-46.88056,-0.075,0.004,1.372211,0.932602,0.5749471
6.05,13.38128,-72.14667,-0.023,-0.013,0.8515572,0.9954764,1.488497
6.26,13.34489,2.941667,-0.059,-0.029,0.8555,0.9954757,1.476855
5.6,13.33861,40.15056,-0.058,-0.002,1.420028,0.9231197,0.5278929
6.21,13.35831,-19.48889,-0.066,0.008,0.8515572,0.9954764,1.488497
6.18,13.37658,-60.97222,-0.02,-0.013,0.8209915,0.9950778,1.582768
4.53,13.37719,-60.98833,-0.039,-0.014,0.7718961,0.9928048,1.750413
5.83,13.37117,-52.18306,-0.01,0.001,0.8634652,0.9954395,1.45368
5.69,13.36156,2.087222,-0.061,-0.053,0.8398899,0.9954101,1.523629
6.16,13.38131,-47.94306,0.036,0.005,0.8879863,0.9950467,1.385133
6.38,13.38406,-48.56278,-0.006,-0.001,0.792227,0.9940051,1.678416
5.87,13.36936,5.154722,-0.065,-0.036,0.8634652,0.9954395,1.45368
4.53,13.40014,-64.53583,0.029,-0.026,1.217133,0.9605217,0.755704
5.05,13.41864,-74.88778,-0.115,-0.13,1.366313,0.9337484,0.580982
6.22,13.38575,-33.19,-0.005,-0.005,1.690208,0.8639587,0.3174968
5.37,13.38364,-17.73528,-0.047,-0.029,1.296378,0.9468679,0.6572466
6.35,13.36772,43.90306,-0.071,0.01,0.9134204,0.9942164,1.318236
6.48,13.39786,-49.82306,-0.067,-0.044,1.279166,0.9499515,0.6774598
5.89,13.38858,-4.924444,-0.019,-0.015,1.556916,0.8942985,0.4098373
5.31,13.42053,-64.48528,-0.157,-0.022,0.9854823,0.9897984,1.149222
5.67,13.43058,-70.6275,-0.067,-0.009,0.8063781,0.9946213,1.630482
5.75,13.40922,-5.163889,0.159,-0.03,0.9949045,0.9890186,1.129132
6.63,13.45508,-74.69194,-0.049,-0.017,0.7957208,0.9941736,1.666419
6.07,13.39833,37.03389,0.022,-0.006,1.708597,0.8596255,0.3062224
6.44,13.40847,12.43194,-0.016,0.041,1.336976,0.9393615,0.611885
2.27,13.39875,54.92528,0.122,-0.02,0.8247156,0.9951659,1.57089
3.95,13.399,54.92167,0.119,-0.028,0.8674873,0.9954039,1.442151
0.98,13.41989,-11.16139,-0.041,-0.028,0.7405209,0.9901739,1.869259
5.78,13.41853,23.85444,-0.013,-0.009,0.8398899,0.9954101,1.523629
5.09,13.4355,-39.75528,0.184,-0.052,1.420028,0.9231197,0.5278929
5.97,13.4365,-1.1925,-0.111,0.004,0.8921627,0.9949391,1.373863
5.69,13.44892,-41.49806,-0.004,-0.019,1.580958,0.888976,0.3916917
6.31,13.45175,-49.14389,-0.021,-0.006,1.302141,0.9458218,0.6506131
4.01,13.42042,54.98806,0.118,-0.016,0.8797096,0.9952256,1.40781
6.28,13.45578,-49.38083,0.011,0.01,0.7752084,0.9930265,1.738424
5.25,13.44533,-12.70778,-0.13,-0.02,1.611126,0.8821995,0.369895
6.4,13.45408,-40.16306,-0.007,-0.002,1.290627,0.9479049,0.663932
6.2,13.47956,-69.62806,-0.047,-0.045,0.8247156,0.9951659,1.57089
5.88,13.43794,46.02806,0.024,-0.021,1.28489,0.9489328,0.6706696
4.76,13.45756,-15.97361,-0.119,0.024,1.354547,0.9360177,0.5931965
6.11,13.48544,-64.67583,-0.083,-0.005,0.8594694,0.9954634,1.465249
6.5,13.43331,63.26111,-0.392,0.216,1.156997,0.9698464,0.8407252
5.06,13.49033,-51.16528,-0.002,-0.017,0.843752,0.9954435,1.511886
4.98,13.47383,13.77889,-0.236,-0.577,1.140957,0.9721593,0.8651342
5.79,13.43558,72.39139,0.022,-0.009,1.677979,0.8668221,0.3251773
6.66,13.45128,64.73556,-0.068,0.028,0.9715175,0.9908733,1.179802
7.04,13.45297,64.71944,-0.063,0.032,0.9808048,0.9901694,1.159356
6.34,13.46653,52.74583,-0.114,-0.008,0.9091193,0.9943857,1.329262
6.47,13.47394,40.72972,0.009,-0.056,1.256405,0.9539321,0.7051516
6.43,13.48747,-1.364444,-0.043,-0.062,1.366313,0.9337484,0.580982
6.8,13.46992,50.58722,-0.113,0.041,1.302141,0.9458218,0.6506131
4.97,13.49522,-23.28139,-0.056,0.016,1.659678,0.8710787,0.3369508
5.65,13.48694,10.81833,-0.061,-0.035,1.331141,0.9404596,0.6182135
6.48,13.55411,-77.56833,-0.344,-0.112,1.023699,0.9863767,1.070307
6.43,13.47936,50.71833,0.029,-0.083,0.9715175,0.9908733,1.179802
5.58,13.68208,-85.78611,-0.09,-0.018,0.8879863,0.9950467,1.385133
5.4,13.47419,59.94583,-0.08,0.037,0.8136278,0.9948701,1.606589
6.17,13.50003,7.178889,0.004,0.003,1.580958,0.888976,0.3916917
6.51,13.49933,6.013333,-0.017,0.05,1.279166,0.9499515,0.6774598
6.09,13.50714,-6.470278,0.042,0.017,0.9532177,0.9921292,1.221391
3.88,13.51742,-39.4075,-0.012,-0.015,1.40184,0.9267572,0.5454844
6.47,13.52592,-28.11278,-0.062,0.002,0.8555,0.9954757,1.476855
5.77,13.44908,78.64389,-0.146,0.029,1.173196,0.967433,0.8168453
6.16,13.53481,-38.39917,0.035,-0.043,1.325317,0.9415493,0.6245921
6.37,13.55992,-65.6325,-0.048,-0.012,0.8099886,0.9947508,1.618527
6.01,13.53411,-18.72889,-0.099,-0.014,0.8879863,0.9950467,1.385133
4.69,13.53275,-6.255833,-0.104,-0.045,1.671872,0.8682461,0.3290678
6.08,13.52106,42.10611,-0.093,0.026,1.331141,0.9404596,0.6182135
5.69,13.54331,-28.69278,-0.095,-0.022,0.8322476,0.9953098,1.547205
6.45,13.54292,-29.56528,-0.072,0.004,1.004415,0.9881883,1.109282
5.55,13.54769,-15.36306,-0.073,-0.002,1.437773,0.9195387,0.5110475
5.21,13.54947,-10.165,-0.029,-0.036,1.279166,0.9499515,0.6774598
6.68,13.55019,-7.195,0.05,-0.005,1.467412,0.9134489,0.4839908
6.11,13.54669,24.34639,0.049,-0.206,1.279166,0.9499515,0.6774598
6.33,13.57469,-48.27222,-0.029,-0.012,0.799244,0.9943325,1.65443
6.44,13.57878,-33.31083,-0.049,-0.012,1.455546,0.9159029,0.4946641
4.94,13.56886,3.658889,0.044,-0.024,0.8284677,0.9952433,1.559035
5.91,13.57792,-13.21444,-0.044,-0.01,0.8247156,0.9951659,1.57089
3.37,13.57822,-0.5958333,-0.285,0.042,0.8594694,0.9954634,1.465249
6.37,13.57272,38.78917,0.013,0.024,0.9005912,0.994687,1.351465
5.6,13.56869,55.34861,-0.022,-0.002,0.8063781,0.9946213,1.630482
4.98,13.57994,37.1825,0.086,-0.009,0.9854823,0.9897984,1.149222
5.73,13.59203,-5.396111,0.017,0.085,1.273455,0.9509609,0.6843027
4.7,13.57425,49.01611,-0.127,0.03,0.8634652,0.9954395,1.45368
5.63,13.62006,-61.69194,0.135,-0.113,1.03347,0.9853959,1.051185
6.49,13.59258,10.20472,0.077,-0.061,1.319505,0.9426305,0.6310211
6.34,13.65331,-75.68389,-0.027,-0.006,0.8209915,0.9950778,1.582768
6.84,13.58725,44.19694,-0.016,0.015,0.8963644,0.9948192,1.36264
6.5,13.61403,-34.46778,-0.011,-0.028,1.319505,0.9426305,0.6310211
5.98,13.61833,-44.14333,-0.05,-0.02,1.267758,0.9519608,0.6911988
6.1,13.64603,-70.445,-0.068,-0.032,1.550918,0.8956152,0.4144755
5.78,13.61344,-26.495,-0.091,0.021,0.9048428,0.9945425,1.340338
5.9,13.62325,-46.42833,-0.009,-0.033,0.7752084,0.9930265,1.738424
6.42,13.63544,-58.415,-0.008,-0.036,1.372211,0.932602,0.5749471
5.74,13.61642,24.61333,-0.024,-0.005,1.629291,0.8780689,0.3572699
6.01,13.64697,-57.62306,-0.006,-0.014,1.384036,0.9302863,0.5630207
6.59,13.66683,-70.78833,-0.026,-0.028,1.479292,0.9109711,0.4735113
6.49,13.61106,49.48667,-0.004,-0.012,1.302141,0.9458218,0.6506131
4.82,13.62433,36.295,-0.099,0.027,0.9091193,0.9943857,1.329262
5.83,13.645,-29.56083,-0.078,-0.069,0.9854823,0.9897984,1.149222
6.52,13.63553,14.30167,0.036,-0.019,0.9177461,0.9940347,1.307261
5.79,13.66969,-64.57694,-0.059,-0.012,0.9808048,0.9901694,1.159356
6.57,13.57856,76.54667,-0.026,-0.003,1.302141,0.9458218,0.6506131
2.3,13.66478,-53.46639,-0.028,-0.016,0.7435117,0.9904674,1.857505
6.48,13.62861,50.71472,-0.012,0.001,1.629291,0.8780689,0.3572699
6,13.66658,-49.95028,-0.113,0.011,1.599043,0.8849264,0.3784985
6.27,13.66133,-39.74806,-0.02,-0.025,1.696332,0.8625193,0.3137062
5.6,13.6635,-40.05194,-0.044,-0.061,1.479292,0.9109711,0.4735113
6.48,13.65064,18.26528,-0.045,-0.018,1.420028,0.9231197,0.5278929
5.57,13.65961,10.74611,-0.112,-0.013,0.9532177,0.9921292,1.221391
5.5,13.61972,71.24222,-0.038,-0.006,1.420028,0.9231197,0.5278929
5.38,13.70031,-58.78722,-0.035,-0.01,0.8063781,0.9946213,1.630482
5.01,13.69575,-54.56,-0.048,-0.047,0.799244,0.9943325,1.65443
5.46,13.65844,52.92139,-0.142,0.06,0.8555,0.9954757,1.476855
6.21,13.671,31.01194,-0.078,0.087,1.279166,0.9499515,0.6774598
5.75,13.67792,19.95556,-0.049,0.023,0.8209915,0.9950778,1.582768
6.23,13.67753,28.06528,-0.066,0.014,1.467412,0.9134489,0.4839908
6.59,13.69192,-23.44972,-0.009,0.003,0.8398899,0.9954101,1.523629
6.05,13.69603,-33.59694,-0.014,0.026,1.562919,0.8929762,0.4052402
6.32,13.67311,50.51944,-0.132,0.06,1.053264,0.9832854,1.013674
5.62,13.68397,22.49583,-0.02,-0.025,1.307917,0.9447668,0.6440313
5.01,13.69356,-8.703056,-0.094,0.04,1.677979,0.8668221,0.3251773
6,13.71558,-56.76806,-0.011,-0.004,0.788763,0.9938273,1.690417
6.41,13.71517,-50.79056,-0.007,-0.027,1.702462,0.8610749,0.3099481
6.29,13.67258,57.2075,-0.057,0.024,0.8555,0.9954757,1.476855
4.66,13.67897,54.68167,-0.022,-0.009,1.68409,0.8653929,0.3213205
5.98,13.71528,-41.40111,-0.059,-0.049,1.313705,0.943703,0.6375007
6.16,13.70353,8.388333,-0.382,-0.09,0.9949045,0.9890186,1.129132
5.98,13.72778,-42.0675,-0.026,-0.006,0.788763,0.9938273,1.690417
6.47,13.73775,-51.01306,-0.036,-0.041,0.7718961,0.9928048,1.750413
5.36,13.71769,3.538056,-0.291,-0.071,1.366313,0.9337484,0.580982
6.3,13.708,41.67417,-0.09,0.007,1.222698,0.9596106,0.7483163
5.98,13.71206,34.98889,0.013,0.012,1.217133,0.9605217,0.755704
5.85,13.69164,64.8225,0.054,-0.012,0.843752,0.9954435,1.511886
6.51,13.73175,-5.498889,-0.05,-0.018,0.836055,0.9953655,1.535403
6.13,13.72922,22.70028,0.049,-0.036,1.550918,0.8956152,0.4144755
5.6,13.74161,-16.17917,0.013,-0.004,1.195033,0.9640624,0.7858177
6.21,13.74603,-25.50083,-0.053,-0.016,1.526972,0.9008257,0.4334489
5.81,13.76025,-26.11611,-0.071,-0.01,0.8247156,0.9951659,1.57089
4.23,13.76144,-33.04389,-0.462,-0.146,0.9761498,0.9905277,1.16955
6.02,13.73186,52.06444,-0.026,-0.003,0.8172955,0.9949792,1.594669
6.19,13.75975,-15.7675,-0.044,-0.024,0.836055,0.9953655,1.535403
6.51,13.78631,-62.59,-0.023,-0.011,1.895528,0.8139213,0.2080776
4.65,13.77758,-51.43278,0.006,-0.033,1.279166,0.9499515,0.6774598
5.51,13.76564,-12.42667,-0.017,0.008,1.24511,0.9558647,0.7193206
5.15,13.78233,-36.25194,-0.011,-0.009,0.8099886,0.9947508,1.618527
5.91,13.791,-50.24944,0.058,0.013,0.9352911,0.9931827,1.263889
5.45,13.794,-50.32111,-0.151,-0.023,1.515027,0.9033968,0.4431943
6.5,13.75367,55.87944,0.102,-0.36,1.018846,0.9868484,1.07996
6.05,13.78708,-9.709167,0.008,-0.037,1.550918,0.8956152,0.4144755
5.87,13.77042,41.08861,-0.114,-0.043,0.9005912,0.994687,1.351465
5.94,13.77194,38.50389,-0.051,-0.002,1.267758,0.9519608,0.6911988
5.43,13.79039,-17.86,0.059,-0.034,1.671872,0.8682461,0.3290678
5.95,13.77869,25.70222,-0.02,-0.061,1.028574,0.9858926,1.060716
6.33,13.78253,6.350556,-0.51,-0.108,1.098992,0.9778222,0.9328517
5.91,13.71092,78.06444,-0.062,0.049,1.307917,0.9447668,0.6440313
4.5,13.78769,17.45667,-0.482,0.041,1.023699,0.9863767,1.070307
5.5,13.78328,38.54278,-0.131,-0.016,1.319505,0.9426305,0.6310211
5.7,13.77658,54.43278,-0.019,0.001,0.788763,0.9938273,1.690417
5.95,13.92742,-82.66611,-0.036,-0.023,1.57494,0.8903149,0.3961679
6.53,13.81531,-35.70389,-0.516,-0.174,1.068326,0.9815733,0.9861831
3.41,13.82508,-41.68778,-0.022,-0.021,0.7435117,0.9904674,1.857505
1.86,13.79233,49.31333,-0.122,-0.011,0.7526829,0.9913102,1.822032
4.19,13.82408,-34.45083,-0.042,-0.057,1.599043,0.8849264,0.3784985
3.04,13.82694,-42.47389,-0.023,-0.02,0.75896,0.9918383,1.798239
5.75,13.86317,-69.40139,0.004,-0.003,1.739367,0.8523037,0.2880677
5.62,13.81075,31.19028,-0.007,0.037,1.307917,0.9447668,0.6440313
4.97,13.83119,-18.13417,-0.1,-0.038,1.336976,0.9393615,0.611885
6.18,13.83514,-29.08139,-0.048,-0.032,0.8063781,0.9946213,1.630482
6.44,13.83872,-39.90111,0.007,-0.012,1.296378,0.9468679,0.6572466
7.4,13.81589,39.54278,0.023,-0.002,1.302141,0.9458218,0.6506131
4.07,13.82461,15.79778,-0.095,0.042,1.611126,0.8821995,0.369895
4.91,13.82856,21.26417,0.024,0.017,1.556916,0.8942985,0.4098373
6.53,13.84292,-19.89722,-0.046,0.034,1.038387,0.9848868,1.041715
5.98,13.70642,82.7525,0.035,-0.041,1.307917,0.9447668,0.6440313
6.38,13.82917,36.63278,-0.074,0.022,1.302141,0.9458218,0.6506131
6.01,13.84019,5.497222,0.009,-0.003,1.24511,0.9558647,0.7193206
5.77,13.86311,-46.89917,-0.018,-0.03,0.7621466,0.9920915,1.786308
5.25,13.868,-52.81167,-0.045,-0.035,0.7853289,0.9936404,1.702421
6.35,13.86017,-36.43333,-0.1,-0.117,1.023699,0.9863767,1.070307
6.45,13.85567,-24.39083,-0.572,-0.302,1.130354,0.9736445,0.8817036
4.56,13.86378,-32.99444,-0.033,-0.038,0.7718961,0.9928048,1.750413
6.06,13.86392,-32.99472,-0.056,-0.027,0.8027965,0.9944818,1.64245
6.12,13.86692,-31.61944,-0.053,-0.052,1.023699,0.9863767,1.070307
5.96,13.82931,61.48917,0.065,-0.099,1.279166,0.9499515,0.6774598
6.65,13.85125,34.7725,0.031,-0.01,0.8634652,0.9954395,1.45368
5.87,13.85256,34.66444,0.005,-0.054,1.671872,0.8682461,0.3290678
6.46,13.84103,58.53944,-0.029,0.011,0.8515572,0.9954764,1.488497
5.89,13.89531,-53.37361,-0.024,-0.029,0.8209915,0.9950778,1.582768
5.71,13.91358,-67.6525,-0.034,-0.027,1.59301,0.8862817,0.3828574
4.74,13.86319,34.44417,-0.019,-0.032,1.696332,0.8625193,0.3137062
6.04,13.87178,12.16528,0.028,-0.005,0.8322476,0.9953098,1.547205
4.73,13.88681,-31.92778,-0.015,-0.012,0.7686149,0.9925749,1.762392
5.54,13.89244,-35.66417,-0.078,-0.019,1.004415,0.9881883,1.109282
6.1,13.89914,-47.12806,-0.037,-0.001,0.792227,0.9940051,1.678416
6.19,13.89783,-35.31444,-0.27,-0.075,1.313705,0.943703,0.6375007
5.7,13.88692,17.93278,-0.039,0.004,1.211584,0.9614226,0.7631477
4.65,13.85719,64.72333,0.001,-0.002,1.647506,0.8738905,0.3449722
6.4,13.84978,68.31528,-0.172,-0.055,1.40184,0.9267572,0.5454844
6.04,13.90461,-28.56972,-0.17,-0.069,1.378119,0.9314479,0.5689601
5.9,13.88619,28.64806,-0.125,0.027,0.8963644,0.9948192,1.36264
5.71,13.92006,-52.16111,-0.027,-0.024,0.788763,0.9938273,1.690417
2.55,13.92567,-47.28833,-0.057,-0.042,0.7435117,0.9904674,1.857505
5.15,13.91169,-1.503056,-0.088,-0.018,1.348679,0.9371404,0.5993768
6.19,13.91617,-8.058889,-0.172,-0.03,1.048284,0.9838315,1.02296
6.14,13.93883,-54.13194,-0.038,-0.014,0.843752,0.9954435,1.511886
2.68,13.91142,18.39778,-0.063,-0.358,1.073387,0.9809783,0.977142
6,13.9425,-54.70444,-0.038,-0.216,1.17863,0.9666066,0.8090019
6.51,13.92903,-31.285,-0.047,0.009,1.24511,0.9558647,0.7193206
5.7,13.8975,53.72861,-0.03,-0.003,0.799244,0.9943325,1.65443
5.83,13.93875,-46.5925,-0.164,-0.076,1.384036,0.9302863,0.5630207
6.09,14.00911,-78.59,-0.021,-0.005,0.8284677,0.9952433,1.559035
4.71,13.96081,-63.68667,-0.044,-0.03,1.366313,0.9337484,0.580982
6.2,13.97533,-65.80056,-0.033,-0.036,1.331141,0.9404596,0.6182135
6.16,13.93056,14.05639,-0.292,0.007,1.03347,0.9853959,1.051185
5.91,13.94108,1.050556,-0.026,0.014,0.8963644,0.9948192,1.36264
6.32,13.93625,32.0325,-0.118,0.048,0.9715175,0.9908733,1.179802
6.14,13.95769,-23.02278,-0.041,0.006,1.556916,0.8942985,0.4098373
5.01,13.94283,27.49194,0.028,-0.048,1.550918,0.8956152,0.4144755
3.83,13.97119,-42.10083,-0.024,-0.021,0.7465358,0.9907548,1.845714
3.87,13.978,-44.80361,-0.025,-0.024,0.749593,0.9910358,1.833889
5.15,13.97531,-24.97222,-0.049,-0.029,0.781925,0.9934445,1.714426
5.91,13.98814,-50.37,0.011,-0.034,1.279166,0.9499515,0.6774598
6.49,14.00481,-61.48139,-0.072,-0.04,0.9532177,0.9921292,1.221391
5.97,14.0145,-66.26861,-0.136,-0.016,0.9623215,0.9915266,1.200481
6,13.97775,14.64944,-0.061,-0.056,1.562919,0.8929762,0.4052402
5.76,13.97747,21.69611,-0.009,-0.045,0.8063781,0.9946213,1.630482
6.37,13.95892,61.49278,-0.034,0.21,1.302141,0.9458218,0.6506131
5.77,14.00003,-25.01028,-0.196,-0.091,1.023699,0.9863767,1.070307
6.4,13.99703,-3.549722,-0.025,-0.058,1.028574,0.9858926,1.060716
6.13,14.02194,-40.22222,-0.037,-0.006,1.449618,0.9171209,0.5000749
4.34,14.02872,-45.60361,0.002,-0.019,1.08357,0.9797518,0.959243
5.5,14.08883,-76.79667,-0.094,-0.032,1.629291,0.8780689,0.3572699
5.99,14.02233,8.894722,0.036,-0.007,0.8515572,0.9954764,1.488497
6.23,14.01958,27.38667,-0.08,0.017,0.8838352,0.9951422,1.396449
4.26,14.02744,1.544444,0.018,-0.021,0.8555,0.9954757,1.476855
5.48,14.03967,-27.43,-0.033,-0.008,1.503099,0.9059449,0.4531172
5.92,14.05728,-56.21361,-0.083,-0.031,1.431855,0.9207385,0.5166105
0.61,14.06372,-60.37306,-0.032,-0.019,0.7405209,0.9901739,1.869259
6.18,14.05047,-31.68389,0.022,0.083,1.023699,0.9863767,1.070307
6.11,14.05764,-41.42333,-0.034,-0.017,0.7785514,0.9932398,1.726427
6.2,14.04217,9.686389,-0.196,-0.063,1.24511,0.9558647,0.7193206
6.27,14.03672,45.75361,0.033,-0.076,1.491187,0.9084697,0.4632215
6.3,14.06475,-22.42167,-0.012,0.013,1.009204,0.9877542,1.099447
6.3,14.05897,10.78667,0.083,-0.307,1.156997,0.9698464,0.8407252
6.26,14.06022,7.546389,-0.038,-0.012,1.267758,0.9519608,0.6911988
6.24,14.0655,4.900833,-0.011,-0.003,0.9808048,0.9901694,1.159356
6.39,14.07072,-5.381389,-0.009,-0.011,1.491187,0.9084697,0.4632215
6.28,14.07417,-14.97167,-0.036,-0.019,1.348679,0.9371404,0.5993768
6.17,14.09625,-54.66944,-0.05,-0.019,0.9091193,0.9943857,1.329262
6.02,14.14086,-74.85028,-0.252,0.179,1.073387,0.9809783,0.977142
6.15,14.04992,50.97194,-0.021,0,0.8209915,0.9950778,1.582768
6.42,14.10697,-59.71556,-0.011,0.019,0.8634652,0.9954395,1.45368
6.34,14.03072,68.67861,-0.035,-0.001,1.538936,0.8982318,0.4238772
6.28,14.07708,2.2975,-0.03,-0.003,1.313705,0.943703,0.6375007
6.56,14.08722,-16.33583,0.002,0.006,0.8555,0.9954757,1.476855
4.36,14.10078,-41.17972,-0.017,-0.02,0.7526829,0.9913102,1.822032
6.2,14.10303,-43.09194,-0.006,-0.037,1.290627,0.9479049,0.663932
3.27,14.10619,-26.6825,0.044,-0.139,1.372211,0.932602,0.5749471
2.06,14.11139,-36.37,-0.519,-0.519,1.307917,0.9447668,0.6440313
6.4,14.13731,-63.20806,0.025,0.038,1.313705,0.943703,0.6375007
5.46,14.11189,-9.313333,-0.139,0.011,0.957758,0.9918342,1.210907
3.65,14.07314,64.37583,-0.055,0.018,0.799244,0.9943325,1.65443
6.34,14.14897,-59.27667,-0.01,-0.011,0.836055,0.9953655,1.535403
6.05,14.17525,-70.30556,-0.006,-0.01,1.745539,0.8508246,0.2845295
6.17,14.14775,-43.47111,-0.019,-0.028,0.7957208,0.9941736,1.666419
6.06,14.18386,-69.71972,-0.035,-0.026,0.8879863,0.9950467,1.385133
6,14.15972,-51.50472,-0.03,-0.007,0.7957208,0.9941736,1.666419
4.75,14.16522,-53.43917,-0.146,-0.096,1.267758,0.9519608,0.6911988
6.47,14.15017,-10.33444,-0.005,0.025,1.302141,0.9458218,0.6506131
5.27,14.13217,43.85444,0.011,-0.028,1.653589,0.8724872,0.3409441
5.25,14.13814,49.45806,-0.061,0.059,1.690208,0.8639587,0.3174968
4.91,14.18069,-16.30194,0.006,-0.006,1.733201,0.853778,0.2916365
6.46,14.14611,59.33778,-0.123,-0.017,1.313705,0.943703,0.6375007
4.91,14.30383,-81.00778,-0.031,-0.063,0.9177461,0.9940347,1.307261
4.83,14.17331,25.09167,-0.022,-0.061,1.053264,0.9832854,1.013674
6.45,14.11567,74.59361,-0.052,0.012,0.8715355,0.9953564,1.430662
6.47,14.28192,-77.66389,-0.017,0.009,1.550918,0.8956152,0.4144755
6.43,14.192,1.362222,-0.125,0.028,1.023699,0.9863767,1.070307
5.56,14.22122,-53.66583,-0.012,-0.018,1.562919,0.8929762,0.4052402
6.34,14.20681,-24.36417,0.011,-0.028,1.509061,0.9046737,0.4481333
6.11,14.18753,32.29556,-0.025,0.022,1.455546,0.9159029,0.4946641
6.11,14.22775,-54.62583,-0.019,-0.015,0.836055,0.9953655,1.535403
5.08,14.21278,-27.26111,-0.012,-0.034,1.395897,0.9279408,0.5512831
5.01,14.20439,2.409444,-0.042,-0.026,0.7752084,0.9930265,1.738424
6.24,14.22033,-26.61222,0.009,-0.014,1.348679,0.9371404,0.5993768
4.19,14.21494,-10.27361,0.008,0.14,1.497141,0.9072102,0.4581465
5.07,14.24917,-57.08583,-0.039,-0.009,0.788763,0.9938273,1.690417
5.91,14.228,-0.8455556,0.207,-0.141,1.018846,0.9868484,1.07996
5.61,14.24517,-41.8375,-0.133,-0.021,1.262074,0.9529513,0.6981484
6.39,14.25589,-53.50972,-0.03,0.002,1.641429,0.8752886,0.3490357
5.75,14.27739,-66.58778,-0.015,-0.005,0.7957208,0.9941736,1.666419
4.82,14.14747,77.5475,-0.032,0.034,1.515027,0.9033968,0.4431943
6.36,14.23925,-5.9475,-0.306,0.088,1.08357,0.9797518,0.959243
5.54,14.23478,12.95944,-0.256,-0.052,1.053264,0.9832854,1.013674
6.08,14.25036,-29.28194,-0.03,-0.015,1.302141,0.9458218,0.6506131
6.31,14.26078,-45.00083,0.137,-0.142,1.08357,0.9797518,0.959243
6.39,14.27617,-59.91389,-0.019,-0.018,1.933578,0.8042979,0.1912804
6.42,14.40647,-82.84861,0.001,-0.019,0.8247156,0.9951659,1.57089
6.69,14.22436,51.78778,0.054,-0.019,0.9808048,0.9901694,1.159356
4.54,14.22472,51.79028,0.063,-0.002,0.8963644,0.9948192,1.36264
5.29,14.24744,10.10056,-0.028,-0.167,1.302141,0.9458218,0.6506131
6.45,14.24806,3.336111,-0.045,-0.014,1.659678,0.8710787,0.3369508
5.43,14.25669,-18.20083,-0.039,-0.012,0.8063781,0.9946213,1.630482
6.39,14.24472,21.87333,0.039,-0.006,0.8879863,0.9950467,1.385133
5.24,14.20111,69.4325,-0.027,-0.047,1.647506,0.8738905,0.3449722
6.24,14.23986,41.51889,-0.024,-0.105,1.325317,0.9415493,0.6245921
5.06,14.37297,-80.10889,-0.025,-0.009,0.781925,0.9934445,1.714426
6.55,14.27175,-33.24139,0.022,0.004,0.9397373,0.9929382,1.253181
4.08,14.26692,-6.000556,-0.004,-0.432,1.043325,0.9843654,1.032307
4.32,14.44858,-83.66778,-0.105,-0.007,1.485238,0.9097234,0.468343
-0.04,14.26103,19.1825,-1.093,-1.998,1.437773,0.9195387,0.5110475
6.44,14.27264,-6.621944,-0.032,-0.016,0.9308688,0.9934145,1.274651
6.15,14.27503,-3.196389,-0.025,-0.038,0.8136278,0.9948701,1.606589
5.98,14.26783,18.91194,0.043,-0.028,0.9220961,0.9938405,1.296338
6.22,14.28439,-18.58528,0.001,0.005,1.290627,0.9479049,0.663932
6.58,14.25469,52.53583,-0.032,-0.004,0.8555,0.9954757,1.476855
6.25,14.27578,20.12139,-0.148,-0.103,1.028574,0.9858926,1.060716
6.38,14.27339,39.74472,-0.147,0.008,0.966908,0.9912063,1.190112
6.54,14.30661,-33.22056,-0.07,-0.042,0.9264704,0.9936338,1.285468
5.23,14.33097,-61.27306,-0.171,-0.093,0.9352911,0.9931827,1.263889
4.75,14.26942,51.36722,-0.15,0.092,0.8963644,0.9948192,1.36264
4.18,14.27306,46.08833,-0.187,0.161,0.8476411,0.9954656,1.500175
5.8,14.29122,15.26333,0.012,0.011,1.727041,0.8552473,0.295236
6.47,14.30017,-7.5425,0.254,-0.24,1.151633,0.9706286,0.8488025
3.55,14.32339,-46.05778,-0.013,0.002,0.7558053,0.9915778,1.810148
5.9,14.31064,-18.71611,-0.059,-0.042,0.8172955,0.9949792,1.594669
5.87,14.31689,-25.81556,-0.372,0.35,1.03347,0.9853959,1.051185
5.94,14.32331,-37.00361,-0.047,-0.059,0.8476411,0.9954656,1.500175
4.33,14.33875,-56.38667,-0.014,-0.009,0.8634652,0.9954395,1.45368
4.52,14.3185,-13.37111,-0.015,0.03,0.8674873,0.9954039,1.442151
6.2,14.28919,51.30722,-0.025,-0.005,0.8322476,0.9953098,1.547205
4.81,14.29994,35.50944,0.004,0.016,1.336976,0.9393615,0.611885
5.56,14.33603,-43.05889,-0.01,0.01,1.256405,0.9539321,0.7051516
6.32,14.297,48.00167,-0.01,-0.045,1.004415,0.9881883,1.109282
4.77,14.34514,-45.18722,0.034,-0.08,0.9442073,0.9926812,1.242528
5.41,14.32119,13.00417,0.106,-0.03,0.9761498,0.9905277,1.16955
5.14,14.32569,-2.265556,-0.12,-0.074,1.313705,0.943703,0.6375007
4.05,14.34261,-37.88528,-0.063,-0.012,0.8063781,0.9946213,1.630482
6.19,14.32803,0.3841667,-0.041,-0.013,0.8963644,0.9948192,1.36264
6.86,14.31547,38.7675,-0.001,0.031,1.336976,0.9393615,0.611885
4.86,14.32922,16.30694,-0.142,0.06,1.437773,0.9195387,0.5110475
4.92,14.37694,-58.45944,-0.052,0.013,1.222698,0.9596106,0.7483163
6.53,14.3155,54.86417,-0.028,0.011,1.302141,0.9458218,0.6506131
6.33,14.32992,38.79389,0.022,-0.013,0.836055,0.9953655,1.535403
6.44,14.33575,30.42917,-0.01,-0.005,0.8756096,0.995297,1.419215
6.09,14.37742,-48.32028,-0.013,-0.013,0.7718961,0.9928048,1.750413
5.56,14.37214,-34.78694,-0.025,0.001,0.7853289,0.9936404,1.702421
6.02,14.38897,-50.77222,-0.005,-0.004,1.515027,0.9033968,0.4431943
4.42,14.38394,-39.51222,-0.027,-0.032,0.7558053,0.9915778,1.810148
5.61,14.41842,-68.19528,-0.012,-0.003,1.028574,0.9858926,1.060716
6,14.39678,-53.17667,-0.071,-0.024,1.360425,0.934887,0.587065
4.77,14.38494,-27.75389,-0.193,-0.112,1.485238,0.9097234,0.468343
6.36,14.42764,-66.17333,-0.059,-0.026,0.8674873,0.9954039,1.442151
6.21,14.39044,-11.71417,-0.009,-0.058,1.296378,0.9468679,0.6572466
6.27,14.38758,1.241667,0.226,-0.477,1.098992,0.9778222,0.9328517
6.86,14.38961,8.445,-0.075,-0.008,0.9996489,0.9886097,1.119177
5.12,14.38964,8.446667,-0.075,-0.008,0.8099886,0.9947508,1.618527
6.22,14.38522,25.33806,-0.155,0.064,0.9715175,0.9908733,1.179802
5.95,14.40025,8.243611,0.003,-0.025,0.8398899,0.9954101,1.523629
6.07,14.49356,-76.72917,-0.039,-0.026,1.407792,0.9255665,0.539732
5.32,14.4135,-24.80639,-0.055,-0.016,1.279166,0.9499515,0.6774598
5.85,14.45197,-65.82167,-0.018,-0.013,1.599043,0.8849264,0.3784985
5.1,14.40314,5.82,-0.077,0.005,0.8634652,0.9954395,1.45368
6.49,14.41136,-11.66972,-0.071,-0.029,0.9949045,0.9890186,1.129132
6.19,14.40508,8.085,-0.114,-0.092,1.420028,0.9231197,0.5278929
4.56,14.43561,-45.22139,-0.012,-0.013,0.765365,0.9923371,1.774358
4.35,14.43633,-45.37944,0.016,-0.008,0.9996489,0.9886097,1.119177
6.61,14.42494,-19.96972,-0.039,-0.006,0.8715355,0.9953564,1.430662
6.32,14.43706,-42.31917,-0.123,-0.071,1.414119,0.924301,0.5336135
6.48,14.42992,-26.8525,-0.019,-0.061,1.267758,0.9519608,0.6911988
6.35,14.44719,-39.87389,-0.019,-0.016,0.788763,0.9938273,1.690417
5.83,14.45339,-46.13444,-0.153,-0.082,0.9442073,0.9926812,1.242528
6.27,14.42478,38.39306,0.007,-0.013,1.437773,0.9195387,0.5110475
6.45,14.47875,-59.19778,-0.011,-0.015,0.8715355,0.9953564,1.430662
4.05,14.41994,51.85083,-0.236,-0.397,1.03347,0.9853959,1.051185
5.39,14.44094,19.22694,-0.071,0.025,0.9091193,0.9943857,1.329262
6.17,14.45678,-6.120278,-0.071,-0.058,0.8515572,0.9954764,1.488497
4.97,14.46956,-29.49167,-0.024,-0.023,0.792227,0.9940051,1.678416
5.83,14.52125,-67.71722,0.035,-0.066,1.302141,0.9458218,0.6506131
4.81,14.47003,-2.228056,-0.139,-0.002,1.135646,0.9729076,0.8733891
5.42,14.47825,-6.900556,-0.019,-0.052,1.59301,0.8862817,0.3828574
6.63,14.45758,41.025,-0.056,-0.019,0.9715175,0.9908733,1.179802
5.5,14.50239,-45.32167,-0.046,-0.04,0.788763,0.9938273,1.690417
5.37,14.50581,-49.51917,-0.052,-0.047,0.836055,0.9953655,1.535403
7.62,14.47542,28.28917,0.028,-0.013,0.8136278,0.9948701,1.606589
7.12,14.47592,28.29083,0.017,0.008,0.8063781,0.9946213,1.630482
6.1,14.47122,36.19694,-0.024,0.002,1.302141,0.9458218,0.6506131
6.39,14.51569,-40.845,-0.03,0.003,1.562919,0.8929762,0.4052402
5.94,14.49736,0.8288889,0.01,0.002,0.8797096,0.9952256,1.40781
5.97,14.51967,-38.86972,0.005,0.023,1.336976,0.9393615,0.611885
5.59,14.47717,49.84472,-0.305,-0.046,1.217133,0.9605217,0.755704
6.93,14.54247,-56.88778,-0.027,-0.012,1.250751,0.9549033,0.7122089
6.06,14.49714,31.79111,-0.018,0.004,0.8063781,0.9946213,1.630482
6.35,14.49356,41.79583,0.162,-0.218,1.135646,0.9729076,0.8733891
6.02,14.51261,4.772222,0.009,-0.012,1.550918,0.8956152,0.4144755
4.42,14.54358,-50.45694,-0.043,-0.01,0.7526829,0.9913102,1.822032
5.87,14.559,-54.99833,-0.095,0.004,1.023699,0.9863767,1.070307
5.87,14.55831,-52.68,-0.006,-0.031,1.354547,0.9360177,0.5931965
6.09,14.55267,-30.71417,0.04,-0.015,1.319505,0.9426305,0.6310211
3.58,14.5305,30.37139,-0.1,0.119,1.479292,0.9109711,0.4735113
4.25,14.45875,75.69611,0.009,0.023,1.562919,0.8929762,0.4052402
6.6,14.56889,-42.09972,-0.016,-0.029,0.8398899,0.9954101,1.523629
6.4,14.58811,-60.01583,-0.021,-0.031,1.455546,0.9159029,0.4946641
6.01,14.53894,26.67722,-0.064,-0.029,0.9048428,0.9945425,1.340338
5.92,14.54236,22.26,-0.127,0.039,0.9623215,0.9915266,1.200481
3.03,14.53464,38.30833,-0.114,0.153,0.8921627,0.9949391,1.373863
6.09,14.51281,63.18556,-0.178,0,0.9901823,0.9894148,1.139147
6.27,14.52856,60.22556,-0.049,0.021,0.9134204,0.9942164,1.318236
6.5,14.58075,-20.43917,0.017,0.002,0.8715355,0.9953564,1.430662
5.87,14.59208,-41.51722,-0.02,-0.017,0.788763,0.9938273,1.690417
2.31,14.59178,-42.15778,-0.035,-0.035,0.7526829,0.9913102,1.822032
6.43,14.55564,36.95944,-0.004,-0.057,1.302141,0.9458218,0.6506131
5.76,14.54192,55.39778,0.006,-0.015,1.599043,0.8849264,0.3784985
6.04,14.62953,-67.93222,-0.343,-0.29,1.03347,0.9853959,1.051185
5.55,14.60528,-46.24528,-0.038,0.019,1.586981,0.8876316,0.387255
6.33,14.56992,32.53444,0.108,0.007,0.9854823,0.9897984,1.149222
6.13,14.60672,-39.59722,-0.037,-0.018,1.331141,0.9404596,0.6182135
4.46,14.578,29.745,0.189,0.132,0.966908,0.9912063,1.190112
6.03,14.57736,36.62583,-0.029,-0.054,1.526972,0.9008257,0.4334489
5.74,14.61228,-40.21167,-0.016,-0.025,0.7752084,0.9930265,1.738424
5.41,14.62225,-46.13389,-0.014,-0.02,1.307917,0.9447668,0.6440313
6.48,14.57108,57.06528,0.217,-0.229,1.028574,0.9858926,1.060716
5.74,14.57767,49.36833,-0.045,0.054,1.635357,0.8766814,0.3531348
4.05,14.63144,-49.42583,-0.024,-0.031,0.765365,0.9923371,1.774358
6.38,14.60192,23.25028,-0.012,0.027,1.336976,0.9393615,0.611885
6.2,14.61661,-12.30528,-0.872,0.365,1.014014,0.9873076,1.089673
6.02,14.63878,-38.79417,0.066,-0.023,1.556916,0.8942985,0.4098373
6.07,14.65306,-46.58417,-0.182,-0.211,1.038387,0.9848868,1.041715
6.39,14.65686,-49.05556,-0.167,-0.132,1.004415,0.9881883,1.109282
-0.01,14.65997,-60.83528,-3.642,0.699,1.140957,0.9721593,0.8651342
1.33,14.66003,-60.83556,-3.646,0.7,1.233874,0.9577577,0.733708
6.3,14.67578,-56.44083,-0.007,-0.011,1.407792,0.9255665,0.539732
5.91,14.63722,18.29833,-0.029,-0.068,1.360425,0.934887,0.587065
3.19,14.70844,-64.97528,-0.192,-0.232,0.9134204,0.9942164,1.318236
5.7,14.63681,43.64194,-0.113,0.03,1.586981,0.8876316,0.387255
6.22,14.69881,-58.61611,0.019,-0.042,1.009204,0.9877542,1.099447
5.67,14.68372,-36.135,-0.022,-0.008,0.788763,0.9938273,1.690417
5.85,14.63756,54.02333,0.018,-0.016,0.8136278,0.9948701,1.606589
5.39,14.64728,44.40444,-0.067,-0.017,0.8172955,0.9949792,1.594669
2.3,14.69883,-47.38833,-0.021,-0.018,0.749593,0.9910358,1.833889
3.83,14.79767,-79.04472,-0.012,-0.015,1.556916,0.8942985,0.4098373
4,14.69933,-37.79361,-0.023,-0.032,0.75896,0.9918383,1.798239
6.1,14.67275,21.97556,-0.018,0.034,0.9854823,0.9897984,1.149222
5.91,14.67844,13.53417,0.055,-0.025,0.9005912,0.994687,1.351465
6.37,14.69753,-30.93333,-0.031,-0.022,0.7853289,0.9936404,1.702421
4.94,14.67878,16.41833,0.015,0.015,0.8063781,0.9946213,1.630482
5.88,14.67886,16.41778,0.001,0.01,0.9134204,0.9942164,1.318236
4.83,14.68581,13.72833,0.053,-0.016,1.302141,0.9458218,0.6506131
4.43,14.68581,13.72833,0.053,-0.016,0.836055,0.9953655,1.535403
6.26,14.56064,79.66028,-0.101,0.081,1.479292,0.9109711,0.4735113
4.86,14.69411,8.161667,-0.009,0.003,1.302141,0.9458218,0.6506131
5.56,14.69542,11.66056,-0.157,-0.114,1.267758,0.9519608,0.6911988
5.36,14.75481,-62.87583,0.063,-0.084,0.9352911,0.9931827,1.263889
6.38,14.69839,21.12361,-0.01,-0.053,1.302141,0.9458218,0.6506131
5.73,14.72044,-24.9975,-0.019,-0.001,0.8136278,0.9948701,1.606589
4.05,14.72761,-35.17361,-0.064,-0.18,1.509061,0.9046737,0.4481333
6.11,14.74875,-58.47778,-0.083,-0.053,1.313705,0.943703,0.6375007
3.88,14.71767,-5.658333,0.109,-0.316,0.9761498,0.9905277,1.16955
6.1,14.75303,-55.60194,-0.015,-0.013,0.7957208,0.9941736,1.666419
4.92,14.74978,-35.19194,0.003,-0.004,0.8209915,0.9950778,1.582768
4.81,14.72372,26.52778,-0.013,-0.017,1.696332,0.8625193,0.3137062
6.48,15.47197,-88.13306,-0.091,-0.077,0.9397373,0.9929382,1.253181
6.25,14.70089,61.26194,0.07,-0.03,0.9901823,0.9894148,1.139147
5.73,14.729,40.45917,-0.014,0.023,1.532952,0.8995316,0.4286416
5.74,14.77475,-47.44111,-0.022,-0.015,0.843752,0.9954435,1.511886
5.21,14.78369,-52.38361,-0.016,-0.082,1.290627,0.9479049,0.663932
6.07,14.75325,-1.417778,-0.053,-0.004,1.665772,0.869665,0.3329922
4.94,14.76669,-25.44306,-0.15,-0.104,0.9623215,0.9915266,1.200481
6.07,14.78675,-52.20556,-0.025,-0.017,0.8515572,0.9954764,1.488497
5.81,14.76856,-23.15306,0.027,-0.058,1.290627,0.9479049,0.663932
5.91,14.81233,-66.59389,-0.021,-0.025,0.792227,0.9940051,1.678416
5.69,14.75839,0.7172222,-0.038,-0.007,0.8063781,0.9946213,1.630482
4.6,14.75403,16.96444,-0.058,-0.049,1.290627,0.9479049,0.663932
6.33,14.76606,-15.45972,-0.032,0,1.414119,0.924301,0.5336135
6.4,14.76969,-21.17611,-0.062,-0.104,1.073387,0.9809783,0.977142
5.12,14.74978,27.075,-0.05,0.021,1.302141,0.9458218,0.6506131
2.7,14.74978,27.07417,-0.049,0.021,1.28489,0.9489328,0.6706696
6.13,14.75575,18.88472,0.032,0.014,1.206051,0.962313,0.7706477
5.94,14.78475,-38.29083,0.052,-0.09,1.497141,0.9072102,0.4581465
6.3,14.79225,-43.5575,-0.013,-0.032,1.348679,0.9371404,0.5993768
6.28,14.75381,32.78833,0.045,-0.072,1.647506,0.8738905,0.3449722
3.72,14.77081,1.892778,-0.114,-0.026,0.8136278,0.9948701,1.606589
5.63,14.76833,15.13194,-0.084,0.02,1.641429,0.8752886,0.3490357
6.06,14.78714,-21.32472,-0.013,0.004,1.690208,0.8639587,0.3174968
5.63,14.78958,-25.62444,-0.008,-0.016,1.302141,0.9458218,0.6506131
6.23,14.81858,-56.66778,-0.11,-0.123,1.378119,0.9314479,0.5689601
5.24,14.79578,-26.0875,0.041,-0.007,1.267758,0.9519608,0.6911988
5.77,14.79931,-26.64639,-0.013,-0.011,0.8099886,0.9947508,1.618527
6.35,14.79858,-12.83972,0.043,-0.085,1.360425,0.934887,0.587065
6.04,14.81058,-36.63472,-0.014,-0.048,1.623231,0.8794511,0.3614414
5.6,14.88714,-73.19,0.021,0.033,1.200534,0.963193,0.7782043
5.68,14.82186,-24.25167,-0.023,-0.003,1.479292,0.9109711,0.4735113
6.14,14.81503,-0.8477778,-0.008,0.017,0.8027965,0.9944818,1.64245
5.31,14.82197,-14.14889,-0.061,-0.014,0.843752,0.9954435,1.511886
6.14,14.80647,24.36667,-0.11,0.045,1.023699,0.9863767,1.070307
5.65,15.03078,-83.22778,0.016,0.053,1.273455,0.9509609,0.6843027
4.41,14.83814,-27.96028,-0.241,-0.059,1.538936,0.8982318,0.4238772
5.87,14.87639,-63.81,-0.024,-0.009,1.146286,0.9713996,0.8569388
4.32,14.86067,-43.57556,-0.02,-0.027,0.765365,0.9923371,1.774358
6.16,14.81853,37.81111,-0.253,0.111,0.966908,0.9912063,1.190112
5.15,14.84478,-15.99722,-0.098,-0.066,0.9901823,0.9894148,1.139147
2.75,14.84797,-16.04167,-0.106,-0.067,0.8756096,0.995297,1.419215
5.8,14.83289,28.61583,0.017,0.003,0.836055,0.9953655,1.535403
5.74,14.82186,46.11611,-0.002,-0.076,1.023699,0.9863767,1.070307
5.85,14.83772,23.91194,0.143,0.034,1.063285,0.9821562,0.9952854
4.94,14.85028,-2.299167,0.084,-0.123,1.290627,0.9479049,0.663932
6.18,14.85003,-0.2572222,-0.026,0.015,1.538936,0.8982318,0.4238772
6.51,14.82564,51.37472,0.012,0.008,0.9854823,0.9897984,1.149222
5.69,14.82814,48.72056,-0.076,0.096,1.018846,0.9868484,1.07996
6.09,14.91178,-65.99139,-0.022,-0.022,0.7957208,0.9941736,1.666419
5.34,14.96469,-76.66278,-0.074,-0.015,1.568927,0.8916483,0.4006839
5.48,14.84156,37.27194,-0.211,0.094,1.313705,0.943703,0.6375007
6.29,14.87586,-30.57694,-0.329,-0.027,1.08357,0.9797518,0.959243
5.03,14.88086,-37.80333,-0.018,-0.021,0.7621466,0.9920915,1.786308
4.55,14.85647,19.10111,0.137,-0.098,1.167779,0.9682485,0.8247469
5.65,15.07964,-83.03833,-0.016,-0.01,1.479292,0.9109711,0.4735113
5.2,14.92628,-60.11417,-0.125,-0.115,1.395897,0.9279408,0.5512831
5.93,15.00328,-77.16028,-0.003,0.004,1.331141,0.9404596,0.6182135
5.3,14.90558,-24.64222,-0.01,-0.027,1.491187,0.9084697,0.4632215
5.82,14.91056,-33.30056,0,0.002,1.550918,0.8956152,0.4144755
6.4,14.88981,15.70444,-0.022,0.009,1.068326,0.9815733,0.9861831
5.11,14.94556,-62.78083,-0.011,0,0.8172955,0.9949792,1.594669
5.46,14.85733,59.29389,-0.122,0.139,1.515027,0.9033968,0.4431943
6.01,14.88992,19.15278,-0.452,0.216,1.206051,0.962313,0.7706477
5.8,14.90636,-11.89833,-0.052,-0.01,1.28489,0.9489328,0.6706696
6.2,14.99889,-75.0325,-0.006,-0.014,0.8027965,0.9944818,1.64245
5.38,14.93814,-52.80972,0.026,0.005,0.8674873,0.9954039,1.442151
5.91,15.18564,-84.7875,-0.008,0.009,0.7957208,0.9941736,1.666419
5.32,14.92908,-33.85583,0.02,0,0.8322476,0.9953098,1.547205
5.64,14.94222,-47.87917,-0.04,-0.02,0.8027965,0.9944818,1.64245
6.64,14.95039,-51.44694,-0.076,-0.009,1.720887,0.8567117,0.2988666
6.36,14.94328,-39.41611,-0.026,-0.024,0.8398899,0.9954101,1.523629
6.06,14.94192,-32.63667,-0.008,-0.028,1.544924,0.8969263,0.4191554
2.08,14.84508,74.15556,-0.031,0.012,1.580958,0.888976,0.3916917
5.46,14.94614,-11.40972,0.011,0.008,1.59301,0.8862817,0.3828574
6.29,14.95378,-29.15778,-0.027,-0.031,0.8027965,0.9944818,1.64245
6.35,14.96911,-48.86306,-0.007,-0.333,1.140957,0.9721593,0.8651342
5.77,14.937,14.44639,-0.013,0,0.7957208,0.9941736,1.666419
5.74,14.95778,-21.41556,1.045,-1.729,1.366313,0.9337484,0.580982
6.12,14.93297,32.30028,-0.043,0.004,0.8555,0.9954757,1.476855
4.49,14.95306,-4.346389,-0.094,-0.15,0.9487008,0.9924115,1.231931
2.68,14.97553,-43.13389,-0.035,-0.039,0.7435117,0.9904674,1.857505
6.15,14.97689,-39.90667,-0.047,-0.063,1.437773,0.9195387,0.5110475
5.53,14.95925,-0.1675,0.062,-0.026,1.378119,0.9314479,0.5689601
6.49,14.951,21.55528,-0.023,-0.028,0.8136278,0.9948701,1.606589
5.71,14.95325,16.38833,0.005,0.001,1.267758,0.9519608,0.6911988
3.13,14.98603,-42.10417,-0.019,-0.024,0.749593,0.9910358,1.833889
5.65,14.97756,-27.65722,-0.042,-0.01,0.9134204,0.9942164,1.318236
6.6,14.97039,-11.155,-0.011,-0.014,0.8209915,0.9950778,1.582768
6.47,14.98719,-37.88139,-0.017,-0.02,0.788763,0.9938273,1.690417
6.1,14.99086,-43.16,-0.018,-0.013,1.08357,0.9797518,0.959243
5.63,14.93972,49.62861,0.115,-0.223,1.03347,0.9853959,1.051185
5.87,14.98156,-11.14417,-0.101,-0.061,1.455546,0.9159029,0.4946641
6.09,14.98133,-4.989167,-0.357,-0.097,1.03347,0.9853959,1.051185
5.93,14.98975,4.567778,0.005,-0.008,1.659678,0.8710787,0.3369508
5.89,15.02028,-38.05833,0.013,-0.034,1.443694,0.9183328,0.5055358
4.92,15.01622,-8.518889,-0.063,-0.005,0.8172955,0.9949792,1.594669
6.22,15.03281,-34.35889,-0.025,-0.02,0.9134204,0.9942164,1.318236
5.64,14.99358,39.26528,-0.032,0.042,0.9442073,0.9926812,1.242528
4.6,14.95972,65.9325,-0.079,0.032,1.653589,0.8724872,0.3409441
5.52,15.02217,-2.755,0.027,-0.023,1.708597,0.8596255,0.3062224
5.85,15.03511,-28.06056,0.085,-0.029,0.8797096,0.9952256,1.40781
6.38,15.01456,22.04556,0.01,0.006,1.302141,0.9458218,0.6506131
5.17,15.08006,-64.03167,0.099,0.004,1.262074,0.9529513,0.6981484
5.71,15.03025,-0.1405556,0.009,-0.024,1.611126,0.8821995,0.369895
5.44,15.04981,-32.64333,-0.015,-0.021,0.7752084,0.9930265,1.738424
5.64,14.839,82.51194,0.176,-0.222,1.12508,0.9743699,0.8900779
6.37,15.01075,47.27778,-0.009,0.024,0.7686149,0.9925749,1.762392
6.52,15.11908,-71.90528,0.023,-0.015,1.653589,0.8724872,0.3409441
6.61,15.04581,-3.031389,-0.039,-0.02,0.8963644,0.9948192,1.36264
4.81,15.03514,25.00806,-0.007,-0.051,1.599043,0.8849264,0.3784985
4.4,15.04833,2.091389,-0.054,0.016,1.325317,0.9415493,0.6245921
3.5,15.03244,40.39056,-0.041,-0.028,1.28489,0.9489328,0.6706696
3.29,15.06783,-25.28194,-0.073,-0.043,1.720887,0.8567117,0.2988666
6.41,15.07858,-40.86139,-0.015,-0.039,1.57494,0.8903149,0.3961679
4.72,15.08533,-47.05111,-0.02,-0.019,0.7686149,0.9925749,1.762392
4.82,15.08533,-47.05111,-0.019,-0.019,1.302141,0.9458218,0.6506131
5.15,15.08864,-41.06722,0.02,-0.003,1.307917,0.9447668,0.6440313
5.93,15.02419,60.20444,-0.017,0.015,0.8515572,0.9954764,1.488497
5.51,15.05169,35.20583,-0.038,0.012,1.313705,0.943703,0.6375007
6.5,15.06844,5.4925,-0.01,-0.041,0.9442073,0.9926812,1.242528
6.17,15.13244,-65.27556,0.007,-0.009,1.580958,0.888976,0.3916917
6.65,15.05183,44.64444,-0.093,0.024,1.014014,0.9873076,1.089673
6.59,15.06014,34.56611,-0.002,-0.016,1.313705,0.943703,0.6375007
6.67,15.09658,-25.78972,-0.002,-0.02,0.8136278,0.9948701,1.606589
6.27,15.10386,-36.26417,-0.017,0.008,1.690208,0.8639587,0.3174968
4.54,15.07408,26.9475,-0.174,-0.006,1.443694,0.9183328,0.5055358
5.77,15.12386,-49.08833,0.014,0.017,1.256405,0.9539321,0.7051516
4.76,15.06317,47.65444,-0.407,0.033,1.10937,0.9764765,0.9155611
5.96,15.10925,-30.91889,-0.016,-0.038,0.788763,0.9938273,1.690417
6.17,15.10753,-22.03194,0.063,-0.058,1.331141,0.9404596,0.6182135
5.76,15.15831,-67.08417,-0.005,-0.001,1.130354,0.9736445,0.8817036
5.2,15.11044,-16.25694,-0.033,-0.022,1.647506,0.8738905,0.3449722
6.28,15.15708,-63.64278,-0.015,-0.018,0.8398899,0.9954101,1.523629
5.79,15.13669,-40.58389,-0.03,-0.032,0.7686149,0.9925749,1.762392
5.85,15.14419,-42.86778,-0.027,-0.018,0.7785514,0.9932398,1.726427
4.05,15.14739,-45.27972,-0.016,-0.019,0.7558053,0.9915778,1.810148
5.57,15.0905,48.15111,-0.066,0.031,0.8172955,0.9949792,1.594669
6.01,15.20939,-72.77028,-0.024,-0.007,0.8172955,0.9949792,1.594669
6.13,15.06606,65.91972,0.023,-0.007,1.302141,0.9458218,0.6506131
6.35,15.10975,36.45556,-0.063,0.028,1.043325,0.9843654,1.032307
6.16,15.12786,5.498056,-0.003,-0.017,1.267758,0.9519608,0.6911988
6.3,15.17906,-61.4225,-0.198,-0.021,1.098992,0.9778222,0.9328517
6.02,15.12233,18.44167,0.043,-0.055,0.8398899,0.9954101,1.523629
4.93,15.12169,24.86917,0.185,-0.165,0.9996489,0.9886097,1.119177
5.25,15.10464,54.55639,0.048,0.015,1.279166,0.9499515,0.6774598
5.98,15.16875,-38.7925,-0.006,-0.023,1.302141,0.9458218,0.6506131
5.54,15.18778,-55.34611,-0.002,-0.008,1.384036,0.9302863,0.5630207
5.67,15.13994,26.30111,0.005,-0.014,1.443694,0.9183328,0.5055358
6.1,15.14817,13.235,-0.056,0.064,1.279166,0.9499515,0.6774598
5.81,15.14319,25.10861,-0.008,-0.001,1.443694,0.9183328,0.5055358
5.76,15.17183,-26.33278,-0.032,-0.01,1.331141,0.9404596,0.6182135
6.44,15.19303,-45.2775,-0.009,0.014,1.325317,0.9415493,0.6245921
7.39,15.19219,-45.27944,0.025,-0.055,1.348679,0.9371404,0.5993768
5.81,15.23864,-70.07944,-0.001,-0.006,2.806313,0.5663701,-0.02302648
6.32,15.21694,-61.74389,-0.01,-0.008,1.845135,0.826513,0.2318467
3.87,15.19892,-48.73778,-0.095,-0.049,0.799244,0.9943325,1.65443
5.69,15.19933,-48.74361,-0.103,-0.04,0.8715355,0.9953564,1.430662
6.39,15.13875,50.055,-0.004,-0.018,1.319505,0.9426305,0.6310211
3.41,15.20475,-52.09917,-0.112,-0.073,1.256405,0.9539321,0.7051516
6.33,15.20869,-48.21861,-0.014,-0.028,1.372211,0.932602,0.5749471
4.82,15.21375,-44.50056,-0.034,-0.028,0.75896,0.9918383,1.798239
4.54,15.20369,-19.79167,-0.036,-0.039,0.788763,0.9938273,1.690417
6.1,15.21872,-36.09139,-0.043,-0.021,0.788763,0.9938273,1.690417
5.89,15.20119,18.97583,-0.017,0.005,1.617176,0.880828,0.3656496
6.47,15.22153,-24.00833,-0.011,-0.02,0.8027965,0.9944818,1.64245
6.08,15.222,-19.6475,-0.051,-0.037,0.8634652,0.9954395,1.45368
6.45,15.22464,-25.30917,-0.398,-0.071,1.135646,0.9729076,0.8733891
5.84,15.23147,-26.19361,-0.015,0,1.384036,0.9302863,0.5630207
6.68,15.21208,19.28583,-0.59,0.29,1.12508,0.9743699,0.8900779
4.91,15.24369,-31.51917,-0.005,0.001,0.9715175,0.9908733,1.179802
5.73,15.27678,-60.90389,-0.026,0,0.788763,0.9938273,1.690417
6.17,15.24269,-17.76861,-0.022,-0.014,0.799244,0.9943325,1.65443
5.95,15.26494,-48.07417,0.018,-0.032,0.9005912,0.994687,1.351465
5.09,15.28242,-60.9575,-0.019,-0.009,0.7957208,0.9941736,1.666419
6.3,15.22553,22.98333,0.049,0.093,0.8398899,0.9954101,1.523629
4.86,15.29414,-63.61056,0.001,0.008,1.449618,0.9171209,0.5000749
5.16,15.26778,-41.49111,-0.005,-0.006,1.073387,0.9809783,0.977142
6.04,15.26958,-43.48472,-0.007,0.003,0.7686149,0.9925749,1.762392
6.28,15.24742,-5.502778,-0.018,0.005,1.580958,0.888976,0.3916917
4.07,15.29189,-58.80111,-0.1,-0.137,0.8515572,0.9954764,1.488497
2.89,15.31517,-68.67944,-0.072,-0.031,0.8172955,0.9949792,1.594669
6.17,15.17892,67.78139,0.001,0,1.302141,0.9458218,0.6506131
6.2,15.22656,38.26472,-0.01,-0.047,1.420028,0.9231197,0.5278929
5.99,15.23503,31.78806,0.043,-0.018,1.611126,0.8821995,0.369895
5.33,15.25317,4.939444,-0.018,0.005,1.354547,0.9360177,0.5931965
5.26,15.24144,29.16417,-0.066,0.03,0.8284677,0.9952433,1.559035
6.13,15.23619,42.17139,0.019,-0.014,1.696332,0.8625193,0.3137062
5.5,15.27306,-22.39944,-0.034,0.003,1.526972,0.9008257,0.4334489
5.63,15.26364,0.3722222,-0.107,0.015,0.8879863,0.9950467,1.385133
5.46,15.31358,-60.49639,-0.027,-0.002,0.781925,0.9934445,1.714426
3.47,15.25839,33.31472,0.086,-0.112,1.273455,0.9509609,0.6843027
6.28,15.30261,-41.06083,0.028,0.007,0.8879863,0.9950467,1.385133
4.27,15.30889,-47.875,-0.026,-0.038,0.788763,0.9938273,1.690417
6.28,15.34464,-67.48139,-0.003,-0.008,0.7853289,0.9936404,1.702421
2.61,15.28344,-9.383056,-0.096,-0.019,0.7785514,0.9932398,1.726427
4.34,15.29719,-30.14889,-0.008,-0.01,1.360425,0.934887,0.587065
5.59,15.31567,-40.78833,-0.014,-0.024,0.781925,0.9934445,1.714426
6.18,15.31147,-31.20944,-0.006,-0.008,1.437773,0.9195387,0.5110475
6.2,15.32544,-37.09667,-0.092,-0.124,1.279166,0.9499515,0.6774598
5.89,15.30728,-0.4613889,0.006,-0.007,1.605082,0.8835657,0.3741778
5.13,15.24397,67.34667,0.221,-0.39,1.048284,0.9838315,1.02296
5.7,15.30681,20.57278,-0.012,-0.02,1.28489,0.9489328,0.6706696
6.51,15.24775,68.94528,0.024,-0.009,1.302141,0.9458218,0.6506131
5.06,15.32189,1.765278,0.374,-0.514,1.053264,0.9832854,1.013674
3.22,15.35619,-40.6475,-0.015,-0.026,0.7435117,0.9904674,1.857505
6.2,15.35981,-40.74972,-0.01,-0.032,0.843752,0.9954435,1.511886
6.48,15.35836,-38.21917,-0.013,-0.041,0.7957208,0.9941736,1.666419
5,15.36897,-47.92778,-0.14,-0.137,1.03347,0.9853959,1.051185
5.65,15.36339,-48.31778,-1.617,-0.277,1.10937,0.9764765,0.9155611
5.67,15.38622,-60.65694,-0.09,-0.02,1.023699,0.9863767,1.070307
6.17,15.34825,-18.15861,-0.011,-0.061,1.313705,0.943703,0.6375007
6.32,15.32506,32.51528,-0.015,0.016,0.9134204,0.9942164,1.318236
6.3,15.35039,-15.54833,0.024,0.026,0.9901823,0.9894148,1.139147
4.51,15.38964,-59.32083,-0.016,-0.038,0.8921627,0.9949391,1.373863
3.56,15.36344,-36.26139,-0.089,-0.084,1.623231,0.8794511,0.3614414
6.35,15.34642,-2.413333,-0.253,-0.177,1.336976,0.9393615,0.611885
5.54,15.35211,-5.824722,-0.05,-0.008,1.325317,0.9415493,0.6245921
3.37,15.37803,-44.68944,-0.019,-0.013,0.7558053,0.9915778,1.810148
5.51,15.33569,29.61611,-0.12,-0.047,1.313705,0.943703,0.6375007
5.35,15.35056,0.7152778,-0.042,-0.106,1.414119,0.924301,0.5336135
6.39,15.35192,24.95778,-0.026,-0.026,1.437773,0.9195387,0.5110475
4.54,15.38594,-36.85861,-0.018,-0.023,0.765365,0.9923371,1.774358
5.89,15.43742,-68.30917,0.121,0.011,1.313705,0.943703,0.6375007
5.02,15.28497,71.82389,0.007,0.011,1.520997,0.9021141,0.4382997
5.66,15.33478,51.95861,0.014,0.012,0.8594694,0.9954634,1.465249
6.19,15.34489,44.43417,0.027,-0.106,0.9808048,0.9901694,1.159356
6.28,15.37311,12.5675,-0.004,-0.004,0.8099886,0.9947508,1.618527
5.37,15.3635,32.93389,-0.051,0.017,0.792227,0.9940051,1.678416
5.37,15.41247,-39.71028,-0.037,-0.047,0.7785514,0.9932398,1.726427
5.72,15.39783,-12.36944,-0.038,-0.039,1.325317,0.9415493,0.6245921
6.12,15.39547,-1.0225,0.076,-0.03,0.9177461,0.9940347,1.307261
7.03,15.4185,-38.16944,-0.01,-0.029,0.8515572,0.9954764,1.488497
4.94,15.40331,-10.32222,-0.067,-0.154,1.004415,0.9881883,1.109282
4.6,15.42228,-38.73361,-0.052,-0.016,0.8172955,0.9949792,1.594669
5.71,15.45919,-64.53139,-0.015,-0.019,1.68409,0.8653929,0.3213205
5.5,15.37706,39.58139,0.002,-0.015,1.653589,0.8724872,0.3409441
5.58,15.38675,30.28778,0.138,-0.187,1.073387,0.9809783,0.977142
6.08,15.38675,30.28778,0.137,-0.187,1.302141,0.9458218,0.6506131
5.57,15.72133,-84.46528,0.131,0.097,0.8594694,0.9954634,1.465249
5.49,15.52522,-73.38944,-0.006,-0.013,0.7752084,0.9930265,1.738424
5.98,15.37703,62.04722,0.01,-0.034,0.8063781,0.9946213,1.630482
6.01,15.40142,45.27111,-0.014,0.008,1.420028,0.9231197,0.5278929
4.31,15.40817,37.37722,-0.146,0.087,0.9442073,0.9926812,1.242528
6.5,15.40858,37.34778,-0.144,0.094,1.078469,0.9803711,0.968162
3.05,15.34547,71.83389,-0.019,0.02,0.836055,0.9953655,1.535403
5.45,15.45506,-36.76778,-0.012,-0.035,0.765365,0.9923371,1.774358
5.79,15.37733,63.34139,-0.013,-0.091,1.461477,0.9146789,0.4893029
6.1,15.47422,-51.5975,-0.007,0.005,1.354547,0.9360177,0.5931965
5.17,15.42983,15.42806,-0.013,-0.007,1.696332,0.8625193,0.3137062
6.27,15.43147,19.48083,-0.057,-0.006,1.08357,0.9797518,0.959243
5.46,15.43817,34.33583,-0.114,0.056,1.538936,0.8982318,0.4238772
5.24,15.49008,-46.73278,-0.01,-0.006,1.745539,0.8508246,0.2845295
5.64,15.47094,-16.71639,0.017,-0.032,1.629291,0.8780689,0.3572699
3.29,15.4155,58.96611,-0.009,0.017,1.395897,0.9279408,0.5512831
6.02,15.46081,25.10167,0.007,-0.014,1.671872,0.8682461,0.3290678
5.17,15.47728,1.842222,-0.083,-0.029,0.9091193,0.9943857,1.329262
3.68,15.46381,29.10583,-0.179,0.086,0.9308688,0.9934145,1.274651
6.45,15.44236,54.02,0.048,-0.019,0.836055,0.9953655,1.535403
6.22,15.51008,-20.72833,0.014,-0.019,0.8838352,0.9951422,1.396449
5.82,15.51122,-16.60944,0.018,0.001,1.336976,0.9393615,0.611885
6.25,15.53456,-38.62306,-0.026,-0.089,0.8963644,0.9948192,1.36264
6.15,15.47903,47.20139,-0.015,-0.002,0.8555,0.9954757,1.476855
6.46,15.53064,-32.88111,-0.012,-0.024,0.8515572,0.9954764,1.488497
6.5,15.46133,62.27556,0.033,-0.024,0.8715355,0.9953564,1.430662
5.9,15.46428,60.67028,-0.019,-0.002,1.562919,0.8929762,0.4052402
6.22,15.52872,-20.16472,-0.075,-0.028,0.9048428,0.9945425,1.340338
6.18,15.65508,-77.91806,-0.085,-0.123,1.420028,0.9231197,0.5278929
6.57,15.51539,8.579167,0.034,-0.003,0.9715175,0.9908733,1.179802
6.43,15.48244,55.195,-0.007,0.036,0.8476411,0.9954656,1.500175
6.46,15.50631,31.28611,-0.024,-0.012,0.8921627,0.9949391,1.373863
6.37,15.50775,36.80417,-0.059,0.023,1.302141,0.9458218,0.6506131
5.52,15.54353,-19.67056,-0.021,-0.035,0.8879863,0.9950467,1.385133
5.02,15.5155,40.83306,0.011,-0.007,1.653589,0.8724872,0.3409441
5.5,15.54867,-16.85278,-0.011,-0.014,0.7686149,0.9925749,1.762392
7,15.55253,-24.48944,-0.003,-0.038,0.9264704,0.9936338,1.285468
6.51,15.60483,-65.61333,-0.092,-0.063,0.9623215,0.9915266,1.200481
5.82,15.56711,-40.06611,-0.055,-0.025,1.708597,0.8596255,0.3062224
6.38,15.48922,62.09972,-0.024,-0.001,1.302141,0.9458218,0.6506131
6.38,15.52289,36.61639,0.006,-0.031,1.03347,0.9853959,1.051185
6.22,15.53603,16.05611,0.001,0.009,0.799244,0.9943325,1.65443
4.11,15.612,-66.31694,0.023,-0.055,1.40184,0.9267572,0.5454844
5.51,15.54942,-1.186389,-0.017,-0.042,1.354547,0.9360177,0.5931965
6.36,15.57247,-39.34944,-0.028,-0.047,0.8063781,0.9946213,1.630482
5.02,15.52972,40.89944,-0.017,-0.009,0.843752,0.9954435,1.511886
5.15,15.57703,-28.04694,0.014,-0.033,1.479292,0.9109711,0.4735113
2.78,15.58569,-41.16694,-0.015,-0.028,0.749593,0.9910358,1.833889
4.62,15.56964,-10.06444,0.309,-0.234,1.307917,0.9447668,0.6440313
4.14,15.54883,31.35917,-0.019,-0.011,0.7718961,0.9928048,1.750413
6.51,15.57244,-5.695,-0.095,0.011,1.073387,0.9809783,0.977142
5.17,15.57406,-9.183333,-0.016,-0.023,0.7853289,0.9936404,1.702421
4.54,15.59811,-44.95861,-0.025,-0.03,0.7558053,0.9915778,1.810148
5.65,15.67256,-73.44667,-0.021,-0.024,0.8027965,0.9944818,1.64245
6.45,15.56467,17.13778,-0.042,-0.038,1.302141,0.9458218,0.6506131
5.43,15.60336,-44.39694,-0.045,-0.057,1.599043,0.8849264,0.3784985
5.79,15.51547,64.20861,-0.117,0.081,1.279166,0.9499515,0.6774598
5.95,15.6985,-76.08194,-0.018,-0.041,0.8027965,0.9944818,1.64245
3.91,15.59211,-14.78944,0.065,0.009,1.307917,0.9447668,0.6440313
3.8,15.58003,10.5375,-0.074,-0.005,0.9220961,0.9938405,1.296338
3.8,15.58003,10.53917,-0.074,0.012,0.9220961,0.9938405,1.296338
6.24,15.60317,-33.09278,-0.016,-0.017,1.302141,0.9458218,0.6506131
6.56,15.58461,1.668889,-0.074,-0.035,0.9308688,0.9934145,1.274651
6.44,15.66986,-70.22778,-0.049,-0.06,0.8476411,0.9954656,1.500175
2.23,15.57814,26.71472,0.121,-0.089,0.8099886,0.9947508,1.618527
3.58,15.61708,-28.135,-0.009,0.003,1.526972,0.9008257,0.4334489
6.12,15.59256,17.65556,-0.079,-0.014,1.267758,0.9519608,0.6911988
6.07,15.59817,11.26556,-0.03,-0.012,1.354547,0.9360177,0.5931965
4.33,15.63422,-42.5675,-0.153,0.057,1.550918,0.8956152,0.4144755
5.44,15.64708,-52.37278,-0.036,-0.035,0.8172955,0.9949792,1.594669
6.51,15.60936,-0.5616667,-0.027,-0.022,1.146286,0.9713996,0.8569388
5.11,15.5875,39.01,0.029,0.006,1.68409,0.8653929,0.3213205
6.19,15.62458,-26.28,-0.01,-0.023,0.8209915,0.9950778,1.582768
5.26,15.60822,10.01,0.045,-0.129,1.273455,0.9509609,0.6843027
5.95,15.66569,-59.90833,-0.122,-0.22,1.023699,0.9863767,1.070307
5.93,15.60814,16.11889,0.076,-0.007,0.9352911,0.9931827,1.263889
6.57,15.64242,-39.16083,-0.013,-0.032,0.792227,0.9940051,1.678416
5.78,15.63003,-23.14167,-0.022,-0.08,1.360425,0.934887,0.587065
6.04,15.64508,-39.12806,0.023,-0.008,0.9005912,0.994687,1.351465
6.42,15.59703,38.37389,0.029,-0.006,1.302141,0.9458218,0.6506131
6.32,15.63769,-28.20667,0.003,-0.026,1.40184,0.9267572,0.5454844
5.84,15.63786,-21.01611,0.068,-0.06,1.348679,0.9371404,0.5993768
5.97,15.58786,53.92194,-0.011,-0.004,1.407792,0.9255665,0.539732
3.66,15.64428,-29.77778,-0.015,-0.03,0.75896,0.9918383,1.798239
6.52,15.61483,29.99111,0.087,-0.06,1.302141,0.9458218,0.6506131
5.38,15.64847,-19.30194,0.085,-0.076,1.222698,0.9596106,0.7483163
6.5,15.64444,-8.794444,0.022,-0.014,1.048284,0.9838315,1.02296
6.48,15.64447,-8.791111,0.028,-0.018,1.043325,0.9843654,1.032307
6.74,15.60114,52.06972,-0.022,0.082,0.9487008,0.9924115,1.231931
5.74,15.59919,54.63056,-0.035,-0.01,1.302141,0.9458218,0.6506131
6.34,15.65592,-23.15028,-0.036,-0.029,0.8247156,0.9951659,1.57089
4.67,15.66278,-34.41194,0.004,-0.015,1.296378,0.9468679,0.6572466
6.23,15.68286,-47.73556,-0.027,-0.025,1.677979,0.8668221,0.3251773
6.34,15.67094,-31.21361,-0.061,-0.02,1.556916,0.8942985,0.4098373
5.24,15.63044,40.35333,0.063,0.062,1.233874,0.9577577,0.733708
4.96,15.67136,-23.81806,-0.013,-0.012,1.497141,0.9072102,0.4581465
4.64,15.68647,-44.66111,-0.177,-0.262,0.9854823,0.9897984,1.149222
4.96,15.52358,77.34944,-0.049,0.01,1.647506,0.8738905,0.3449722
6.11,15.64692,34.675,-0.006,-0.016,1.313705,0.943703,0.6375007
5.87,15.62556,54.50889,-0.037,-0.015,1.342822,0.9382551,0.6056062
6.58,15.48639,80.44861,-0.228,0.113,1.119825,0.9750837,0.8985121
5.75,15.63783,46.79778,0.09,-0.126,0.966908,0.9912063,1.190112
6.25,15.66956,12.05306,-0.007,-0.007,1.267758,0.9519608,0.6911988
6.04,15.71033,-49.48944,-0.004,-0.018,1.485238,0.9097234,0.468343
6,15.65617,36.63667,-0.014,-0.013,1.302141,0.9458218,0.6506131
5.07,15.65631,36.63583,-0.013,-0.006,0.7752084,0.9930265,1.738424
5.84,15.64286,50.42333,0.005,-0.038,1.206051,0.962313,0.7706477
6.48,15.73197,-60.28722,-0.017,-0.005,1.331141,0.9404596,0.6182135
5.24,15.71064,-37.425,-0.048,-0.021,1.290627,0.9479049,0.663932
4.74,15.69911,-19.67889,-0.037,-0.103,1.641429,0.8752886,0.3490357
4.75,15.71139,-34.71056,-0.021,-0.029,0.7686149,0.9925749,1.762392
6.01,15.68311,16.02472,0.028,-0.013,1.24511,0.9558647,0.7193206
6.45,15.65264,57.92444,-0.005,0.011,1.354547,0.9360177,0.5931965
4.52,15.69253,19.67028,-0.057,-0.046,0.8322476,0.9953098,1.547205
5.33,15.6965,12.8475,0.04,-0.003,0.8322476,0.9953098,1.547205
5.62,15.62753,69.28333,-0.047,0.058,1.509061,0.9046737,0.4481333
5.81,15.69853,18.46389,-0.072,0.053,0.8963644,0.9948192,1.36264
5.94,15.73961,-41.81944,-0.028,-0.047,0.8172955,0.9949792,1.594669
6.31,15.72358,-15.04333,-0.004,-0.096,1.395897,0.9279408,0.5512831
5.41,15.73456,-15.67278,-0.034,-0.066,0.9091193,0.9943857,1.329262
3.84,15.71239,26.29556,-0.105,0.045,0.8172955,0.9949792,1.594669
6.48,15.71961,13.66778,-0.01,-0.032,1.222698,0.9596106,0.7483163
6.18,15.79822,-65.4425,-0.005,-0.042,0.9048428,0.9945425,1.340338
6.39,15.79825,-65.4425,-0.005,-0.042,0.9134204,0.9942164,1.318236
5.88,15.73383,2.515,-0.054,-0.151,1.12508,0.9743699,0.8900779
2.65,15.73781,6.425556,0.137,0.047,1.40184,0.9267572,0.5454844
5.56,15.73314,32.51583,-0.032,-0.01,1.336976,0.9393615,0.611885
6.51,15.77022,-28.06167,-0.067,-0.026,0.9487008,0.9924115,1.231931
5.51,15.71408,52.36083,-0.067,0.032,0.792227,0.9940051,1.678416
6.14,15.74503,17.26417,-0.026,0,0.8172955,0.9949792,1.594669
5.58,15.75653,5.446944,0.027,-0.015,0.8322476,0.9953098,1.547205
5.61,15.77894,-34.6825,-0.021,-0.028,0.7785514,0.9932398,1.726427
6.33,15.76103,0.8913889,0.043,0.008,1.414119,0.924301,0.5336135
6.42,15.79039,-40.19417,-0.176,-0.037,1.233874,0.9577577,0.733708
5.4,15.76822,-1.804444,-0.027,-0.038,0.8063781,0.9946213,1.630482
6.01,15.79139,-37.91639,-0.43,-0.217,1.146286,0.9713996,0.8569388
6.07,15.81397,-52.43806,-0.007,-0.002,1.526972,0.9008257,0.4334489
6.24,15.77928,-6.120278,-0.009,-0.002,1.40184,0.9267572,0.5454844
3.67,15.76981,15.42194,0.067,-0.045,0.8398899,0.9954101,1.523629
4.43,15.77406,7.353056,-0.223,-0.067,1.08357,0.9797518,0.959243
5.77,15.83525,-53.20944,-0.048,-0.03,0.788763,0.9938273,1.690417
5.71,15.78814,14.11528,-0.06,0.039,0.8515572,0.9954764,1.488497
5.84,15.83264,-48.91194,-0.032,-0.001,0.843752,0.9954435,1.511886
6.12,15.83786,-45.40167,0.045,-0.033,0.9352911,0.9931827,1.263889
5.73,15.85189,-55.05583,-0.001,-0.014,0.8398899,0.9954101,1.523629
6,15.80369,13.78861,-0.006,-0.116,1.449618,0.9171209,0.5000749
5.53,15.81578,-3.818611,-0.033,0.009,0.8634652,0.9954395,1.45368
6.54,15.88242,-65.1525,0.035,0.008,0.8921627,0.9949391,1.373863
6.44,15.80056,31.73583,0.032,-0.041,1.302141,0.9458218,0.6506131
5.92,15.77633,55.47472,-0.125,0.076,1.532952,0.8995316,0.4286416
4.09,15.81233,18.14167,-0.051,-0.088,1.671872,0.8682461,0.3290678
5.85,15.80956,28.15667,-0.002,-0.015,1.173196,0.967433,0.8168453
3.53,15.827,-3.430278,-0.086,-0.024,0.8027965,0.9944818,1.64245
6.01,15.85875,-47.06056,-0.112,-0.03,1.395897,0.9279408,0.5512831
3.95,15.84931,-33.62722,-0.006,-0.03,0.8027965,0.9944818,1.64245
6.19,15.88967,-62.60694,-0.011,-0.023,1.580958,0.888976,0.3916917
4.64,15.84964,-25.75139,-0.018,-0.024,0.799244,0.9943325,1.65443
5.19,15.77778,62.59944,0.039,-0.055,0.8322476,0.9953098,1.547205
5.86,15.79389,55.37667,0.011,0.01,0.9177461,0.9940347,1.307261
5.23,15.83819,2.196389,0.031,-0.051,1.313705,0.943703,0.6375007
4.63,15.82658,26.06833,-0.076,-0.063,1.189549,0.9649212,0.7934883
6.6,15.88097,-50.61528,0.015,0.011,1.617176,0.880828,0.3656496
5.09,15.92489,-68.60306,-0.012,-0.003,1.378119,0.9314479,0.5689601
3.71,15.84694,4.477778,0.128,0.063,0.8756096,0.995297,1.419215
6.4,15.87022,-29.88667,-0.135,-0.089,1.290627,0.9479049,0.663932
5.2,15.84492,15.13361,-0.005,-0.041,1.302141,0.9458218,0.6506131
5.11,15.85433,-3.090556,-0.087,-0.027,0.8634652,0.9954395,1.45368
6.19,15.86067,-14.13361,-0.026,-0.005,1.302141,0.9458218,0.6506131
2.85,15.91903,-63.43056,-0.191,-0.398,0.9352911,0.9931827,1.263889
6.15,15.91461,-60.74333,-0.009,0.003,0.8555,0.9954757,1.476855
4.76,15.85442,20.97778,-0.053,0.019,1.623231,0.8794511,0.3614414
5.77,15.92564,-60.17778,-0.052,-0.075,0.9623215,0.9915266,1.200481
4.82,15.85386,35.6575,-0.007,-0.347,1.302141,0.9458218,0.6506131
5.03,15.88892,-20.16722,-0.011,-0.023,0.8136278,0.9948701,1.606589
4.32,15.73431,77.79444,0.02,-0.001,0.8322476,0.9953098,1.547205
4.59,15.89353,-25.32722,-0.016,-0.025,0.792227,0.9940051,1.678416
5.76,15.935,-60.48278,-0.034,-0.081,0.8398899,0.9954101,1.523629
5.39,15.89828,-24.53306,-0.024,-0.023,0.8099886,0.9947508,1.618527
5.42,15.89883,-23.97806,-0.015,-0.025,0.8027965,0.9944818,1.64245
4.15,15.89708,-16.72944,0.099,0.133,1.313705,0.943703,0.6375007
6.36,15.88228,17.40361,-0.041,0.002,1.302141,0.9458218,0.6506131
6.14,15.90833,-27.33861,-0.025,-0.023,0.792227,0.9940051,1.678416
6.1,15.88669,13.19667,-0.151,-0.561,1.08357,0.9797518,0.959243
5.87,15.91097,-25.24361,-0.013,-0.022,0.7957208,0.9941736,1.666419
6.09,15.89303,16.075,0.027,-0.02,1.302141,0.9458218,0.6506131
4.62,15.87792,42.45167,0.44,0.632,1.063285,0.9821562,0.9952854
5.94,15.91675,-19.38306,-0.016,-0.02,0.8136278,0.9948701,1.606589
6.21,15.92511,-31.08361,0.014,0.024,1.520997,0.9021141,0.4382997
5.62,15.92503,-26.26583,-0.045,-0.021,0.8756096,0.995297,1.419215
6.03,15.93514,-39.86417,-0.035,-0.018,0.8756096,0.995297,1.419215
6.29,15.91119,8.580278,0.002,0.002,0.8879863,0.9950467,1.385133
5.75,15.98281,-65.03778,-0.013,-0.019,0.7957208,0.9941736,1.666419
6.31,15.95106,-48.16222,-0.109,-0.095,0.9761498,0.9905277,1.16955
5.81,15.87128,55.82667,-0.023,0.057,1.279166,0.9499515,0.6774598
6.29,15.93719,-31.78583,0.036,0.001,0.9996489,0.9886097,1.119177
5.44,15.90961,20.31083,-0.082,0.043,1.653589,0.8724872,0.3409441
5.12,15.94819,-33.96639,0.018,-0.042,0.8634652,0.9954395,1.45368
5.62,15.94839,-33.96417,0.02,-0.039,0.836055,0.9953655,1.535403
6.37,15.93733,-14.39944,0.031,-0.073,1.023699,0.9863767,1.070307
3.88,15.94808,-29.21417,-0.013,-0.025,0.749593,0.9910358,1.833889
5.8,15.95592,-36.185,-0.018,-0.002,1.307917,0.9447668,0.6440313
6.13,15.94261,-14.82917,0.069,-0.027,0.9091193,0.9943857,1.329262
6.26,15.92772,18.62056,-0.014,-0.015,0.7785514,0.9932398,1.726427
5.37,15.91053,43.13861,-0.032,0.065,1.690208,0.8639587,0.3174968
3.85,15.94089,15.66167,0.312,-1.281,1.023699,0.9863767,1.070307
5.85,15.96122,-20.98306,-0.016,-0.018,0.8247156,0.9951659,1.57089
6.31,15.97519,-37.50306,-0.025,-0.002,1.307917,0.9447668,0.6440313
5.45,15.92989,37.94694,0.031,0.083,0.9532177,0.9921292,1.221391
6.1,15.99833,-54.02111,-0.023,-0.017,0.8172955,0.9949792,1.594669
5.75,15.92517,42.56611,-0.025,0.015,0.7785514,0.9932398,1.726427
6.41,16.01964,-63.77667,-0.009,-0.003,1.17863,0.9666066,0.8090019
5.54,15.95406,14.41444,-0.121,0.087,1.384036,0.9302863,0.5630207
4.88,15.96983,-14.27944,-0.012,-0.015,0.781925,0.9934445,1.714426
5.43,15.97633,-24.83139,-0.014,-0.018,0.7853289,0.9936404,1.702421
4.99,15.99175,-41.74444,-0.04,-0.018,1.302141,0.9458218,0.6506131
2.89,15.98086,-26.11417,-0.011,-0.026,0.7526829,0.9913102,1.822032
6.49,15.99944,-40.65278,0.021,0.008,1.611126,0.8821995,0.369895
6.13,16.01844,-54.57778,-0.043,-0.039,0.9177461,0.9940347,1.307261
4.15,15.95981,26.87778,-0.076,-0.061,1.437773,0.9195387,0.5110475
3.41,16.00203,-38.39694,-0.022,-0.032,0.7435117,0.9904674,1.857505
6.31,15.93047,58.91167,-0.024,0.022,0.8099886,0.9947508,1.618527
6.31,15.95831,39.69528,-0.063,0.06,1.342822,0.9382551,0.6056062
6.25,16.04789,-62.54167,-0.042,-0.023,0.8027965,0.9944818,1.64245
6.21,16.01492,-40.43528,0.014,0.037,0.8209915,0.9950778,1.582768
2.32,16.00556,-22.62167,-0.012,-0.022,0.7752084,0.9930265,1.738424
5.47,16.00544,-16.53333,-0.63,-0.394,1.043325,0.9843654,1.032307
5.7,16.09883,-72.40083,-0.037,0.069,1.40184,0.9267572,0.5454844
6.33,16.02208,-31.88944,0.01,-0.004,1.568927,0.8916483,0.4006839
5.62,15.98269,36.64389,0.022,0.029,1.59301,0.8862817,0.3828574
2,15.99172,25.92028,-0.005,0.013,0.8555,0.9954757,1.476855
5.55,16.01322,-8.411389,-0.014,-0.013,0.836055,0.9953655,1.535403
4.95,15.96317,54.74972,-0.15,0.11,0.9220961,0.9938405,1.296338
4.63,16.05886,-57.77528,-0.124,-0.085,0.9134204,0.9942164,1.318236
4.65,16.05358,-49.22972,0.043,0.01,1.256405,0.9539321,0.7051516
5.83,16.01419,4.4275,-0.041,0.075,1.302141,0.9458218,0.6506131
6.05,15.98456,49.88111,0.023,-0.041,0.9352911,0.9931827,1.263889
6.03,16.04428,-29.13583,0.036,-0.013,1.485238,0.9097234,0.468343
5.12,16.02064,17.81833,-0.048,0.157,1.296378,0.9468679,0.6572466
4.89,16.05672,-38.6025,-0.016,-0.027,0.7686149,0.9925749,1.762392
5.41,16.01742,33.30361,-0.192,-0.766,1.08357,0.9797518,0.959243
5,16.05572,-25.86528,-0.071,-0.038,1.431855,0.9207385,0.5166105
6.01,16.05953,-32.00056,-0.044,-0.028,1.018846,0.9868484,1.07996
4.99,16.02406,29.85111,-0.039,-0.009,0.792227,0.9940051,1.678416
4.83,16.03825,22.80444,0.002,0.028,0.843752,0.9954435,1.511886
6.21,16.06519,-24.72639,0.001,0.009,1.526972,0.9008257,0.4334489
6.1,16.07161,-33.21444,-0.031,-0.055,0.957758,0.9918342,1.210907
5.9,16.07686,-37.86306,-0.137,-0.117,0.9854823,0.9897984,1.149222
6.08,16.06269,4.986667,-0.041,0.012,1.279166,0.9499515,0.6774598
5.07,16.07281,-11.37306,-0.06,-0.029,1.302141,0.9458218,0.6506131
4.77,16.07281,-11.37306,-0.06,-0.029,1.018846,0.9868484,1.07996
6.16,16.12333,-56.19139,-0.003,-0.011,1.073387,0.9809783,0.977142
4.72,16.10817,-45.17333,0.002,0.028,0.9091193,0.9943857,1.329262
5.93,16.03486,52.91583,-0.002,-0.034,1.586981,0.8876316,0.387255
4.76,16.04664,46.03667,0.059,-0.058,0.7785514,0.9932398,1.726427
5.83,16.05539,36.63167,0.01,-0.017,1.063285,0.9821562,0.9952854
2.62,16.09061,-19.80556,-0.006,-0.019,0.792227,0.9940051,1.678416
4.92,16.09069,-19.80194,-0.019,-0.02,0.8099886,0.9947508,1.618527
4.01,16.03147,58.56528,-0.32,0.335,1.043325,0.9843654,1.032307
4.23,16.10986,-36.80222,-0.017,-0.029,0.75896,0.9918383,1.798239
5.92,16.10175,-23.60639,-0.013,-0.028,0.788763,0.9938273,1.690417
6.53,16.09569,-6.291667,0.037,-0.008,1.023699,0.9863767,1.070307
6.41,16.09994,-6.139444,-0.03,0.004,1.319505,0.9426305,0.6310211
5.73,16.12122,-36.75556,0.066,-0.043,0.9352911,0.9931827,1.263889
6.29,16.09383,8.096111,-0.009,-0.002,0.8476411,0.9954656,1.500175
3.96,16.11344,-20.66917,-0.009,-0.021,0.8027965,0.9944818,1.64245
5.57,16.15517,-57.93444,-0.013,-0.063,0.8027965,0.9944818,1.64245
6.19,16.05258,59.41083,-0.023,-0.022,1.647506,0.8738905,0.3449722
6.32,16.11761,-14.07083,-0.258,0.024,1.114588,0.9757859,0.9070064
4.32,16.12342,-20.86861,0.041,-0.038,1.211584,0.9614226,0.7631477
6.33,16.13108,-24.46194,-0.011,-0.007,0.7957208,0.9941736,1.666419
7.05,16.14283,-39.10528,-0.019,-0.031,0.966908,0.9912063,1.190112
6.65,16.14289,-39.09306,-0.027,-0.035,0.792227,0.9940051,1.678416
5.38,16.13544,-26.32667,0.108,-0.003,1.690208,0.8639587,0.3174968
5.78,16.12678,-12.74556,-0.045,-0.029,0.8209915,0.9950778,1.582768
5.88,16.14547,-23.68556,-0.009,-0.025,0.8247156,0.9951659,1.57089
5.63,16.12708,9.891667,-0.021,-0.004,0.8963644,0.9948192,1.36264
6.14,16.12283,21.8225,-0.013,-0.041,1.520997,0.9021141,0.4382997
6.19,16.15881,-32.64972,-0.026,-0.053,1.184081,0.9657693,0.8012163
5.54,16.16461,-33.54583,-0.023,-0.042,0.781925,0.9934445,1.714426
5,16.13458,17.04694,-0.032,-0.007,1.273455,0.9509609,0.6843027
6.25,16.13469,17.05444,-0.031,-0.028,1.384036,0.9302863,0.5630207
5.73,16.14111,8.534167,-0.017,-0.01,1.665772,0.869665,0.3329922
5.91,16.14969,3.454444,-0.028,0.016,1.580958,0.888976,0.3916917
6.47,16.16533,-18.34083,-0.084,-0.076,1.004415,0.9881883,1.109282
6.14,16.14628,17.20583,-0.021,-0.026,0.8172955,0.9949792,1.594669
5.97,16.15311,6.378889,0.236,-0.738,1.302141,0.9458218,0.6506131
5.86,16.18825,-41.11972,-0.077,-0.127,0.9264704,0.9936338,1.285468
5.37,16.16403,-3.466944,-0.03,-0.007,1.568927,0.8916483,0.4006839
5.13,16.18389,-29.41639,-0.093,-0.087,1.372211,0.932602,0.5749471
4.76,16.14953,36.49083,-0.053,0.333,1.307917,0.9447668,0.6440313
5.81,16.22294,-55.54083,-0.105,-0.043,0.957758,0.9918342,1.210907
4.68,16.33911,-78.69583,-0.014,-0.035,1.714739,0.8581711,0.3025287
5.27,16.34078,-78.66722,-0.007,-0.025,1.544924,0.8969263,0.4191554
5.83,16.22133,-53.67167,-0.017,-0.016,1.882893,0.8170953,0.2138694
4.26,16.14617,44.935,-0.025,0.038,0.792227,0.9940051,1.678416
4.94,16.22464,-54.63056,-0.002,-0.024,1.325317,0.9415493,0.6245921
5.44,16.10547,67.81028,-0.035,0.066,0.8099886,0.9947508,1.618527
6.3,16.19961,-19.44972,-0.01,-0.009,0.8674873,0.9954039,1.442151
4.01,16.19992,-19.46056,-0.01,-0.023,0.8322476,0.9953098,1.547205
4.59,16.20506,-27.92639,-0.013,-0.025,0.7621466,0.9920915,1.786308
5.67,16.20442,-28.4175,-0.032,-0.043,0.8209915,0.9950778,1.582768
3.85,16.25731,-63.68556,0.002,-0.011,1.366313,0.9337484,0.580982
4.94,16.2,-10.06417,-0.001,-0.014,0.8515572,0.9954764,1.488497
6.53,16.19158,9.7125,0.014,-0.005,0.9134204,0.9942164,1.318236
5.43,16.20203,-8.5475,0.042,0.003,0.8634652,0.9954395,1.45368
5.56,16.05869,76.79361,-0.021,0.016,1.302141,0.9458218,0.6506131
6.08,16.19131,16.66556,0.003,0.004,0.8247156,0.9951659,1.57089
6.33,16.15081,57.93778,-0.024,0.022,1.302141,0.9458218,0.6506131
5.75,16.28486,-67.94139,-0.046,-0.094,0.8756096,0.995297,1.419215
6.49,16.15722,55.82889,-0.033,0.025,1.302141,0.9458218,0.6506131
5.7,16.19389,23.49472,-0.029,-0.012,1.635357,0.8766814,0.3531348
5.63,16.26381,-57.91222,-0.022,-0.048,0.8715355,0.9953564,1.430662
6.25,16.21569,-4.220833,-0.032,-0.015,0.8674873,0.9954039,1.442151
6.41,16.22936,-24.42194,0.013,-0.013,0.8322476,0.9953098,1.547205
6.29,16.19436,33.3425,0.015,0.01,1.420028,0.9231197,0.5278929
5.92,16.23953,-33.01139,-0.015,-0.034,1.313705,0.943703,0.6375007
5.14,16.25425,-47.37222,-0.032,-0.051,0.7718961,0.9928048,1.750413
5.63,16.19667,36.425,-0.011,-0.036,1.503099,0.9059449,0.4531172
5.48,16.22094,5.021111,0.04,-0.007,1.580958,0.888976,0.3916917
5.22,16.23081,-11.8375,-0.01,-0.006,1.550918,0.8956152,0.4144755
6.14,16.25667,-42.89972,-0.026,-0.009,1.366313,0.9337484,0.580982
5.87,16.19656,42.37444,-0.006,0.027,1.568927,0.8916483,0.4006839
6.41,16.24133,-21.1075,-0.027,-0.026,0.8136278,0.9948701,1.606589
6.5,16.21258,26.67083,0.049,-0.025,0.9808048,0.9901694,1.159356
6.32,16.24419,-18.53528,-0.106,-0.109,1.354547,0.9360177,0.5931965
6.05,16.24822,-25.47694,0.007,-0.019,0.8322476,0.9953098,1.547205
5.44,16.27864,-53.81111,-0.006,0.004,1.739367,0.8523037,0.2880677
2.74,16.23908,-3.694444,-0.044,-0.143,1.647506,0.8738905,0.3449722
6.31,16.23708,5.901944,0.029,-0.012,1.389962,0.9291172,0.5571284
4.99,16.28358,-50.06833,-0.005,-0.004,1.189549,0.9649212,0.7934883
6.33,16.28914,-53.08667,-0.059,-0.058,0.9264704,0.9936338,1.285468
5.5,16.26036,-8.369444,0.234,-0.501,1.10937,0.9764765,0.9155611
6.09,16.26431,-14.84917,0.009,0.004,0.8398899,0.9954101,1.523629
6.49,16.31442,-57.89972,0,-0.001,1.302141,0.9458218,0.6506131
5.64,16.24467,33.85861,-0.271,-0.079,1.038387,0.9848868,1.041715
6.66,16.24467,33.85833,-0.271,-0.079,1.302141,0.9458218,0.6506131
5.69,16.25797,18.80833,-0.064,-0.077,1.372211,0.932602,0.5749471
6.61,16.283,-21.30389,-0.015,-0.016,0.8247156,0.9951659,1.57089
6.18,16.28203,-3.953333,0.04,0.009,0.9442073,0.9926812,1.242528
6.14,16.26317,27.42222,-0.029,-0.033,1.485238,0.9097234,0.468343
6.21,16.20697,67.14417,-0.023,-0.043,1.296378,0.9468679,0.6572466
4.78,16.30497,-28.61389,-0.028,-0.099,0.8247156,0.9951659,1.57089
5.45,16.32158,-42.67389,0.016,-0.011,0.8555,0.9954757,1.476855
4.02,16.33067,-50.15556,-0.155,-0.053,1.348679,0.9371404,0.5993768
5.77,16.34033,-55.14,0.019,-0.021,1.28489,0.9489328,0.6706696
5.78,16.27911,29.15028,0.023,-0.016,0.843752,0.9954435,1.511886
3.24,16.30536,-4.6925,0.085,0.041,1.279166,0.9499515,0.6774598
6.29,16.31881,-20.21778,0.011,-0.005,1.348679,0.9371404,0.5993768
5.49,16.32575,-30.90667,0.085,0.023,1.018846,0.9868484,1.07996
5.94,16.31678,-14.8725,-0.028,0.015,1.611126,0.8821995,0.369895
5.48,16.18042,75.8775,-0.001,0.013,0.7785514,0.9932398,1.726427
6.12,16.34239,-39.43083,-0.012,-0.064,0.792227,0.9940051,1.678416
4.55,16.34394,-24.16944,-0.003,-0.023,1.211584,0.9614226,0.7631477
6.39,16.20894,75.21056,-0.041,0.034,1.302141,0.9458218,0.6506131
5.33,16.37444,-49.57222,-0.011,-0.024,0.8027965,0.9944818,1.64245
2.89,16.35314,-25.59278,-0.01,-0.021,0.8674873,0.9954039,1.442151
5.88,16.37469,-43.91222,-0.027,-0.014,1.395897,0.9279408,0.5512831
5.4,16.28758,59.755,0.007,0.028,1.677979,0.8668221,0.3251773
6.05,16.33453,21.1325,-0.017,-0.05,1.267758,0.9519608,0.6911988
5.98,16.24264,73.395,-0.005,0.04,0.8476411,0.9954656,1.500175
6.15,16.42278,-63.12472,-0.027,0.023,0.8284677,0.9952433,1.559035
5.91,16.31978,49.03806,-0.023,0.033,1.520997,0.9021141,0.4382997
5.46,16.33197,39.70861,-0.132,0.004,0.9854823,0.9897984,1.149222
3.89,16.329,46.31333,-0.011,0.04,0.765365,0.9923371,1.774358
4.82,16.36789,1.029167,-0.155,0.05,0.957758,0.9918342,1.210907
5.4,16.40036,-39.19306,0.075,0.001,1.093832,0.9784774,0.941588
3.75,16.36533,19.15306,-0.047,0.043,0.9264704,0.9936338,1.285468
6.23,16.37747,-2.079722,-0.013,0.003,0.843752,0.9954435,1.511886
6.47,16.39908,-33.19944,-0.016,-0.031,0.8209915,0.9950778,1.582768
4.91,16.47447,-70.08444,0.196,0.108,1.058264,0.9827269,1.004449
6.33,16.41506,-45.34917,0.024,-0.001,0.8921627,0.9949391,1.373863
5.42,16.40881,-37.56583,-0.02,-0.024,0.7785514,0.9932398,1.726427
6.41,16.30261,68.55444,-0.044,0.047,1.302141,0.9458218,0.6506131
3.89,16.5575,-78.89722,-0.131,-0.076,1.250751,0.9549033,0.7122089
4.85,16.36828,30.89194,-0.096,0.109,1.28489,0.9489328,0.6706696
4.5,16.40172,-20.0375,-0.027,-0.047,1.307917,0.9447668,0.6440313
6.63,16.411,-29.70333,0.063,-0.102,1.078469,0.9803711,0.968162
5.84,16.41103,-29.70472,0.066,-0.08,1.078469,0.9803711,0.968162
5.2,16.37261,33.79917,0.007,-0.037,1.659678,0.8710787,0.3369508
5.39,16.37478,33.70361,-0.007,0.059,1.617176,0.880828,0.3656496
5.27,16.46592,-64.05806,0.046,0.027,0.966908,0.9912063,1.190112
6.4,16.38236,32.33306,0.023,-0.007,0.8476411,0.9954656,1.500175
5.85,16.403,6.948056,0.003,0.014,0.8136278,0.9948701,1.606589
5.02,16.42644,-23.44722,0.002,-0.018,0.9134204,0.9942164,1.318236
5.92,16.42642,-23.44611,-0.007,-0.017,1.302141,0.9458218,0.6506131
5.69,16.47089,-58.59972,-0.021,-0.038,0.8172955,0.9949792,1.594669
4.47,16.45308,-47.555,-0.005,-0.03,0.792227,0.9940051,1.678416
4.95,16.29175,75.75528,-0.085,0.252,0.9715175,0.9908733,1.179802
4.57,16.42361,14.03333,0.044,-0.059,0.8172955,0.9949792,1.594669
4.42,16.45039,-18.45639,-0.002,-0.022,0.9308688,0.9934145,1.274651
6.7,16.42992,18.8925,0.022,-0.003,1.302141,0.9458218,0.6506131
6.06,16.49583,-57.75583,-0.018,0.015,1.586981,0.8876316,0.387255
6.11,16.43653,11.4075,-0.031,0.014,1.319505,0.9426305,0.6310211
5.79,16.47075,-37.17944,0.033,-0.008,1.360425,0.934887,0.587065
5.54,16.42339,37.39389,0.006,-0.012,0.8838352,0.9951422,1.396449
6.07,16.44725,2.3475,0.023,-0.027,1.256405,0.9539321,0.7051516
5.2,16.51372,-61.63361,-0.013,-0.013,1.437773,0.9195387,0.5110475
5.25,16.36353,69.10944,-0.019,-0.004,1.372211,0.932602,0.5749471
5.74,16.40703,55.205,0.012,0.023,0.8172955,0.9949792,1.594669
5.23,16.46208,-7.598056,0.014,-0.155,1.733201,0.853778,0.2916365
4.63,16.46336,-8.371667,-0.087,0.021,0.8838352,0.9951422,1.396449
5.67,16.39639,61.69667,-0.037,0.034,1.279166,0.9499515,0.6774598
5.35,16.49508,-46.24333,-0.001,-0.005,1.063285,0.9821562,0.9952854
2.74,16.39986,61.51417,-0.017,0.061,1.250751,0.9549033,0.7122089
6.57,17.26647,-87.56639,-0.119,-0.155,1.250751,0.9549033,0.7122089
0.96,16.49011,-26.43194,-0.01,-0.02,1.801366,0.8372963,0.2540131
5.5,16.57203,-70.98806,-0.017,-0.013,1.431855,0.9207385,0.5166105
5.39,16.47611,0.665,0.004,-0.067,1.57494,0.8903149,0.3961679
6.48,16.48025,-8.128889,-0.058,-0.073,0.9854823,0.9897984,1.149222
6.57,16.76489,-83.23889,0.009,0.013,1.641429,0.8752886,0.3490357
6.04,17.01625,-86.36444,0.005,-0.001,0.836055,0.9953655,1.535403
5.68,16.49636,-14.55083,0.037,0.014,1.200534,0.963193,0.7782043
4.79,16.50344,-25.115,-0.008,-0.022,0.7785514,0.9932398,1.726427
5.33,16.52825,-41.81694,-0.016,0,0.9532177,0.9921292,1.221391
4.23,16.52303,-34.70444,-0.009,-0.017,0.7621466,0.9920915,1.786308
6.5,16.50831,-7.515,-0.015,-0.011,0.9715175,0.9908733,1.179802
6.1,16.523,-26.53778,-0.029,-0.034,1.348679,0.9371404,0.5993768
5.04,16.47736,41.88167,0.03,-0.009,1.611126,0.8821995,0.369895
4.28,16.51897,-16.61278,-0.051,-0.035,1.256405,0.9539321,0.7051516
2.77,16.50367,21.48972,-0.098,-0.015,1.267758,0.9519608,0.6911988
3.82,16.51522,1.983889,-0.027,-0.073,0.8209915,0.9950778,1.582768
6.29,16.47872,51.40778,0.034,0.006,1.331141,0.9404596,0.6182135
5.52,16.59578,-65.49528,0.032,-0.029,1.262074,0.9529513,0.6981484
5.25,16.50933,20.47917,-0.078,-0.063,1.47335,0.912213,0.4787271
4.45,16.53561,-21.46639,0.028,0.039,0.8674873,0.9954039,1.442151
5.76,16.52039,22.19528,-0.012,0.003,1.665772,0.869665,0.3329922
4.94,16.56806,-44.04528,0.005,-0.004,0.836055,0.9953655,1.535403
6.45,16.50167,48.96083,-0.048,-0.062,0.8284677,0.9952433,1.559035
6.25,16.51744,35.225,-0.008,-0.016,1.68409,0.8653929,0.3213205
5.63,16.54325,5.521111,0.015,0.001,0.7957208,0.9941736,1.666419
4.84,16.54342,11.48806,-0.18,-0.078,1.59301,0.8862817,0.3828574
6.46,16.58553,-45.24472,-0.022,-0.073,1.503099,0.9059449,0.4531172
5,16.46639,68.76806,-0.025,0.036,0.7957208,0.9941736,1.666419
5.65,16.52981,45.59833,-0.007,0.043,0.8634652,0.9954395,1.45368
4.24,16.71794,-77.5175,-0.287,-0.35,1.336976,0.9393615,0.611885
5.47,16.60625,-42.85889,-0.006,-0.009,0.9854823,0.9897984,1.149222
2.82,16.59806,-28.21611,-0.008,-0.022,0.7346401,0.9895696,1.892639
4.16,16.60625,-35.25556,0.022,0,1.641429,0.8752886,0.3490357
6.18,16.64797,-60.99028,-0.005,-0.023,0.788763,0.9938273,1.690417
4.2,16.56839,42.43694,-0.011,0.046,0.8136278,0.9948701,1.606589
6.41,16.59064,17.05722,-0.007,-0.004,0.836055,0.9953655,1.535403
5.94,16.54047,60.82333,0.022,-0.01,0.8247156,0.9951659,1.57089
5.75,16.60597,-2.324722,0.458,-0.31,1.200534,0.963193,0.7782043
5.91,16.68981,-68.29611,-0.006,-0.012,0.788763,0.9938273,1.690417
5.56,16.42864,78.96389,-0.115,0.108,0.9220961,0.9938405,1.296338
5.83,16.64061,-43.39861,-0.022,-0.027,0.8099886,0.9947508,1.618527
2.56,16.61931,-10.56722,0.014,0.026,0.8247156,0.9951659,1.57089
6.3,16.61194,15.49806,-0.009,-0.008,0.7785514,0.9932398,1.726427
6.18,16.68069,-60.44611,0.051,-0.07,1.023699,0.9863767,1.070307
5.91,16.65144,-37.2175,-0.012,-0.047,0.8172955,0.9949792,1.594669
6.09,16.63378,-6.538056,-0.007,-0.008,0.8797096,0.9952256,1.40781
6.3,16.52447,72.61194,-0.043,0.041,1.491187,0.9084697,0.4632215
6.31,16.63,13.68694,-0.035,-0.063,0.9901823,0.9894148,1.139147
6.03,16.72281,-67.4325,0.012,-0.037,0.8247156,0.9951659,1.57089
5.79,16.60311,46.61333,-0.011,0.004,1.325317,0.9415493,0.6245921
5.53,16.60319,52.90028,-0.009,0.033,0.792227,0.9940051,1.678416
5.08,16.60381,52.92444,-0.009,0.027,0.8027965,0.9944818,1.64245
6.53,16.60392,52.92417,-0.009,0.027,0.7957208,0.9941736,1.666419
5.65,16.68897,-48.76306,-0.008,-0.003,0.8674873,0.9954039,1.442151
5.65,16.6945,-49.65167,-0.001,-0.007,0.8063781,0.9946213,1.630482
6.35,16.66086,-9.554444,0.007,-0.145,1.023699,0.9863767,1.070307
6.26,16.67625,-20.40861,0.012,0.034,1.348679,0.9371404,0.5993768
6.34,16.51078,77.44667,-0.104,0.276,1.302141,0.9458218,0.6506131
5.87,16.69597,-33.14639,-0.059,-0.083,1.10937,0.9764765,0.9155611
6.09,16.69339,-24.46806,-0.049,-0.008,0.8963644,0.9948192,1.36264
6.93,16.67642,4.207222,-0.002,-0.011,0.8674873,0.9954039,1.442151
5.77,16.67742,4.219722,-0.001,-0.013,0.8099886,0.9947508,1.618527
4.96,16.69289,-17.74222,-0.02,-0.001,1.366313,0.9337484,0.580982
6.23,16.71761,-46.07056,-0.015,-0.018,1.217133,0.9605217,0.755704
6.16,16.61528,63.07278,0.004,-0.087,1.617176,0.880828,0.3656496
5.29,16.63344,56.01556,0,0.066,1.348679,0.9371404,0.5993768
4.9,16.64581,48.92833,-0.047,0.031,1.629291,0.8780689,0.3572699
6.24,16.68653,-1.000556,0.006,-0.015,0.9397373,0.9929382,1.253181
5.57,16.69825,-19.92444,0.022,0.041,0.9996489,0.9886097,1.119177
6.08,16.68094,12.395,-0.026,-0.01,0.836055,0.9953655,1.535403
5.13,16.77778,-67.10972,-0.014,-0.015,0.788763,0.9938273,1.690417
5.74,16.69514,1.181111,-0.097,0.051,0.9487008,0.9924115,1.231931
6.2,16.72931,-41.11889,-0.046,-0.016,0.8715355,0.9953564,1.430662
5.96,16.74439,-53.1525,-0.009,-0.018,1.455546,0.9159029,0.4946641
6.06,16.6835,24.85861,-0.034,0,1.485238,0.9097234,0.468343
6.12,16.73164,-41.11306,-0.026,-0.013,0.792227,0.9940051,1.678416
6.05,16.72989,-38.15667,-0.009,-0.049,0.7957208,0.9941736,1.666419
6.46,16.72742,-32.10611,-0.002,-0.023,0.788763,0.9938273,1.690417
2.81,16.68811,31.60306,-0.47,0.394,1.10937,0.9764765,0.9155611
5.92,16.69353,26.91694,0.002,-0.044,0.9854823,0.9897984,1.149222
5.71,16.74517,-40.83972,-0.01,-0.024,0.7752084,0.9930265,1.738424
5.74,16.77256,-58.50361,-0.008,-0.016,0.7853289,0.9936404,1.702421
6.58,16.73814,-27.45611,-0.019,-0.007,0.8555,0.9954757,1.476855
1.92,16.81108,-69.02778,0.014,-0.034,1.562919,0.8929762,0.4052402
6.02,16.75006,-28.50972,-0.028,0.001,0.8515572,0.9954764,1.488497
5.58,16.78875,-58.34139,-0.019,-0.02,0.788763,0.9938273,1.690417
3.53,16.71494,38.92222,0.037,-0.083,1.256405,0.9539321,0.7051516
5.48,16.77994,-39.37722,-0.032,-0.034,1.290627,0.9479049,0.663932
5.99,16.73103,34.03889,-0.071,0.058,0.9352911,0.9931827,1.263889
4.83,16.68197,64.58917,0.001,-0.013,1.431855,0.9207385,0.5166105
6.03,16.75825,1.020278,0.002,0.013,0.8099886,0.9947508,1.618527
6.71,16.78092,-25.52861,-0.005,-0.014,1.407792,0.9255665,0.539732
6.16,16.71622,55.69028,0.049,0.085,0.843752,0.9954435,1.511886
5.56,16.75625,15.74528,0.027,-0.043,1.696332,0.8625193,0.3137062
5.15,16.76386,8.5825,0,0.015,1.617176,0.880828,0.3656496
3.76,16.82975,-59.04139,0.038,-0.028,1.641429,0.8752886,0.3490357
6.05,16.75325,43.21722,-0.015,-0.045,1.538936,0.8982318,0.4238772
6.32,16.8715,-67.68194,-0.073,-0.064,1.467412,0.9134489,0.4839908
6.1,16.78606,2.064444,-0.01,-0.014,0.8715355,0.9953564,1.430662
6.13,16.86497,-65.37556,-0.004,-0.014,0.8099886,0.9947508,1.618527
5.24,16.79622,5.246667,-0.016,-0.041,0.8099886,0.9947508,1.618527
6.03,16.8075,-14.90944,-0.011,-0.004,0.8963644,0.9948192,1.36264
6.47,16.84331,-50.04556,-0.018,-0.023,0.9442073,0.9926812,1.242528
4.85,16.75494,56.78194,0.018,0.066,0.9761498,0.9905277,1.16955
6.32,16.63136,78.91833,-0.02,0.038,1.384036,0.9302863,0.5630207
6.35,16.80247,13.59056,0.016,-0.016,1.228278,0.9586892,0.7409844
6.1,16.82439,-15.6675,0.012,0.031,1.302141,0.9458218,0.6506131
2.29,16.83606,-34.29333,-0.611,-0.255,1.389962,0.9291172,0.5571284
5.87,16.78883,42.23889,0.003,-0.026,1.665772,0.869665,0.3329922
4.65,16.83056,-10.78306,0.096,-0.093,1.018846,0.9868484,1.07996
6.11,16.84994,-37.51444,-0.029,-0.009,0.8634652,0.9954395,1.45368
5.22,16.85936,-41.23056,0.001,-0.001,0.843752,0.9954435,1.511886
5.91,16.82628,13.26139,-0.029,-0.021,0.8284677,0.9952433,1.559035
3.08,16.8645,-38.0475,-0.011,-0.025,0.749593,0.9910358,1.833889
6.32,16.83953,-2.653889,0.009,-0.03,0.9949045,0.9890186,1.129132
6.49,16.87197,-41.85444,-0.018,-0.001,0.9091193,0.9943857,1.329262
5.49,16.83872,7.247778,0.053,-0.011,0.8555,0.9954757,1.476855
5.94,16.90014,-57.90944,-0.032,-0.126,1.653589,0.8724872,0.3409441
3.57,16.87225,-38.0175,-0.011,-0.024,0.7465358,0.9907548,1.845714
6.02,16.92353,-63.26972,0.008,-0.023,0.836055,0.9953655,1.535403
4.82,16.82061,45.98333,0.026,-0.055,0.8515572,0.9954764,1.488497
5.51,16.85692,1.216111,-0.023,-0.005,0.836055,0.9953655,1.535403
6.13,16.82792,43.43056,-0.017,-0.007,1.455546,0.9159029,0.4946641
5.96,16.89514,-43.05083,-0.016,-0.027,1.739367,0.8523037,0.2880677
5.72,16.84417,29.80667,-0.005,0,1.659678,0.8710787,0.3369508
6.13,16.84531,32.55361,0.019,0.046,1.307917,0.9447668,0.6440313
5.45,16.9005,-41.80639,-0.008,-0.008,0.8921627,0.9949391,1.373863
6.32,16.89967,-41.99472,-0.002,-0.018,1.03347,0.9853959,1.051185
4.73,16.89992,-42.36222,0.004,-0.004,1.028574,0.9858926,1.060716
6.45,16.90328,-41.85028,0.012,-0.039,0.8963644,0.9948192,1.36264
6.29,16.84336,41.89667,-0.074,0.07,1.348679,0.9371404,0.5993768
6.59,16.90544,-41.82,-0.011,-0.011,0.9005912,0.994687,1.351465
5.88,16.90747,-42.47889,-0.003,-0.005,1.104171,0.9771553,0.9241761
5.98,16.71833,77.51417,0.048,0.212,0.9949045,0.9890186,1.129132
6.52,16.86803,14.97417,0.017,0.004,0.799244,0.9943325,1.65443
5.88,16.89033,-20.41556,-0.05,-0.029,1.12508,0.9743699,0.8900779
5.04,16.86258,24.65639,0.011,0.006,1.449618,0.9171209,0.5000749
3.62,16.90972,-42.36139,-0.124,-0.236,1.520997,0.9021141,0.4382997
5.77,16.91622,-41.15111,-0.017,-0.013,0.8756096,0.995297,1.419215
6.35,16.91,-30.58722,0.039,0.002,0.9005912,0.994687,1.351465
6.33,16.93581,-50.675,-0.006,-0.019,0.8099886,0.9947508,1.618527
5.94,16.94131,-52.28389,-0.045,-0.046,0.788763,0.9938273,1.690417
5.79,16.99272,-69.26833,-0.022,-0.016,0.781925,0.9934445,1.714426
6.25,16.90294,-1.612222,0.015,-0.071,0.9308688,0.9934145,1.274651
6.57,16.91119,-11.7925,0.022,-0.013,0.8715355,0.9953564,1.430662
5.32,16.88281,31.70167,-0.091,-0.017,0.9352911,0.9931827,1.263889
5.25,16.90992,-6.153889,-0.031,-0.02,1.348679,0.9371404,0.5993768
4.38,16.90014,10.16528,-0.051,-0.036,0.788763,0.9938273,1.690417
6.37,16.93272,-33.50722,0.023,-0.002,1.727041,0.8552473,0.295236
6.15,16.94333,-40.82361,0.005,-0.009,0.9220961,0.9938405,1.296338
6.37,16.93383,-16.80611,0.081,0.04,1.256405,0.9539321,0.7051516
3.13,16.977,-55.99028,-0.019,-0.036,1.659678,0.8710787,0.3369508
6,16.88822,47.41694,-0.037,0.105,1.491187,0.9084697,0.4632215
5.41,16.91533,20.95861,0.056,0.006,1.28489,0.9489328,0.6706696
5.48,16.95308,-33.25944,-0.009,-0.005,1.653589,0.8724872,0.3409441
5.55,16.97167,-50.64111,-0.009,-0.041,0.8247156,0.9951659,1.57089
6.34,16.92111,13.61972,0.034,-0.036,0.957758,0.9918342,1.210907
5.58,16.94667,-23.15,-0.004,0.001,0.8099886,0.9947508,1.618527
6.08,16.91725,25.73056,0.014,-0.021,1.256405,0.9539321,0.7051516
5.35,16.92283,18.43333,-0.11,0.014,1.544924,0.8969263,0.4191554
6.27,16.95111,-19.54,-0.01,-0.015,0.843752,0.9954435,1.511886
4.06,16.99308,-53.16056,0.004,0.017,1.568927,0.8916483,0.4006839
6.19,16.95725,-10.96333,0.021,-0.081,1.302141,0.9458218,0.6506131
5.65,17.00172,-54.59694,-0.015,-0.064,0.8921627,0.9949391,1.373863
6.09,16.98122,-37.62111,0.024,-0.061,0.8921627,0.9949391,1.373863
3.2,16.96114,9.375,-0.291,-0.01,1.389962,0.9291172,0.5571284
6,17.00753,-48.64778,-0.003,-0.079,1.233874,0.9577577,0.733708
6.37,16.95889,13.88417,-0.077,0.07,1.267758,0.9519608,0.6911988
6.59,16.97822,-14.86972,-0.002,-0.03,0.9854823,0.9897984,1.149222
6.65,17.00897,-45.45167,-0.004,0,1.782701,0.8418485,0.2639255
6.11,17.02983,-58.95833,-0.003,-0.011,0.8063781,0.9946213,1.630482
6.28,16.95861,25.35278,0.004,0.013,1.24511,0.9558647,0.7193206
6.56,16.93511,50.03889,-0.021,-0.008,1.671872,0.8682461,0.3290678
6.32,16.96175,24.38139,0.006,-0.018,1.360425,0.934887,0.587065
5.86,16.99933,-25.09194,-0.005,-0.006,1.671872,0.8682461,0.3290678
5.75,17.00264,-24.98917,0.061,-0.057,0.9901823,0.9894148,1.139147
5.97,17.01025,-35.93417,-0.013,-0.07,1.395897,0.9279408,0.5512831
6.45,17.02947,-51.13083,-0.027,-0.039,0.9264704,0.9936338,1.285468
6.34,16.96394,42.5125,-0.007,-0.046,1.467412,0.9134489,0.4839908
5.29,17.05244,-53.23694,-0.003,-0.144,1.023699,0.9863767,1.070307
4.89,16.93381,65.13472,0.24,0.05,1.023699,0.9863767,1.070307
5.03,17.03131,-32.14361,-0.007,-0.051,0.781925,0.9934445,1.714426
6.59,17.00817,6.583611,0.044,-0.048,0.9091193,0.9943857,1.329262
4.82,17.01767,-4.2225,-0.041,-0.075,1.586981,0.8876316,0.387255
6.41,16.94033,65.03917,-0.041,0.032,0.9761498,0.9905277,1.16955
5.73,17.07353,-57.71222,-0.008,-0.022,0.781925,0.9934445,1.714426
6.26,17.03089,-18.88556,-0.038,-0.018,1.526972,0.9008257,0.4334489
4.23,16.76614,82.03722,0.017,0.006,1.239485,0.9568162,0.7264869
6.06,17.06158,-47.16,0.005,0.029,1.302141,0.9458218,0.6506131
3.92,17.00483,30.92639,-0.047,0.028,0.8136278,0.9948701,1.606589
5.65,17.01614,22.63222,-0.011,-0.021,1.497141,0.9072102,0.4581465
6.31,17.02583,14.94944,0.004,-0.008,0.8322476,0.9953098,1.547205
5.91,17.06411,-38.15222,0.071,-0.023,0.9761498,0.9905277,1.16955
6.55,17.01933,27.19639,-0.014,-0.063,0.9901823,0.9894148,1.139147
6.33,17.03308,8.450556,0.039,0.003,0.8515572,0.9954764,1.488497
6.03,16.98931,56.68861,-0.051,0.037,1.395897,0.9279408,0.5512831
6.28,17.08481,-45.50167,-0.031,-0.017,0.843752,0.9954435,1.511886
5.25,17.02678,33.56833,0.003,0.002,0.8247156,0.9951659,1.57089
5.75,17.03853,25.50556,0.055,0.097,1.313705,0.943703,0.6375007
4.87,17.08039,-34.12278,0.008,-0.002,0.9220961,0.9938405,1.296338
6.3,16.938,73.12778,0,-0.021,0.9134204,0.9942164,1.318236
6.36,17.03811,31.88472,0.045,0.037,1.378119,0.9314479,0.5689601
4.98,17.05217,14.09194,0.023,-0.064,1.659678,0.8710787,0.3369508
6.19,17.09683,-44.105,0.028,0.019,0.9308688,0.9934145,1.274651
6.52,17.05289,14.51111,-0.169,-0.185,1.167779,0.9682485,0.8247469
6.3,17.07925,-20.49472,-0.006,-0.024,0.8099886,0.9947508,1.618527
5.93,17.06092,13.60528,-0.023,-0.035,0.8172955,0.9949792,1.594669
6.08,17.06611,13.5675,0.022,-0.129,1.319505,0.9426305,0.6310211
6.35,17.06464,19.69056,-0.019,0.016,1.611126,0.8821995,0.369895
5.98,17.10564,-37.2275,0.012,-0.023,0.843752,0.9954435,1.511886
6.4,16.98406,69.18639,0,-0.038,1.302141,0.9458218,0.6506131
6.69,17.05839,35.41417,0.033,-0.035,1.302141,0.9458218,0.6506131
6.13,17.10789,-35.45111,0.013,-0.006,1.03347,0.9853959,1.051185
6.13,17.02131,60.64917,-0.055,0.058,1.302141,0.9458218,0.6506131
6.01,17.08803,0.7025,-0.003,-0.338,1.073387,0.9809783,0.977142
6.3,17.10328,-21.56472,-0.011,-0.077,0.8674873,0.9954039,1.442151
6.04,17.06486,34.79028,-0.068,-0.002,0.9048428,0.9945425,1.340338
6.17,17.07814,19.59917,0.009,0.001,0.8136278,0.9948701,1.606589
5.64,17.09231,-0.8919444,0.002,0.004,0.8797096,0.9952256,1.40781
6.29,17.11478,-26.51306,0.001,-0.011,0.8027965,0.9944818,1.64245
4.91,17.08964,12.74083,0.051,-0.01,0.8634652,0.9954395,1.45368
6.39,17.16842,-61.67556,-0.001,-0.01,0.8027965,0.9944818,1.64245
6.22,17.2055,-70.72111,0.041,-0.079,1.336976,0.9393615,0.611885
6.37,17.10269,9.733333,0.023,-0.008,1.568927,0.8916483,0.4006839
6.37,17.10364,10.45417,0.049,0.018,1.228278,0.9586892,0.7409844
6.1,17.03758,64.60056,-0.05,0.025,1.279166,0.9499515,0.6774598
6.38,17.11469,-1.656389,0.033,-0.036,0.8963644,0.9948192,1.36264
6.43,17.08472,43.81222,0.006,0,0.8515572,0.9954764,1.488497
6.09,17.0805,48.80417,0.026,-0.066,1.354547,0.9360177,0.5931965
5.56,17.10503,22.08417,-0.094,-0.038,1.479292,0.9109711,0.4735113
5.99,17.13747,-17.60917,0.006,-0.032,1.307917,0.9447668,0.6440313
5.97,17.14653,-30.40361,-0.015,-0.062,0.9177461,0.9940347,1.307261
6.06,17.13711,-1.079444,-0.02,-0.034,0.8476411,0.9954656,1.500175
5.89,17.22153,-67.19667,-0.18,-0.093,1.336976,0.9393615,0.611885
5.83,17.08883,54.47028,-0.073,0.085,1.302141,0.9458218,0.6506131
5.8,17.08881,54.47028,-0.073,0.085,1.023699,0.9863767,1.070307
5.08,17.17842,-44.5575,-0.033,-0.056,1.222698,0.9596106,0.7483163
6.36,17.14847,-3.882778,-0.059,-0.158,1.130354,0.9736445,0.8817036
6.25,17.27656,-74.53306,-0.027,-0.058,0.8136278,0.9948701,1.606589
5.84,17.19414,-48.87417,0.029,-0.03,1.8076,0.8357696,0.250765
5.56,17.16333,-10.52333,0.057,-0.105,1.043325,0.9843654,1.032307
6.34,17.12964,40.51611,-0.038,-0.033,0.8284677,0.9952433,1.559035
5.39,17.13389,35.93528,-0.024,-0.01,0.9442073,0.9926812,1.242528
2.43,17.17297,-15.72472,0.039,0.098,0.8398899,0.9954101,1.523629
6.21,17.02783,75.29722,0.016,-0.079,1.302141,0.9458218,0.6506131
3.33,17.20256,-43.23917,0.024,-0.287,0.9901823,0.9894148,1.139147
5.67,17.2045,-39.50694,-0.013,-0.075,0.8322476,0.9953098,1.547205
6.3,17.20458,-38.82222,0.019,-0.043,1.331141,0.9404596,0.6182135
6.46,17.13808,50.84222,-0.002,0.029,0.8172955,0.9949792,1.594669
6.09,17.237,-56.88833,-0.016,0.003,1.770289,0.8448597,0.2706763
6.57,17.17939,12.46722,0.037,-0.007,0.8476411,0.9954656,1.500175
6.54,17.20378,-25.25472,-0.014,-0.033,0.8027965,0.9944818,1.64245
6.14,17.20694,-27.76194,-0.011,-0.04,0.8027965,0.9944818,1.64245
5.08,17.15925,40.77722,-0.042,0.012,1.467412,0.9134489,0.4839908
6.01,17.21631,-32.43861,0.013,-0.012,0.843752,0.9954435,1.511886
6.33,17.19589,7.894722,0.035,0.014,1.325317,0.9415493,0.6245921
6.19,17.18422,24.23778,-0.011,0.033,0.9091193,0.9943857,1.329262
6.6,17.24103,-39.76694,0.005,-0.011,2.04252,0.7762531,0.1480811
5.33,17.20772,10.58528,0.001,-0.026,1.653589,0.8724872,0.3409441
6.65,17.21511,0.3519444,0.019,-0.078,1.03347,0.9853959,1.051185
6.29,17.17517,52.40889,-0.014,-0.01,0.8172955,0.9949792,1.594669
3.17,17.14644,65.71472,-0.02,0.022,0.7752084,0.9930265,1.738424
5.53,17.25536,-33.54833,0.009,0,0.8136278,0.9948701,1.606589
5.96,17.25997,-38.59389,-0.182,-0.412,1.073387,0.9809783,0.977142
6.04,17.1945,49.74667,0.02,0.035,1.302141,0.9458218,0.6506131
6.53,17.33689,-70.04556,-0.045,-0.201,1.08357,0.9797518,0.959243
5.11,17.25583,-26.60278,-0.458,-1.142,1.222698,0.9596106,0.7483163
5.07,17.25578,-26.60139,-0.491,-1.133,1.217133,0.9605217,0.755704
6.21,17.26431,-30.21056,-0.001,-0.037,0.8063781,0.9946213,1.630482
5.99,17.25564,-14.58389,-0.012,-0.001,1.360425,0.934887,0.587065
6.12,17.27264,-35.74944,-0.118,-0.319,1.023699,0.9863767,1.070307
3.48,17.24414,14.39028,-0.006,0.036,1.562919,0.8929762,0.4052402
5.39,17.24422,14.39,-0.003,0.045,1.302141,0.9458218,0.6506131
5.91,17.32011,-59.69444,-0.012,-0.008,1.520997,0.9021141,0.4382997
5.55,17.28436,-32.66278,-0.096,-0.056,1.03347,0.9853959,1.051185
3.14,17.25053,24.83917,-0.021,-0.157,0.8476411,0.9954656,1.500175
5.41,17.36831,-70.12333,-0.006,-0.012,0.8027965,0.9944818,1.64245
6.17,17.27061,2.186111,0.001,-0.021,0.9048428,0.9945425,1.340338
6.09,17.27856,-6.245,-0.004,-0.005,1.360425,0.934887,0.587065
5.88,17.27547,1.210556,-0.001,-0.013,0.8398899,0.9954101,1.523629
4.73,17.27686,-0.4452778,-0.023,-0.066,1.384036,0.9302863,0.5630207
5.48,17.31756,-46.63389,0.979,0.224,1.189549,0.9649212,0.7934883
4.78,17.3665,-67.77056,-0.042,-0.006,1.42594,0.9219321,0.5222255
3.16,17.25078,36.80917,-0.026,0.004,1.562919,0.8929762,0.4052402
5.96,17.26156,23.74278,-0.025,0.022,1.485238,0.9097234,0.468343
5.76,17.31333,-44.12972,0,-0.021,0.799244,0.9943325,1.65443
5.56,17.20906,62.87444,0.014,0.048,0.9005912,0.994687,1.351465
6.36,17.30567,-32.55333,-0.013,-0.019,0.8756096,0.995297,1.419215
6.27,17.32508,-50.06333,-0.014,-0.015,0.9901823,0.9894148,1.139147
5.2,17.30019,-24.28694,-0.054,-0.008,1.360425,0.934887,0.587065
6.8,17.30014,-24.28417,-0.073,-0.009,1.038387,0.9848868,1.041715
5.91,17.31589,-34.98972,1.17,-0.164,1.325317,0.9415493,0.6245921
6.65,17.32347,-44.22306,-0.007,-0.015,0.8963644,0.9948192,1.36264
6.43,17.30533,-16.31194,-0.005,0.01,1.696332,0.8625193,0.3137062
5.88,17.52425,-80.85917,-0.013,-0.044,1.702462,0.8610749,0.3099481
6.45,17.29331,23.09083,-0.002,-0.001,1.302141,0.9458218,0.6506131
4.82,17.28875,33.1,-0.008,-0.003,0.75896,0.9918383,1.798239
6,17.30139,17.31806,0.014,-0.011,0.8209915,0.9950778,1.582768
5.03,17.31028,10.86444,0.01,-0.095,1.629291,0.8780689,0.3572699
6.51,17.31467,6.085278,0.02,0.006,0.9808048,0.9901694,1.159356
6.02,17.33147,-17.75639,-0.01,-0.021,0.8322476,0.9953098,1.547205
4.65,17.29453,37.29167,-0.034,0.063,0.836055,0.9953655,1.535403
7.48,17.28017,49.69111,0.023,0.002,1.302141,0.9458218,0.6506131
5.88,17.38194,-58.01028,-0.021,-0.011,1.342822,0.9382551,0.6056062
6.32,17.33319,-5.917222,0.04,-0.18,1.217133,0.9605217,0.755704
5.7,17.40031,-62.86417,-0.001,-0.008,0.7686149,0.9925749,1.762392
6.52,17.34283,-19.33278,-0.151,-0.102,1.073387,0.9809783,0.977142
5.8,17.38525,-56.52528,-0.008,0.009,1.302141,0.9458218,0.6506131
5.65,17.31347,28.82306,0.05,-0.005,1.290627,0.9479049,0.663932
5.94,17.30647,38.81139,-0.014,0.077,1.302141,0.9458218,0.6506131
4.39,17.35006,-21.11278,0.232,-0.206,0.9808048,0.9901694,1.159356
4.33,17.34714,-12.84694,0.042,0.004,0.8284677,0.9952433,1.559035
5.77,17.40519,-60.67361,-0.008,-0.002,0.788763,0.9938273,1.690417
6.32,17.27483,60.67056,-0.042,0.014,1.354547,0.9360177,0.5931965
6.46,17.34797,-10.69611,0.065,-0.009,0.9532177,0.9921292,1.221391
6.41,17.37761,-37.805,0.017,-0.013,1.104171,0.9771553,0.9241761
5.25,17.38781,-47.46833,-0.01,-0.024,0.7785514,0.9932398,1.726427
5,17.33858,18.05722,0.009,-0.055,1.671872,0.8682461,0.3290678
3.27,17.36683,-24.99944,-0.004,-0.02,0.7435117,0.9904674,1.857505
6.47,17.37722,-35.91,0.08,0.112,1.053264,0.9832854,1.013674
5.38,17.33606,25.5375,0.021,-0.015,0.8284677,0.9952433,1.559035
5.93,17.38192,-37.22056,0.033,-0.026,1.348679,0.9371404,0.5993768
5.12,17.34839,24.49944,-0.022,0.002,0.8063781,0.9946213,1.630482
5.39,17.34433,32.46778,0.137,-1.041,1.093832,0.9784774,0.941588
5.35,17.38933,-28.14306,0.004,-0.031,1.629291,0.8780689,0.3572699
5.12,17.40361,-44.1625,-0.011,-0.028,0.7957208,0.9941736,1.666419
2.85,17.42167,-55.53,-0.008,-0.025,1.57494,0.8903149,0.3961679
3.34,17.42322,-56.3775,-0.002,-0.012,0.7718961,0.9928048,1.750413
6.35,17.35928,16.73083,-0.018,-0.024,1.665772,0.869665,0.3329922
5.59,17.33919,46.24083,-0.029,0.043,1.641429,0.8752886,0.3490357
6.29,17.38092,-2.388333,0.045,-0.112,1.12508,0.9743699,0.8900779
6.35,17.35867,28.75806,0.006,0.006,1.135646,0.9729076,0.8733891
6.43,17.34267,48.18833,0.19,-0.019,0.9996489,0.9886097,1.119177
5.23,17.43333,-50.63361,0.007,0.001,1.336976,0.9393615,0.611885
5.51,17.36211,39.97444,0.009,-0.063,1.12508,0.9743699,0.8900779
6.16,17.41742,-34.69639,0.004,-0.027,0.8247156,0.9951659,1.57089
6.24,17.46881,-63.03639,-0.023,-0.027,0.7853289,0.9936404,1.702421
5.85,17.41167,-21.44167,-0.021,-0.028,1.262074,0.9529513,0.6981484
6.21,17.41031,-18.44583,0.018,-0.004,0.8284677,0.9952433,1.559035
6.19,17.41839,-24.24361,0.016,0.012,1.360425,0.934887,0.587065
6.19,17.44897,-51.94917,0.005,-0.021,0.8063781,0.9946213,1.630482
5.77,17.39933,8.852778,0.009,-0.002,1.449618,0.9171209,0.5000749
5.29,17.44764,-45.84361,-0.04,-0.04,0.792227,0.9940051,1.678416
5.92,17.45344,-50.63028,-0.007,-0.004,0.8476411,0.9954656,1.500175
5.67,17.36261,53.42056,0.021,0.005,1.580958,0.888976,0.3916917
5.74,17.40183,22.96028,-0.046,-0.032,0.9005912,0.994687,1.351465
5.71,17.40875,16.30111,0.008,-0.026,0.843752,0.9954435,1.511886
6.35,17.40939,15.60611,0.008,0.015,0.8099886,0.9947508,1.618527
5.75,17.466,-52.29722,-0.006,-0.065,1.40184,0.9267572,0.5454844
5.47,17.39464,37.14667,-0.041,0.004,1.302141,0.9458218,0.6506131
4.52,17.39472,37.14583,-0.037,0.006,0.8063781,0.9946213,1.630482
4.17,17.4395,-24.17528,0,-0.116,0.9308688,0.9934145,1.274651
5.94,17.47742,-55.16972,-0.017,-0.012,1.366313,0.9337484,0.580982
6.49,17.40061,38.58278,-0.012,0.04,1.151633,0.9706286,0.8488025
6.44,17.43275,-1.651667,0.063,0.051,1.014014,0.9873076,1.089673
6.44,17.44867,-25.94333,-0.028,-0.026,0.7957208,0.9941736,1.666419
6.28,17.40753,36.95194,-0.026,0.047,1.233874,0.9577577,0.733708
4.29,17.45592,-29.86694,0.02,-0.139,0.9854823,0.9897984,1.149222
4.54,17.44386,-5.086667,-0.092,-0.043,0.9808048,0.9901694,1.159356
6,17.46042,-29.72444,-0.008,-0.026,0.8172955,0.9949792,1.594669
5.98,17.43178,16.9175,-0.008,0.011,1.671872,0.8682461,0.3290678
6.21,17.45058,-12.5125,0.037,-0.062,1.038387,0.9848868,1.041715
6.06,17.43861,7.595556,0,-0.005,1.073387,0.9809783,0.977142
4.34,17.44192,4.140278,0.004,0.007,1.599043,0.8849264,0.3784985
6.41,17.43358,26.87889,0.008,0.023,0.8555,0.9954757,1.476855
3.62,17.51831,-60.68389,-0.059,-0.096,0.781925,0.9934445,1.714426
6.02,17.48225,-36.77833,0.002,-0.009,1.366313,0.9337484,0.580982
5.54,17.44697,20.08083,0.001,0.015,0.7718961,0.9928048,1.750413
6.39,17.49047,-38.51667,0.032,0.02,0.8515572,0.9954764,1.488497
6.37,17.46731,-8.208333,-0.081,-0.128,1.073387,0.9809783,0.977142
5.95,17.52306,-56.92056,-0.018,0.008,0.788763,0.9938273,1.690417
5.94,17.44617,34.69583,-0.024,0.047,0.8136278,0.9948701,1.606589
5.44,17.48047,0.3305556,-0.062,0.023,0.9048428,0.9945425,1.340338
2.69,17.51272,-37.29583,-0.001,-0.031,0.7435117,0.9904674,1.857505
5.85,17.44561,48.26,0.002,-0.004,0.8634652,0.9954395,1.45368
2.95,17.53069,-49.87611,-0.031,-0.07,0.75896,0.9918383,1.798239
5.65,17.42814,60.04833,-0.01,0.027,0.8284677,0.9952433,1.559035
6.37,17.4965,-5.919722,-0.022,-0.073,1.262074,0.9529513,0.6981484
6.03,17.53031,-46.03639,0.001,0.007,1.206051,0.962313,0.7706477
6.51,17.43469,58.65194,-0.007,0.015,0.8715355,0.9953564,1.430662
5.31,17.50661,-1.0625,-0.117,-0.17,1.146286,0.9713996,0.8569388
6.44,17.52983,-33.70278,-0.005,-0.015,1.414119,0.924301,0.5336135
6.43,17.41672,67.30639,-0.525,-0.004,1.167779,0.9682485,0.8247469
4.81,17.52361,-23.96278,0.004,-0.027,0.8172955,0.9949792,1.594669
6.05,17.529,-26.26972,-0.004,-0.025,0.7957208,0.9941736,1.666419
6.39,17.50622,11.925,-0.026,0.053,0.8398899,0.9954101,1.523629
6.17,17.54014,-34.27972,-0.017,-0.039,0.9623215,0.9915266,1.200481
5.84,17.55206,-41.17361,0.004,-0.024,0.8398899,0.9954101,1.523629
5.59,17.52258,2.724444,-0.014,0.019,1.211584,0.9614226,0.7631477
6.28,17.59303,-59.84611,-0.007,-0.009,0.788763,0.9938273,1.690417
4.41,17.51231,26.11056,0.02,0.018,1.562919,0.8929762,0.4052402
1.63,17.56014,-37.10389,-0.001,-0.029,0.7435117,0.9904674,1.857505
5.61,17.51539,31.15833,0.009,0.022,1.273455,0.9509609,0.6843027
5.72,17.32694,80.13639,0.016,0.004,1.599043,0.8849264,0.3784985
6.1,17.58889,-53.35278,0,-0.016,0.8247156,0.9951659,1.57089
6.43,17.51119,38.88222,0.013,0.015,1.028574,0.9858926,1.060716
6.42,17.5375,11.93028,0.024,0.025,0.8136278,0.9948701,1.606589
5.62,17.53044,28.4075,0.006,0.028,0.8172955,0.9949792,1.594669
5.62,17.55831,-5.744722,-0.039,-0.091,0.8879863,0.9950467,1.385133
5.7,17.57847,-32.58167,0.008,-0.005,0.8322476,0.9953098,1.547205
2.79,17.50722,52.30139,-0.016,0.015,1.290627,0.9479049,0.663932
4.59,17.59433,-46.50556,-0.028,-0.035,0.8063781,0.9946213,1.630482
6.56,17.53364,34.27083,-0.233,0.05,1.10937,0.9764765,0.9155611
6.48,17.59528,-37.44,-0.013,-0.038,0.8209915,0.9950778,1.582768
6.4,17.51217,57.87639,0.03,-0.03,1.302141,0.9458218,0.6506131
5.64,17.55633,19.25667,-0.03,-0.09,1.023699,0.9863767,1.070307
5.69,17.56094,16.3175,-0.001,-0.051,1.307917,0.9447668,0.6440313
6.48,17.56189,14.84167,0.023,-0.07,1.659678,0.8710787,0.3369508
5.55,17.57956,-11.24194,0.005,0.006,0.8247156,0.9951659,1.57089
6.57,17.58847,-22.04389,-0.004,-0.009,0.8209915,0.9950778,1.582768
4.29,17.60911,-38.63528,-0.012,-0.201,1.354547,0.9360177,0.5931965
5.93,17.62422,-50.06,-0.009,-0.099,1.360425,0.934887,0.587065
5.81,17.57686,9.586667,0.005,-0.008,0.8247156,0.9951659,1.57089
5.25,17.63489,-54.50028,-0.039,-0.15,0.8963644,0.9948192,1.36264
5.74,17.55203,41.24361,-0.068,-0.06,1.354547,0.9360177,0.5931965
6.4,17.57422,16.50389,-0.004,-0.015,1.302141,0.9458218,0.6506131
6.45,18.02614,-85.21472,-0.007,-0.142,1.004415,0.9881883,1.109282
1.87,17.622,-42.99778,0.015,-0.002,0.9854823,0.9897984,1.149222
4.88,17.53628,55.18417,0.147,0.057,0.9220961,0.9938405,1.296338
4.87,17.53778,55.17306,0.148,0.056,0.9308688,0.9934145,1.274651
2.08,17.58225,12.56,0.12,-0.226,0.8756096,0.995297,1.419215
6.26,17.62411,-38.06556,-0.013,0.026,1.449618,0.9171209,0.5000749
6.1,17.63569,-42.88056,0.002,-0.041,0.7957208,0.9941736,1.666419
6.1,17.59989,20.99611,0.012,-0.015,0.8921627,0.9949391,1.373863
6.17,17.55881,57.55889,0.015,0.014,1.078469,0.9803711,0.968162
3.54,17.62644,-15.39861,-0.042,-0.058,0.9220961,0.9938405,1.296338
5.94,17.62672,-15.57111,-0.009,-0.001,0.9715175,0.9908733,1.179802
6.1,17.59511,37.30167,0.015,0.003,1.290627,0.9479049,0.663932
6.38,17.60219,28.18472,-0.031,0.017,1.302141,0.9458218,0.6506131
6.49,17.73881,-72.22083,-0.003,0.113,1.023699,0.9863767,1.070307
5.05,17.53275,68.135,-0.012,0.134,1.348679,0.9371404,0.5993768
4.62,17.63075,-8.118889,-0.009,-0.017,0.8594694,0.9954634,1.465249
5.75,17.63597,-10.92639,-0.013,-0.01,1.437773,0.9195387,0.5110475
4.77,17.67322,-49.41556,0.078,-0.176,0.9854823,0.9897984,1.149222
6.02,17.61019,30.78528,0.03,-0.005,0.8797096,0.9952256,1.40781
5.77,17.62531,24.31,-0.012,0.008,0.8594694,0.9954634,1.465249
5.79,17.68786,-46.92194,0.012,-0.009,0.8136278,0.9948701,1.606589
5.23,17.58319,61.875,0.26,-0.507,1.088691,0.9791206,0.9503851
5.37,17.61044,48.58556,0.031,0.065,1.389962,0.9291172,0.5571284
6.26,17.65236,2.028056,0.04,-0.021,1.319505,0.9426305,0.6310211
6.24,17.70108,-50.51056,0.024,-0.012,1.757901,0.8478518,0.2775435
6.12,17.64939,13.32917,-0.023,0.038,1.063285,0.9821562,0.9952854
6.19,17.66994,-2.1525,-0.023,-0.018,1.702462,0.8610749,0.3099481
6.37,17.64714,32.73944,0.017,-0.011,1.302141,0.9458218,0.6506131
2.41,17.70814,-39.03,-0.006,-0.027,0.7435117,0.9904674,1.857505
4.26,17.69025,-12.87528,-0.069,-0.052,0.8476411,0.9954656,1.500175
3.62,17.76222,-64.72389,-0.014,-0.054,1.414119,0.924301,0.5336135
5.54,17.71417,-36.94583,0.001,-0.034,1.629291,0.8780689,0.3572699
6.03,17.66597,31.2025,-0.012,0.015,1.647506,0.8738905,0.3449722
5.15,17.73575,-51.83417,-0.014,-0.194,1.135646,0.9729076,0.8733891
6.01,17.74883,-57.54528,0.01,-0.002,1.24511,0.9558647,0.7193206
6.4,17.71858,-33.05111,0.008,0.003,1.788916,0.8403358,0.2605931
3.8,17.65775,46.00639,-0.005,0.005,0.7558053,0.9915778,1.810148
6.34,17.68639,15.17806,-0.012,-0.015,0.8284677,0.9952433,1.559035
5.95,17.69231,6.312778,-0.005,-0.01,1.455546,0.9159029,0.4946641
6.28,17.67811,31.2875,-0.067,-0.073,1.331141,0.9404596,0.6182135
6.36,17.68486,24.51333,-0.019,0.058,1.420028,0.9231197,0.5278929
6.36,17.72161,-27.88417,0.01,-0.006,1.018846,0.9868484,1.07996
5.52,17.69964,15.95194,0.009,0.101,0.9761498,0.9905277,1.16955
4.87,17.72383,-21.68333,-0.095,-0.043,1.018846,0.9868484,1.07996
4.8,17.61586,68.75806,0.002,0.323,0.9996489,0.9886097,1.119177
5.87,17.745,-42.72889,0.005,0.019,0.8797096,0.9952256,1.40781
6.42,17.61103,69.57083,-0.055,-0.208,1.073387,0.9809783,0.977142
6.59,17.67711,43.47083,0.056,0.061,1.302141,0.9458218,0.6506131
6.39,17.73017,-13.50861,-0.048,-0.109,0.9715175,0.9908733,1.179802
6.3,17.72972,-7.079444,-0.001,-0.006,0.9761498,0.9905277,1.16955
5.52,17.70789,24.56417,-0.055,-0.105,1.57494,0.8903149,0.3961679
2.77,17.72456,4.567222,-0.04,0.159,1.395897,0.9279408,0.5512831
6.24,17.72278,14.295,0.006,0.023,0.9949045,0.9890186,1.129132
6.77,17.67672,57.31028,-0.004,0.027,1.256405,0.9539321,0.7051516
5.86,17.61911,72.45583,0.021,0.022,1.307917,0.9447668,0.6440313
5.99,17.68939,51.81806,-0.028,-0.014,1.331141,0.9404596,0.6182135
5.71,17.72267,24.32778,-0.115,0.071,1.10937,0.9764765,0.9155611
6.17,17.74278,2.579444,0.004,0.014,0.843752,0.9954435,1.511886
6.56,17.74317,2.578889,0.004,0.01,1.302141,0.9458218,0.6506131
6.19,17.73814,14.41028,0.001,0.018,0.9005912,0.994687,1.351465
6.34,17.71822,44.08444,-0.04,0.034,1.623231,0.8794511,0.3614414
6.43,17.78536,-38.11167,-0.002,-0.007,0.8099886,0.9947508,1.618527
6.11,17.81058,-55.40167,-0.018,0.036,0.9308688,0.9934145,1.274651
3.03,17.79308,-40.12694,0,-0.008,1.038387,0.9848868,1.041715
4.54,17.79267,-27.83083,-0.001,-0.009,1.189549,0.9649212,0.7934883
6.18,17.796,-22.47806,0.003,-0.011,1.59301,0.8862817,0.3828574
5.75,17.73314,53.80167,0.022,-0.015,0.8209915,0.9950778,1.582768
6.23,17.76119,31.50472,0.011,-0.005,0.8172955,0.9949792,1.594669
5.94,17.79356,-14.72583,-0.019,-0.02,0.836055,0.9953655,1.535403
6.35,17.80772,-26.975,0,-0.012,0.8634652,0.9954395,1.45368
5.92,17.84117,-53.61222,-0.014,-0.006,0.788763,0.9938273,1.690417
3.42,17.77431,27.72056,-0.311,-0.751,1.162379,0.969053,0.8327068
5.78,17.85986,-60.16444,-0.005,-0.028,1.302141,0.9458218,0.6506131
6.52,17.76492,38.88139,0.003,-0.028,1.302141,0.9458218,0.6506131
6.68,17.76625,39.3225,0.012,0.016,1.532952,0.8995316,0.4286416
5.72,17.78556,17.69722,0.011,-0.007,0.8209915,0.9950778,1.582768
4.83,17.81958,-31.70333,0.011,-0.015,0.8027965,0.9944818,1.64245
3.75,17.79822,2.707222,-0.022,-0.074,0.8322476,0.9953098,1.547205
3.21,17.83097,-37.04333,0.049,0.033,1.40184,0.9267572,0.5454844
4.81,17.83644,-40.09056,0.007,-0.008,0.9220961,0.9938405,1.296338
6.09,17.85306,-53.13056,0.006,-0.013,0.8172955,0.9949792,1.594669
6.22,17.80561,3.804167,0.007,0.004,0.8797096,0.9952256,1.40781
6.49,17.88844,-65.48917,-0.017,-0.083,1.348679,0.9371404,0.5993768
6.07,17.96161,-76.1775,0.002,0.017,1.420028,0.9231197,0.5278929
4.58,17.69897,72.14889,0.025,-0.267,0.9949045,0.9890186,1.129132
5.79,17.69944,72.15694,0.03,-0.278,1.048284,0.9838315,1.02296
5.69,17.80689,20.56556,0.026,0.008,1.267758,0.9519608,0.6911988
6.47,17.82192,1.961111,-0.025,0.065,1.443694,0.9183328,0.5055358
6.11,17.86236,-45.60056,0.009,-0.005,1.273455,0.9509609,0.6843027
6.43,17.78558,47.61222,-0.004,0.005,0.8594694,0.9954634,1.465249
6.12,17.81331,19.25528,-0.006,0.022,0.8247156,0.9951659,1.57089
5.96,17.85911,-40.7725,-0.028,-0.053,1.653589,0.8724872,0.3409441
5.12,17.81367,25.62278,-0.003,-0.039,1.395897,0.9279408,0.5512831
6.66,17.85347,-30.55722,0.002,-0.011,0.8322476,0.9953098,1.547205
6.35,18.09075,-81.48639,0.018,-0.04,1.599043,0.8849264,0.3784985
5.9,17.87044,-34.79917,0.004,-0.004,0.781925,0.9934445,1.714426
5.84,17.87214,-34.41667,-0.001,0.003,1.378119,0.9314479,0.5689601
6.2,17.88131,-41.99667,0.154,-0.196,1.053264,0.9832854,1.013674
6.17,17.84542,11.94667,-0.022,-0.024,1.449618,0.9171209,0.5000749
6.06,17.88033,-34.11417,0.001,0.017,1.437773,0.9195387,0.5110475
6.45,17.88219,-35.01861,0.015,0.007,0.8247156,0.9951659,1.57089
6.03,17.88275,-35.62417,0.046,-0.047,0.957758,0.9918342,1.210907
5.5,17.83969,29.32222,0.029,0.049,1.331141,0.9404596,0.6182135
5.98,17.84678,22.31639,0.014,-0.016,1.302141,0.9458218,0.6506131
5.02,17.81786,50.78111,-0.048,0.211,0.8247156,0.9951659,1.57089
6.17,17.88878,-34.73056,0.005,-0.001,0.8063781,0.9946213,1.630482
5.6,17.88981,-34.89528,-0.009,-0.01,1.384036,0.9302863,0.5630207
6.35,17.86653,-1.236667,-0.002,0.003,1.372211,0.932602,0.5749471
6.38,17.89597,-34.78583,0.009,-0.003,0.8172955,0.9949792,1.594669
6.21,17.87744,-6.143611,0.008,-0.009,1.538936,0.8982318,0.4238772
5.96,17.89858,-34.7525,0.021,-0.003,0.8136278,0.9948701,1.606589
6.42,17.89947,-34.83167,0.007,-0.023,0.8209915,0.9950778,1.582768
6.68,17.83425,48.39417,0.004,0.012,0.7785514,0.9932398,1.726427
6.46,17.86625,15.32583,0,0.031,1.302141,0.9458218,0.6506131
6.18,17.88433,-10.89972,0.055,-0.033,1.366313,0.9337484,0.580982
5.95,17.8765,1.305,-0.047,-0.017,1.647506,0.8738905,0.3449722
5.96,17.90756,-34.46639,0.01,0.006,0.8136278,0.9948701,1.606589
6.46,17.85389,40.0725,-0.012,0.012,1.302141,0.9458218,0.6506131
5.77,17.88728,6.101389,-0.122,0.069,0.9949045,0.9890186,1.129132
6.06,17.91886,-36.47583,-0.014,-0.009,0.8476411,0.9954656,1.500175
6.2,17.915,-24.88722,-0.005,-0.001,0.8322476,0.9953098,1.547205
6.04,17.86797,39.98222,-0.011,0.054,1.497141,0.9072102,0.4581465
6.38,17.86694,46.64333,0.039,-0.122,1.354547,0.9360177,0.5931965
4.86,17.9465,-44.34222,-0.006,-0.017,1.42594,0.9219321,0.5222255
6.38,17.90394,11.13056,-0.058,-0.165,1.009204,0.9877542,1.099447
5.16,17.88836,40.00806,0.011,0.053,1.407792,0.9255665,0.539732
6.43,17.94883,-40.30556,0.016,0.005,1.556916,0.8942985,0.4098373
6.52,17.93194,-18.80222,0.016,-0.017,0.836055,0.9953655,1.535403
5.8,17.94497,-28.06528,0.04,-0.017,0.9005912,0.994687,1.351465
5.89,17.93861,-15.8125,-0.01,-0.063,0.836055,0.9953655,1.535403
4.88,17.96325,-41.71611,-0.015,-0.01,1.690208,0.8639587,0.3174968
6.29,17.96606,-39.13694,-0.005,-0.039,0.8209915,0.9950778,1.582768
5.82,17.93844,0.6702778,-0.005,0.003,0.8515572,0.9954764,1.488497
5.46,17.92367,26.05,0.004,0.006,0.957758,0.9918342,1.210907
5.47,17.94658,-4.081944,-0.012,-0.008,1.395897,0.9279408,0.5512831
5.58,17.93078,22.46417,-0.002,0.002,1.443694,0.9183328,0.5055358
3.75,17.89214,56.87278,0.094,0.08,1.407792,0.9255665,0.539732
5.97,17.95119,0.06638889,0.028,-0.016,0.8555,0.9954757,1.476855
6.29,17.94889,6.487778,0.026,0.002,0.8172955,0.9949792,1.594669
5.74,17.98211,-36.85833,0.008,0.013,1.24511,0.9558647,0.7193206
6.01,17.97753,-28.75917,0,-0.009,0.788763,0.9938273,1.690417
5.16,17.98478,-30.25306,0.002,-0.01,1.764092,0.8463581,0.2740952
7.04,17.98486,-30.25333,-0.02,-0.002,1.336976,0.9393615,0.611885
3.86,17.93756,37.25056,0.004,0.006,1.509061,0.9046737,0.4481333
6.36,17.95747,11.04417,-0.017,-0.024,0.8594694,0.9954634,1.465249
6.3,17.95397,23.99583,-0.024,0.076,1.098992,0.9778222,0.9328517
3.34,17.98378,-9.773611,-0.007,-0.116,1.296378,0.9468679,0.6572466
6.1,17.92325,55.97139,0.037,0.126,0.9487008,0.9924115,1.231931
4.76,17.99656,-23.81611,0.001,-0.047,0.8027965,0.9944818,1.64245
5.04,17.82417,76.96278,0.037,0.248,1.028574,0.9858926,1.060716
6.02,17.94678,45.35083,0.008,-0.028,1.68409,0.8653929,0.3213205
3.7,17.96275,29.24778,0.084,-0.017,1.267758,0.9519608,0.6911988
6.21,18.00003,-20.33917,0.005,-0.007,1.538936,0.8982318,0.4238772
2.23,17.94344,51.48889,-0.008,-0.019,1.611126,0.8821995,0.369895
5.87,17.99353,-4.821389,-0.014,-0.093,1.635357,0.8766814,0.3531348
4.41,17.97506,30.18944,0,0.007,0.9808048,0.9901694,1.159356
6.3,18.03008,-36.37778,-0.007,-0.017,0.8063781,0.9946213,1.630482
6.37,18.00431,0.6294444,-0.006,0.004,0.8756096,0.995297,1.419215
4.62,18.00806,-3.690278,0.147,-0.045,0.9761498,0.9905277,1.16955
6,17.97842,36.28778,0.007,-0.055,1.267758,0.9519608,0.6911988
4.64,18.00439,4.368611,0.003,-0.013,0.8063781,0.9946213,1.630482
4.67,18.00094,16.75083,-0.007,-0.01,1.455546,0.9159029,0.4946641
3.97,18.01075,2.931667,0.002,-0.008,0.8247156,0.9951659,1.57089
6.28,18.02308,-17.15694,0.003,-0.005,1.782701,0.8418485,0.2639255
5.77,18.03178,-22.78056,-0.003,-0.008,0.8172955,0.9949792,1.594669
6.24,17.83625,78.30667,0.018,0.018,1.562919,0.8929762,0.4052402
6.48,17.98119,45.47611,0.002,0.027,0.788763,0.9938273,1.690417
6.34,18.01469,6.268333,0.002,-0.008,0.788763,0.9938273,1.690417
6.5,18.00769,19.50583,0.015,-0.001,0.7957208,0.9941736,1.666419
5.28,18.91303,-87.60583,-0.039,-0.139,1.467412,0.9134489,0.4839908
6.26,18.01589,15.09333,-0.059,-0.108,1.130354,0.9736445,0.8817036
4.45,18.02922,1.305278,0.015,-0.012,0.8247156,0.9951659,1.57089
5.34,18.04753,-24.28222,0.005,-0.008,1.043325,0.9843654,1.032307
5.45,17.91978,72.005,0.013,-0.001,0.9397373,0.9929382,1.253181
5.99,18.01011,33.21389,-0.003,-0.019,1.605082,0.8835657,0.3741778
6.74,18.05047,-22.71833,0.003,0.007,0.799244,0.9943325,1.65443
5.67,17.99894,45.50139,0.008,-0.025,1.641429,0.8752886,0.3490357
5.18,18.02497,21.59528,0.011,0.032,1.273455,0.9509609,0.6843027
4.96,18.02511,21.59556,0.012,0.035,0.8634652,0.9954395,1.45368
5.86,18.18769,-75.89139,0.01,-0.295,1.443694,0.9183328,0.5055358
6.76,18.04619,-5.358611,0.011,-0.035,0.8797096,0.9952256,1.40781
5.94,18.05139,-8.180278,0.029,-0.037,1.302141,0.9458218,0.6506131
5.24,18.05136,-8.180556,0.028,-0.037,0.9761498,0.9905277,1.16955
6.36,17.90739,75.17083,-0.013,0.023,1.290627,0.9479049,0.663932
5.97,18.06456,-24.36056,0.002,0.003,0.8172955,0.9949792,1.594669
6.15,18.02664,33.31139,0.025,0.023,1.629291,0.8780689,0.3572699
5.28,18.03975,20.83361,0.005,-0.01,0.7853289,0.9936404,1.702421
6,18.08067,-35.90139,-0.016,-0.035,1.395897,0.9279408,0.5512831
6.41,18.13008,-64.55,-0.015,-0.053,1.455546,0.9159029,0.4946641
6.21,18.04169,22.92306,-0.004,-0.008,0.781925,0.9934445,1.714426
4.69,18.08369,-29.58,0.013,0,1.17863,0.9666066,0.8090019
3.66,18.11053,-50.09167,-0.01,-0.014,0.788763,0.9938273,1.690417
6.5,18.05408,19.61306,0.024,-0.008,0.8209915,0.9950778,1.582768
4.35,18.143,-63.66833,0.013,-0.188,0.9048428,0.9945425,1.340338
2.99,18.09681,-30.42417,-0.053,-0.185,1.302141,0.9458218,0.6506131
6.14,18.07703,1.919167,-0.002,-0.003,0.8172955,0.9949792,1.594669
5.95,18.10658,-36.01972,0.11,0.015,1.093832,0.9784774,0.941588
5.77,18.11383,-43.42472,-0.001,-0.099,0.9048428,0.9945425,1.340338
5.77,18.11383,-43.42472,-0.001,-0.099,1.302141,0.9458218,0.6506131
5.85,18.20958,-73.67167,-0.053,-0.231,1.014014,0.9873076,1.089673
4.03,18.09092,2.499444,0.266,-1.093,1.222698,0.9596106,0.7483163
6.21,18.0525,48.46444,0.029,0.015,0.8284677,0.9952433,1.559035
6.34,18.07783,23.9425,0.011,-0.057,0.9397373,0.9929382,1.253181
5.85,18.10206,-8.323889,-0.008,-0.016,0.9005912,0.994687,1.351465
5.77,18.10422,-4.751389,0.141,-0.032,1.279166,0.9499515,0.6774598
6.34,18.10206,-0.4466667,-0.02,-0.029,1.336976,0.9393615,0.611885
7.04,18.09536,12.00389,-0.008,0.001,0.9397373,0.9929382,1.253181
6.15,18.14169,-45.76722,-0.009,-0.025,0.788763,0.9938273,1.690417
6.38,18.166,-59.04,-0.021,-0.001,1.629291,0.8780689,0.3572699
5.49,18.17392,-62.00222,-0.087,0.223,1.073387,0.9809783,0.977142
6.28,18.11983,-21.44389,0.004,0,0.8634652,0.9954395,1.45368
6.15,18.09172,21.64694,0.015,0.009,1.437773,0.9195387,0.5110475
6.52,18.07867,40.08417,0.03,0.025,1.014014,0.9873076,1.089673
5.06,18.10053,22.21889,-0.01,-0.008,1.647506,0.8738905,0.3449722
4.57,18.13472,-28.45722,0.027,-0.03,1.267758,0.9519608,0.6911988
6.34,18.08356,41.94667,-0.021,0.106,0.9220961,0.9938405,1.296338
5.71,18.09711,32.23056,0.012,-0.026,1.395897,0.9279408,0.5512831
5.52,18.13011,-17.15417,-0.099,0.059,1.366313,0.9337484,0.580982
4.64,18.12178,8.733889,0.011,0.032,1.279166,0.9499515,0.6774598
3.73,18.1225,9.563889,-0.06,0.08,0.8634652,0.9954395,1.45368
6.58,18.15622,-36.6725,-0.011,-0.004,0.8063781,0.9946213,1.630482
6.61,18.14836,-25.4725,0.003,0.018,0.8247156,0.9951659,1.57089
6.73,18.24003,-70.75139,-0.002,-0.023,0.8063781,0.9946213,1.630482
5.04,18.11708,30.56194,-0.094,0.071,1.043325,0.9843654,1.032307
6.63,18.13011,13.07111,0.016,0.008,0.843752,0.9954435,1.511886
6.43,18.16664,-32.71972,0.001,-0.149,1.313705,0.943703,0.6375007
6.07,18.18458,-47.51306,0.007,-0.029,1.420028,0.9231197,0.5278929
3.83,18.12572,28.7625,0.001,0.009,0.8063781,0.9946213,1.630482
5.53,18.16825,-30.72861,0.003,-0.027,1.28489,0.9489328,0.6706696
5.86,18.13042,26.10139,-0.006,0.033,0.8634652,0.9954395,1.45368
5.9,18.13042,26.0975,-0.002,0.033,0.8715355,0.9953564,1.430662
4.53,18.18717,-45.95444,-0.017,-0.037,1.307917,0.9447668,0.6440313
6.37,18.14269,14.28472,-0.005,0.004,0.8838352,0.9951422,1.396449
6.39,18.16206,-13.93444,0.016,-0.003,1.550918,0.8956152,0.4144755
5.86,18.18489,-41.35917,0.032,-0.035,0.9352911,0.9931827,1.263889
4.36,18.14597,20.81444,-0.001,-0.005,0.7621466,0.9920915,1.786308
6.16,18.182,-33.79972,-0.011,0.013,0.7686149,0.9925749,1.762392
4.36,17.53692,86.58639,0.009,0.056,0.8247156,0.9951659,1.57089
6.29,18.11486,50.82278,0.002,0.096,1.325317,0.9415493,0.6245921
5,18.12467,43.46167,0.002,-0.06,1.250751,0.9549033,0.7122089
6.32,18.11842,49.71056,-0.002,0.022,1.302141,0.9458218,0.6506131
5.48,18.13394,36.40139,-0.095,-0.183,1.40184,0.9267572,0.5454844
5.1,18.14803,20.04528,0.008,-0.02,0.8756096,0.995297,1.419215
5.73,18.15939,3.993333,0.038,-0.007,0.9715175,0.9908733,1.179802
6.47,18.23783,-63.68944,-0.033,-0.051,1.544924,0.8969263,0.4191554
5.69,18.165,3.119722,0.022,-0.192,1.018846,0.9868484,1.07996
6.36,18.18744,-19.84222,-0.002,-0.028,0.8797096,0.9952256,1.40781
6.38,18.15283,30.46944,0.071,0.133,1.414119,0.924301,0.5336135
5.51,18.17786,3.324167,0.021,-0.003,1.414119,0.924301,0.5336135
4.98,18.19539,-23.70111,0.017,-0.019,1.331141,0.9404596,0.6182135
6.51,18.1995,-28.90139,0.017,-0.005,0.8136278,0.9948701,1.606589
6.09,18.16908,16.47667,-0.004,-0.007,1.302141,0.9458218,0.6506131
5.47,18.22017,-41.33611,-0.013,-0.004,0.75896,0.9918383,1.798239
5.6,18.26136,-63.05556,-0.023,-0.031,1.256405,0.9539321,0.7051516
6.4,18.16042,38.4575,-0.303,-0.472,1.228278,0.9586892,0.7409844
5.58,18.16639,36.46639,0.011,0.015,1.250751,0.9549033,0.7122089
6.33,18.30025,-68.22917,-0.007,-0.019,0.8027965,0.9944818,1.64245
6.04,18.00094,80.00083,0.045,0.129,1.038387,0.9848868,1.041715
5.68,18.00256,80.00417,0.042,0.122,1.03347,0.9853959,1.051185
5.79,17.51333,86.96806,0.059,0.01,0.9177461,0.9940347,1.307261
3.86,18.22939,-21.05889,0.002,0.001,0.9091193,0.9943857,1.329262
6.59,18.21944,-4.011667,0.015,0.022,0.9264704,0.9936338,1.285468
5.88,18.19586,33.44694,0.012,0.01,0.8209915,0.9950778,1.582768
4.97,18.19839,31.40528,-0.013,0.03,1.690208,0.8639587,0.3174968
5.44,18.23775,-21.71306,-0.008,-0.022,1.611126,0.8821995,0.369895
5.95,18.17544,54.28667,0.104,0.245,1.267758,0.9519608,0.6911988
5.46,18.26464,-44.20667,0.074,0.012,1.279166,0.9499515,0.6774598
5.33,18.28542,-56.02333,-0.006,-0.013,0.799244,0.9943325,1.65443
6.12,18.22125,21.88028,0.062,0.051,1.580958,0.888976,0.3916917
6.06,18.28358,-51.06833,-0.002,-0.008,0.7957208,0.9941736,1.666419
5.38,18.25358,-20.72833,0.003,0.003,0.843752,0.9954435,1.511886
5.95,18.25358,-20.38806,-0.002,0.001,0.8247156,0.9951659,1.57089
6.36,18.21183,41.14694,-0.014,-0.046,1.319505,0.9426305,0.6310211
6.07,18.25856,-18.66139,0.014,0.006,0.8963644,0.9948192,1.36264
6.04,18.218,38.77361,-0.004,0.01,0.788763,0.9938273,1.690417
6.49,18.18531,60.40944,-0.01,0,0.8172955,0.9949792,1.594669
6.18,18.32783,-63.88694,0.043,-0.285,1.073387,0.9809783,0.977142
5.47,18.39336,-75.04417,-0.006,0.03,0.8247156,0.9951659,1.57089
6.36,18.26611,-3.6175,0.015,0.019,0.8963644,0.9948192,1.36264
6.56,18.24556,29.20722,0.016,-0.249,1.053264,0.9832854,1.013674
3.11,18.29378,-36.76167,-0.128,-0.167,1.635357,0.8766814,0.3531348
6.16,18.29336,-34.10722,-0.015,-0.009,0.7785514,0.9932398,1.726427
6.01,18.26822,2.377778,-0.003,-0.015,1.653589,0.8724872,0.3409441
6.19,18.29,-28.6525,0.004,-0.027,0.8879863,0.9950467,1.385133
6.4,18.28992,-28.28917,0.134,-0.156,1.053264,0.9832854,1.013674
5.95,18.48875,-80.23278,-0.037,-0.062,1.395897,0.9279408,0.5512831
5.75,18.28656,-17.37389,-0.003,-0.015,1.647506,0.8738905,0.3449722
6.3,18.31111,-42.28833,-0.007,-0.004,0.7785514,0.9932398,1.726427
6,18.28142,-3.007222,0.012,-0.268,1.239485,0.9568162,0.7264869
6.54,18.29125,-18.46333,-0.003,0,0.8594694,0.9954634,1.465249
4.65,18.30089,-27.0425,0.008,0.005,1.696332,0.8625193,0.3137062
6.31,18.29006,-9.758611,0.009,-0.056,0.9761498,0.9905277,1.16955
6.63,18.28467,1.005833,-0.011,-0.026,0.9442073,0.9926812,1.242528
5.59,18.26078,42.15944,0.001,0,0.781925,0.9934445,1.714426
6.51,18.31158,-25.60472,-0.004,-0.03,1.503099,0.9059449,0.4531172
6.29,18.25906,45.20944,-0.068,-0.11,1.093832,0.9784774,0.941588
6.84,18.31203,-18.61944,0.013,0.006,0.9442073,0.9926812,1.242528
6.37,18.24475,56.58833,-0.011,0.029,0.957758,0.9918342,1.210907
5.03,18.23161,64.39722,0.349,0.035,0.9761498,0.9905277,1.16955
6.3,18.30081,13.77694,-0.001,-0.01,0.8063781,0.9946213,1.630482
5.99,18.30214,18.13139,-0.006,-0.004,0.8284677,0.9952433,1.559035
6.11,18.28522,40.93667,-0.163,0.069,1.296378,0.9468679,0.6572466
6.63,18.30214,23.29667,0.007,-0.018,1.302141,0.9458218,0.6506131
4.36,18.38711,-61.49389,0.001,0.003,1.586981,0.8876316,0.387255
6.45,18.34869,-37.4875,0.011,-0.008,1.485238,0.9097234,0.468343
5.39,18.31931,7.259722,-0.047,0.002,1.342822,0.9382551,0.6056062
5.39,18.33578,-15.83167,0.037,-0.033,1.580958,0.888976,0.3916917
2.7,18.34992,-29.82806,0.035,-0.028,1.526972,0.9008257,0.4334489
5.27,18.31964,24.44611,0.009,0.006,1.617176,0.880828,0.3656496
6.25,18.35872,-24.915,0.007,0.008,1.8076,0.8357696,0.250765
5.1,18.37183,-38.65694,-0.033,-0.028,1.59301,0.8862817,0.3828574
5.75,18.35642,-18.86,0.011,-0.009,1.267758,0.9519608,0.6911988
6.16,18.36672,-28.43,0.014,-0.001,0.9220961,0.9938405,1.296338
5.95,18.25472,68.75583,0.015,-0.061,1.336976,0.9393615,0.611885
4.86,18.34781,3.377222,0,0.01,1.250751,0.9549033,0.7122089
5.99,18.33114,29.66611,0,-0.001,1.47335,0.912213,0.4787271
4.95,18.33831,21.96139,0.017,-0.056,1.653589,0.8724872,0.3409441
3.26,18.35517,-2.898889,-0.547,-0.7,1.267758,0.9519608,0.6911988
5.34,18.38142,-36.66944,0,-0.018,0.7686149,0.9925749,1.762392
6.14,18.42542,-63.02139,-0.007,-0.099,0.8963644,0.9948192,1.36264
4.33,18.33103,36.06444,-0.015,0.043,1.40184,0.9267572,0.5454844
6.13,18.35792,5.435833,0.013,-0.004,0.8027965,0.9944818,1.64245
5.55,18.39136,-36.23833,0.017,-0.006,1.313705,0.943703,0.6375007
5.25,18.40506,-44.11028,-0.002,-0.021,0.7526829,0.9913102,1.822032
5.63,18.34919,29.85889,0.014,0.057,0.9005912,0.994687,1.351465
5.12,18.35028,28.87,0.005,0.05,0.8963644,0.9948192,1.36264
6.33,18.38394,-10.21861,0.024,-0.007,0.8715355,0.9953564,1.430662
1.85,18.40286,-34.38472,-0.038,-0.124,0.8063781,0.9946213,1.630482
6.3,18.33225,51.34778,-0.033,-0.052,1.360425,0.934887,0.587065
5.73,18.38672,-12.01472,-0.007,-0.014,0.8209915,0.9950778,1.582768
5.41,18.36908,23.28528,0.012,0.077,1.659678,0.8710787,0.3369508
5.89,18.37647,12.02889,0.012,-0.008,0.8322476,0.9953098,1.547205
4.68,18.39431,-8.934167,0.045,0.046,1.273455,0.9509609,0.6843027
5.25,18.38028,17.82667,0.071,0.016,1.461477,0.9146789,0.4893029
6.4,18.35197,49.72556,-0.007,0.025,1.342822,0.9382551,0.6056062
6.22,18.38414,16.68806,-0.019,-0.016,1.420028,0.9231197,0.5278929
5.6,18.41708,-30.75667,-0.123,-0.072,1.384036,0.9302863,0.5630207
6.15,18.42269,-35.99167,-0.033,0.013,1.302141,0.9458218,0.6506131
6.38,18.40097,-3.583333,-0.025,-0.055,0.957758,0.9918342,1.210907
5.05,18.35908,49.12167,-0.02,0.053,1.696332,0.8625193,0.3137062
6.31,18.41169,-7.075278,0.134,-0.004,1.395897,0.9279408,0.5512831
6.3,18.43183,-33.94528,0.002,0.006,0.788763,0.9938273,1.690417
5.46,18.44831,-48.11694,-0.007,-0.042,1.211584,0.9614226,0.7631477
3.84,18.39497,21.76972,0.196,-0.242,1.407792,0.9255665,0.539732
4.81,18.4225,-20.54167,0.006,-0.025,1.485238,0.9097234,0.468343
3.51,18.44956,-45.96833,-0.016,-0.054,0.75896,0.9918383,1.798239
6.15,18.41583,-1.579444,-0.017,-0.01,0.9715175,0.9908733,1.179802
5.89,18.54869,-73.96556,-0.002,-0.09,1.290627,0.9479049,0.663932
6.74,18.41911,5.084722,-0.003,0.008,0.8247156,0.9951659,1.57089
6.36,18.39928,38.73917,0.027,0.006,1.302141,0.9458218,0.6506131
5.65,18.42744,8.031944,-0.002,-0.006,1.256405,0.9539321,0.7051516
5.12,18.40383,39.50722,-0.023,-0.002,0.8284677,0.9952433,1.559035
6.27,18.41625,27.39528,0.002,0.008,0.836055,0.9953655,1.535403
4.13,18.48053,-49.07083,0.144,-0.242,1.313705,0.943703,0.6375007
6.37,18.43206,14.96667,0.012,-0.006,0.8209915,0.9950778,1.582768
5.92,18.46375,-29.81639,-0.003,0.032,1.043325,0.9843654,1.032307
5.76,18.49908,-57.52306,0.051,-0.025,1.290627,0.9479049,0.663932
6.31,18.46217,-26.63472,0.003,-0.025,0.9220961,0.9938405,1.296338
5.64,18.47419,-38.99556,-0.002,-0.038,0.8674873,0.9954039,1.442151
6.32,18.39661,53.30083,0.008,-0.015,0.8797096,0.9952256,1.40781
6.27,18.70392,-81.80778,0.001,-0.006,0.7718961,0.9928048,1.750413
2.81,18.46617,-25.42167,-0.044,-0.185,1.325317,0.9415493,0.6245921
6.27,18.46839,-26.75722,0,-0.036,0.8797096,0.9952256,1.40781
6.36,18.48692,-43.84583,-0.002,0.028,1.24511,0.9558647,0.7193206
4.64,18.52289,-62.27833,-0.003,-0.045,0.7785514,0.9932398,1.726427
5.83,18.433,29.82889,0.026,-0.022,0.8398899,0.9954101,1.523629
5.21,18.45347,0.1961111,-0.008,-0.002,1.03347,0.9853959,1.051185
6.2,18.46569,-17.8,-0.004,0.007,0.8209915,0.9950778,1.582768
4.22,18.34597,71.33778,-0.004,0.04,0.781925,0.9934445,1.714426
6.63,18.488,-38.85111,-0.004,-0.007,0.8099886,0.9947508,1.618527
5.7,18.49883,-47.22028,0.013,-0.003,1.455546,0.9159029,0.4946641
4.98,18.39847,58.80056,-0.039,0.06,0.8476411,0.9954656,1.500175
6.53,18.44469,26.44944,-0.003,0,0.7785514,0.9932398,1.726427
6.07,18.46397,3.748611,-0.005,-0.005,1.671872,0.8682461,0.3290678
6.5,18.48261,-26.58167,0.003,0.009,0.8594694,0.9954634,1.465249
3.57,18.35094,72.73278,0.532,-0.35,1.028574,0.9858926,1.060716
5.73,18.46633,6.194167,0,-0.024,0.8063781,0.9946213,1.630482
6.59,18.48944,-25.25639,0.004,-0.001,0.843752,0.9954435,1.511886
4.7,18.48664,-14.56583,0.003,-0.002,0.8398899,0.9954101,1.523629
6.04,18.5175,-41.91361,0,-0.022,0.8715355,0.9953564,1.430662
5.96,18.49633,-14.58167,0.021,0.025,0.8027965,0.9944818,1.64245
5.66,18.50331,-18.72889,0.038,-0.095,1.336976,0.9393615,0.611885
4.96,18.52928,-45.915,-0.008,-0.032,0.7785514,0.9932398,1.726427
5.39,18.49472,-1.985278,0.032,-0.033,1.279166,0.9499515,0.6774598
5.34,18.518,-32.98917,-0.001,-0.045,0.8797096,0.9952256,1.40781
5.72,18.53228,-43.50778,-0.005,-0.019,1.503099,0.9059449,0.4531172
5.07,18.53389,-45.75722,0.004,-0.008,0.7686149,0.9925749,1.762392
6.44,18.55819,-58.70917,0.027,-0.124,1.12508,0.9743699,0.8900779
6.28,18.50397,-5.724167,0.004,-0.018,1.273455,0.9509609,0.6843027
6.69,18.50142,4.065278,0,-0.009,0.8594694,0.9954634,1.465249
5.16,18.53928,-39.70389,0.036,-0.04,0.8476411,0.9954656,1.500175
5.9,18.49325,23.86611,0,-0.007,0.781925,0.9934445,1.714426
5.14,18.52397,-18.40278,-0.003,-0.025,0.8172955,0.9949792,1.594669
4.82,18.43308,65.56361,0.105,-0.023,1.414119,0.924301,0.5336135
5.72,18.52381,-10.79583,0,-0.015,0.9134204,0.9942164,1.318236
6.68,18.53147,-19.125,-0.009,0.001,1.378119,0.9314479,0.5689601
6.22,18.55025,-39.89222,0.086,-0.086,0.9949045,0.9890186,1.129132
6.43,18.46175,59.54917,0.052,0.045,1.302141,0.9458218,0.6506131
6.5,18.51156,20.81528,0.011,-0.258,1.184081,0.9657693,0.8012163
4.64,18.55839,-42.3125,0.031,-0.022,1.307917,0.9447668,0.6440313
6.32,18.55647,-38.72028,0.021,-0.028,1.302141,0.9458218,0.6506131
5.65,18.55642,-38.72611,-0.003,-0.03,0.7957208,0.9941736,1.666419
6.22,18.57533,-52.89194,-0.011,-0.054,1.449618,0.9171209,0.5000749
5.77,18.51789,16.92861,-0.032,-0.021,0.8322476,0.9953098,1.547205
6.37,18.53911,-14.64417,0.019,-0.017,0.9048428,0.9945425,1.340338
5.94,18.5325,-1.003056,0.01,-0.006,0.8797096,0.9952256,1.40781
6.43,18.53528,3.659722,0.031,0.015,0.8027965,0.9944818,1.64245
5.5,18.54536,-14.86556,-0.004,0.001,1.889207,0.8155105,0.2109612
5.28,18.56606,-33.01667,0.004,-0.01,0.7785514,0.9932398,1.726427
5.49,18.56486,-24.0325,0.002,-0.01,1.776492,0.8433564,0.2672864
5.76,18.56083,-14.85361,0.025,-0.013,0.8322476,0.9953098,1.547205
6.36,18.55636,-5.911389,0.012,-0.017,0.8247156,0.9951659,1.57089
7.16,18.86608,-83.31639,-0.008,-0.021,1.455546,0.9159029,0.4946641
6.51,18.57578,-24.2225,0.001,-0.001,1.053264,0.9832854,1.013674
5.84,18.54617,23.61694,0.01,0.016,1.57494,0.8903149,0.3961679
6.42,18.55647,8.268333,0.007,-0.003,0.8063781,0.9946213,1.630482
5.48,18.54719,30.55417,0.01,0.009,0.781925,0.9934445,1.714426
6.48,18.58925,-20.84083,0.03,-0.013,0.9308688,0.9934145,1.274651
5.14,18.584,-10.97722,0.051,-0.004,1.256405,0.9539321,0.7051516
6.59,18.55642,30.8925,0.011,0.009,0.7752084,0.9930265,1.738424
6.37,18.59992,-29.69917,0.009,-0.009,1.461477,0.9146789,0.4893029
3.85,18.58678,-8.244167,-0.015,-0.312,1.497141,0.9072102,0.4581465
6.56,18.5365,52.11556,-0.004,0.006,0.792227,0.9940051,1.678416
6.57,18.57211,20.46639,0.008,-0.006,0.8594694,0.9954634,1.465249
6.4,18.57986,10.89167,0.004,-0.007,0.8476411,0.9954656,1.500175
5.78,18.58683,18.20333,0.014,0.006,0.8172955,0.9949792,1.594669
4.77,18.54292,57.04556,0.001,-0.006,1.088691,0.9791206,0.9503851
6.59,18.52078,65.43611,-0.019,0.071,0.9397373,0.9929382,1.253181
5.61,18.59178,23.60556,0.004,0.005,1.302141,0.9458218,0.6506131
6.21,18.59811,16.97556,0.049,-0.068,1.048284,0.9838315,1.02296
4.01,18.71725,-71.42806,-0.005,-0.156,1.384036,0.9302863,0.5630207
5.36,18.56575,52.35361,-0.002,0.008,1.354547,0.9360177,0.5931965
6.1,18.58708,34.45778,0.006,0.003,0.7785514,0.9932398,1.726427
5.39,18.60772,9.1225,-0.002,-0.129,0.9715175,0.9908733,1.179802
5.86,18.65397,-47.90972,0.028,0.015,0.9091193,0.9943857,1.329262
5.45,18.61086,6.671944,-0.025,-0.141,0.9715175,0.9908733,1.179802
5.94,18.63178,-21.39778,0,-0.067,0.8921627,0.9949391,1.373863
6.47,18.63461,-14.00472,0.019,0.002,0.9005912,0.994687,1.351465
5.81,18.64186,-23.505,-0.003,-0.02,0.8247156,0.9951659,1.57089
5.37,18.65972,-43.18611,-0.052,-0.052,1.708597,0.8596255,0.3062224
6.42,18.62017,11.42167,-0.021,-0.011,0.8099886,0.9947508,1.618527
5.75,18.62667,-0.3094444,0.016,-0.019,0.843752,0.9954435,1.511886
6.39,18.79706,-77.86722,-0.022,0.188,1.08357,0.9797518,0.959243
6.29,18.61917,16.19833,0.01,0.047,1.24511,0.9558647,0.7193206
6.37,18.70625,-64.64306,-0.009,-0.032,0.8756096,0.995297,1.419215
5.42,18.61033,33.46889,-0.019,0,0.781925,0.9934445,1.714426
5.86,18.64817,-21.05194,-0.078,-0.152,1.12508,0.9743699,0.8900779
6.49,18.63992,-3.193611,-0.009,0.032,1.058264,0.9827269,1.004449
6.66,18.63864,-1.113333,-0.027,-0.012,0.9949045,0.9890186,1.129132
0.03,18.61564,38.78361,0.202,0.286,0.8172955,0.9949792,1.594669
6.4,18.63917,8.833889,-0.014,0.006,1.491187,0.9084697,0.4632215
6.2,18.61267,43.22194,0.023,-0.006,0.9134204,0.9942164,1.318236
5.78,18.727,-64.55111,0.003,-0.036,1.279166,0.9499515,0.6774598
6.49,18.69183,-48.095,-0.025,-0.122,1.431855,0.9207385,0.5166105
5.64,18.49581,77.54694,-0.001,0.001,1.407792,0.9255665,0.539732
5.84,18.66681,-7.790556,0.004,-0.032,1.629291,0.8780689,0.3572699
6.38,18.66025,5.264167,0.006,0.001,1.17863,0.9666066,0.8090019
6.04,18.63514,39.66806,0.006,0.006,1.690208,0.8639587,0.3174968
6.28,18.66433,7.358333,0.007,-0.056,1.279166,0.9499515,0.6774598
6.23,18.69767,-23.83333,0.032,-0.024,0.9091193,0.9943857,1.329262
4.79,18.75747,-64.87139,0.027,-0.149,0.8963644,0.9948192,1.36264
6.06,18.60369,65.48861,0.019,0.083,0.9308688,0.9934145,1.274651
6.42,18.69514,-14.56417,0.006,0.001,1.195033,0.9640624,0.7858177
6.04,18.75319,-61.095,0.023,-0.023,1.57494,0.8903149,0.3961679
6.36,18.66722,30.84944,-0.005,0.032,1.302141,0.9458218,0.6506131
6.25,18.65919,40.935,0.027,-0.002,0.7957208,0.9941736,1.666419
5.74,18.62597,62.52667,-0.005,0.051,0.7957208,0.9941736,1.666419
6.45,18.67006,38.36722,0.026,0.001,0.9005912,0.994687,1.351465
4.72,18.70456,-9.0525,0.009,0.002,0.9623215,0.9915266,1.200481
5.13,18.72969,-38.32361,0.003,-0.057,0.8515572,0.9954764,1.488497
6.22,18.75658,-56.88167,-0.054,-0.007,1.526972,0.9008257,0.4334489
6.35,18.71533,-19.28389,-0.001,-0.024,1.751717,0.8493406,0.2810216
6.15,18.71003,-7.073333,-0.003,0.005,1.302141,0.9458218,0.6506131
6.17,18.40256,83.17528,0.015,-0.027,0.836055,0.9953655,1.535403
6.32,18.73547,-36.71861,0,-0.06,1.290627,0.9479049,0.663932
6.06,18.82875,-72.99472,-0.004,0.024,0.8172955,0.9949792,1.594669
6,18.66467,52.19611,0.004,0.028,0.792227,0.9940051,1.678416
4.87,18.73872,-35.64194,0,-0.031,0.7558053,0.9915778,1.810148
6.41,18.69481,31.61778,0.008,0.009,0.8027965,0.9944818,1.64245
5.43,18.74922,-39.68639,0.008,-0.011,1.228278,0.9586892,0.7409844
4.9,18.72536,-8.275278,0.022,0.008,1.372211,0.932602,0.5749471
6.47,18.70225,34.74667,0.01,0.008,0.7718961,0.9928048,1.750413
6.31,18.73094,-6.818611,0.048,-0.055,1.023699,0.9863767,1.070307
5.83,18.74711,-25.01111,0.005,-0.022,0.836055,0.9953655,1.535403
5.73,18.8105,-65.07778,-0.045,-0.083,0.9134204,0.9942164,1.318236
6.54,18.78308,-50.09444,-0.001,-0.034,0.9308688,0.9934145,1.274651
6.36,18.75519,-21.00139,0.027,-0.019,1.009204,0.9877542,1.099447
3.17,18.76094,-26.99083,0.053,0,0.7785514,0.9932398,1.726427
5.02,18.74719,2.06,0.009,-0.018,0.7957208,0.9941736,1.666419
6.45,18.72131,39.30028,0.016,-0.002,1.653589,0.8724872,0.3409441
6.09,18.68231,62.74972,0,0.061,1.290627,0.9479049,0.663932
6.01,18.72669,36.55667,0.024,0.065,1.325317,0.9415493,0.6245921
5.7,18.731,31.92667,-0.033,-0.129,0.957758,0.9918342,1.210907
6.42,18.767,-19.60639,-0.002,0.004,1.690208,0.8639587,0.3174968
5.37,18.77239,-22.39222,0.031,0,1.68409,0.8653929,0.3213205
6.31,18.7445,23.58972,0.009,-0.087,0.9854823,0.9897984,1.149222
5.83,18.75789,5.499722,0.015,-0.011,0.8322476,0.9953098,1.547205
5.04,18.71053,55.53944,-0.002,0.024,0.7853289,0.9936404,1.702421
5.24,18.79572,-40.40611,0.03,-0.017,1.17863,0.9666066,0.8090019
5.06,18.739,39.67,0.017,0.059,0.8797096,0.9952256,1.40781
6.02,18.73897,39.67111,0.003,0.059,1.302141,0.9458218,0.6506131
5.14,18.73969,39.61306,0.008,0.064,0.8921627,0.9949391,1.373863
5.37,18.73969,39.61278,0.007,0.064,1.302141,0.9458218,0.6506131
5.71,18.77869,-10.125,-0.005,0.002,1.078469,0.9803711,0.968162
4.36,18.74622,37.605,0.028,0.024,0.8921627,0.9949391,1.373863
5.73,18.74672,37.59444,0.022,0.019,0.9308688,0.9934145,1.274651
6.51,18.75992,21.985,0.015,0.012,0.8247156,0.9951659,1.57089
5.9,18.77458,-0.9616667,0.013,-0.022,0.8674873,0.9954039,1.442151
6.11,18.72472,53.87194,0.006,-0.008,0.8634652,0.9954395,1.45368
4.19,18.76103,20.54639,-0.008,-0.335,1.014014,0.9873076,1.089673
5.49,18.81403,-43.68,0.025,-0.019,0.8674873,0.9954039,1.442151
4.22,18.78625,-4.747778,-0.004,-0.016,1.360425,0.934887,0.587065
4.83,18.76792,26.66222,0.018,0.024,1.420028,0.9231197,0.5278929
5.81,18.82428,-45.81028,0.076,0.051,1.24511,0.9558647,0.7193206
5.2,18.79139,-5.705,-0.041,-0.028,1.580958,0.888976,0.3916917
6.17,18.77817,18.70583,0.028,-0.022,1.653589,0.8724872,0.3409441
5.61,18.82639,-43.43389,-0.003,-0.024,0.788763,0.9938273,1.690417
4.36,18.78369,18.18139,0.073,0.116,0.8674873,0.9954039,1.442151
6.62,18.82144,-34.74861,0.046,-0.101,1.348679,0.9371404,0.5993768
6.23,18.74872,54.89667,0.007,-0.019,1.200534,0.963193,0.7782043
6.47,18.81258,-18.60139,-0.007,-0.004,1.302141,0.9458218,0.6506131
6.07,18.77028,41.44167,0.001,-0.001,0.7718961,0.9928048,1.750413
4.22,18.87028,-62.1875,-0.006,-0.014,0.7686149,0.9925749,1.762392
5.99,18.73839,61.04806,-0.005,0.018,1.279166,0.9499515,0.6774598
6.21,18.80075,4.241389,-0.002,0.014,1.605082,0.8835657,0.3741778
6.75,18.82653,-19.14222,0.017,0.01,0.8963644,0.9948192,1.36264
5.24,18.82781,-20.32472,0.005,0.036,1.544924,0.8969263,0.4191554
6.15,18.80456,23.51417,0.024,-0.03,1.028574,0.9858926,1.060716
6.52,18.78306,46.315,-0.002,-0.01,0.843752,0.9954435,1.511886
6.06,18.79931,31.75694,0.009,-0.002,0.7718961,0.9928048,1.750413
6.44,18.7195,70.79278,-0.002,-0.004,1.302141,0.9458218,0.6506131
5.99,18.82806,-5.912778,0.005,-0.006,1.659678,0.8710787,0.3369508
5.88,18.77864,52.98806,0.01,-0.002,0.7853289,0.9936404,1.702421
6.25,18.82697,0.8358333,-0.001,-0.024,0.8322476,0.9953098,1.547205
5.88,18.81483,19.32861,0.017,-0.021,0.8284677,0.9952433,1.559035
5.17,18.87767,-52.1075,0.041,-0.103,1.267758,0.9519608,0.6911988
6.61,18.84736,-22.16222,-0.019,-0.033,0.9761498,0.9905277,1.16955
6.8,18.83889,-7.9075,0.003,0.003,2.62016,0.6190674,0.003331164
6.4,18.79444,49.075,0.005,0.019,1.302141,0.9458218,0.6506131
6.59,18.82067,25.04639,0.003,-0.014,1.302141,0.9458218,0.6506131
5.54,18.87419,-46.59528,0.019,-0.003,1.677979,0.8668221,0.3251773
6.31,18.88669,-51.93111,0.01,-0.006,0.7853289,0.9936404,1.702421
5.83,18.84958,-9.774167,0.002,-0.002,1.088691,0.9791206,0.9503851
6.19,18.88403,-48.36,-0.003,-0.046,0.8715355,0.9953564,1.430662
6.12,18.80447,48.7675,-0.019,0.05,0.9005912,0.994687,1.351465
6.19,18.88322,-46.58583,-0.028,0.023,0.8284677,0.9952433,1.559035
6.64,18.82889,31.62917,-0.003,-0.012,0.8247156,0.9951659,1.57089
6.55,18.846,10.97639,0.023,0.009,1.302141,0.9458218,0.6506131
5.91,18.82942,32.81278,0.006,-0.008,0.7621466,0.9920915,1.786308
6.1,18.85614,-3.317778,0,-0.02,0.9397373,0.9929382,1.253181
5.25,18.83136,32.55083,-0.009,-0.014,0.8476411,0.9954656,1.500175
6.29,18.87458,-26.65028,0.013,-0.046,1.267758,0.9519608,0.6911988
6.13,18.87694,-29.37944,-0.002,-0.04,1.509061,0.9046737,0.4481333
6.63,18.87825,-30.73417,-0.002,-0.023,0.799244,0.9943325,1.65443
3.45,18.83467,33.36278,0.003,-0.003,0.8172955,0.9949792,1.594669
4.44,18.94917,-67.23361,-0.01,0.012,1.140957,0.9721593,0.8651342
6.6,18.90897,-49.87861,-0.01,-0.012,0.8476411,0.9954656,1.500175
6.14,18.86719,13.96556,-0.011,-0.005,0.8172955,0.9949792,1.594669
6.34,18.88386,-9.576111,0.04,-0.002,0.8963644,0.9948192,1.36264
6.48,18.94853,-62.80111,0,0.032,1.617176,0.880828,0.3656496
6.18,18.85997,28.78361,0.012,0.008,1.407792,0.9255665,0.539732
5.48,18.87122,21.42528,-0.006,-0.008,0.792227,0.9940051,1.678416
5.69,18.90003,-21.35972,0.008,-0.015,1.437773,0.9195387,0.5110475
6.09,18.86014,36.53861,-0.007,-0.022,0.7785514,0.9932398,1.726427
4.83,18.90283,-22.745,0.01,-0.01,1.544924,0.8969263,0.4191554
5.27,18.76297,74.08556,0.005,0.077,1.256405,0.9539321,0.7051516
6.28,18.86864,41.38333,-0.016,-0.001,0.7853289,0.9936404,1.702421
5.1,18.91197,-15.60306,-0.008,-0.005,0.8838352,0.9951422,1.396449
4.99,18.91864,-22.67139,0.103,-0.026,1.497141,0.9072102,0.4581465
2.02,18.92108,-26.29667,0.013,-0.054,0.7435117,0.9904674,1.857505
5.36,18.93803,-42.71056,-0.035,-0.026,1.302141,0.9458218,0.6506131
5.51,18.85972,52.975,-0.046,0.271,1.211584,0.9614226,0.7631477
5.35,18.77283,75.43389,-0.015,0.073,0.836055,0.9953655,1.535403
4.66,18.85336,59.38833,0.079,0.027,1.414119,0.924301,0.5336135
5.79,18.92528,-16.37667,-0.025,-0.185,0.966908,0.9912063,1.190112
5.14,18.97678,-60.20056,-0.126,0.031,1.520997,0.9021141,0.4382997
5.93,18.9335,-23.17361,-0.002,-0.009,0.8099886,0.9947508,1.618527
5.38,18.94458,-37.34333,0.009,-0.026,0.7686149,0.9925749,1.762392
6.01,19.00097,-66.65333,0.003,-0.04,1.28489,0.9489328,0.6706696
5.58,18.89544,36.97167,0.004,-0.002,0.765365,0.9923371,1.774358
5.62,18.90367,27.90944,-0.016,-0.074,1.509061,0.9046737,0.4481333
4.59,18.91247,22.645,0,0.001,1.17863,0.9666066,0.8090019
4.87,18.97436,-52.93861,0.01,-0.011,0.799244,0.9943325,1.65443
5.57,18.92431,6.615278,0.021,-0.087,1.325317,0.9415493,0.6245921
6.31,18.95964,-39.82333,0.037,0.029,0.8963644,0.9948192,1.36264
4.92,18.88711,50.70833,0.005,-0.025,1.24511,0.9558647,0.7193206
7.3,18.90397,41.22556,0.034,0.017,1.302141,0.9458218,0.6506131
4.3,18.90839,36.89889,-0.009,0.01,1.708597,0.8596255,0.3062224
6.02,18.91458,33.96861,-0.008,0.003,1.250751,0.9549033,0.7122089
4.62,18.937,4.203611,0.049,0.031,0.8838352,0.9951422,1.396449
4.98,18.93739,4.201944,0.049,0.026,0.8963644,0.9948192,1.36264
6.22,18.93964,-1.8,-0.005,-0.022,0.799244,0.9943325,1.65443
6.15,18.94044,2.471111,0.007,-0.011,1.28489,0.9489328,0.6706696
5.08,18.95569,-20.65639,-0.001,-0.007,0.8674873,0.9954039,1.442151
5.44,18.9145,41.60278,0.002,-0.002,1.319505,0.9426305,0.6310211
6.63,18.93442,17.995,0.011,-0.018,0.8027965,0.9944818,1.64245
5.69,18.93506,18.10528,-0.041,-0.162,1.354547,0.9360177,0.5931965
4.83,18.95103,-5.846111,0.066,-0.036,1.348679,0.9371404,0.5993768
3.51,18.96217,-21.10667,0.033,-0.012,1.407792,0.9255665,0.539732
6.12,18.97258,-31.03611,-0.045,-0.056,1.509061,0.9046737,0.4481333
4.87,18.97872,-37.1075,-0.132,-0.105,0.9901823,0.9894148,1.139147
6.22,18.89619,57.48694,0.018,-0.006,1.437773,0.9195387,0.5110475
5.77,18.91308,48.85972,-0.061,-0.118,0.9996489,0.9886097,1.119177
6.62,18.97236,-24.87667,0.007,0.003,0.8476411,0.9954656,1.500175
6.49,18.98642,-39.53472,0.009,-0.035,0.8027965,0.9944818,1.64245
4.04,18.92225,43.94611,0.023,0.083,1.653589,0.8724872,0.3409441
5.57,18.95461,2.535278,-0.005,-0.012,0.8172955,0.9949792,1.594669
6.14,18.9735,-22.52944,-0.022,0.017,0.8515572,0.9954764,1.488497
6.39,18.76058,79.9425,0.015,0.057,0.9308688,0.9934145,1.274651
5.88,19.05825,-68.75528,-0.015,-0.003,1.063285,0.9821562,0.9952854
5.22,18.95044,32.90139,0.172,-0.157,1.078469,0.9803711,0.968162
6.21,18.97328,6.240278,-0.003,-0.104,1.014014,0.9873076,1.089673
6.37,18.99078,-18.56694,0.003,-0.043,1.296378,0.9468679,0.6572466
5.38,18.97075,17.36083,-0.003,-0.007,1.189549,0.9649212,0.7934883
5.53,18.98994,-12.84056,0.002,-0.018,0.8027965,0.9944818,1.64245
5.89,18.97969,13.90667,-0.002,-0.052,0.9177461,0.9940347,1.307261
6.36,19.00689,-24.94222,0.055,0.044,1.449618,0.9171209,0.5000749
6.69,19.01756,-37.06083,0.011,-0.02,1.302141,0.9458218,0.6506131
6.4,19.01786,-37.06194,0.01,-0.04,0.8063781,0.9946213,1.630482
6.5,18.97919,19.79417,0.004,-0.004,0.8027965,0.9944818,1.64245
5.23,18.98492,13.6225,0.014,-0.123,1.048284,0.9838315,1.02296
6.75,18.98819,10.14083,0.025,-0.011,0.9177461,0.9940347,1.307261
5.89,18.96719,38.26611,0.001,0,0.75896,0.9918383,1.798239
5.66,18.94583,57.815,-0.029,-0.062,1.389962,0.9291172,0.5571284
4.02,18.99372,15.06833,-0.051,-0.073,1.348679,0.9371404,0.5993768
6.23,19.03575,-41.91,0.048,0.002,0.8172955,0.9949792,1.594669
3.24,18.98239,32.68944,-0.002,0.002,0.799244,0.9943325,1.65443
6.22,18.97961,40.67917,0.008,0,0.7621466,0.9920915,1.786308
4.82,18.90664,71.29722,0.049,0.044,1.389962,0.9291172,0.5571284
5.27,18.99597,26.23056,0.088,-0.008,1.443694,0.9183328,0.5055358
6.24,19.02717,-22.69556,0.004,0,1.696332,0.8625193,0.3137062
6.29,18.99947,22.81472,-0.022,0.012,1.751717,0.8493406,0.2810216
6.46,18.95789,58.22528,0.014,0.047,0.8476411,0.9954656,1.500175
6.41,18.98675,39.21778,0.002,0.012,0.75896,0.9918383,1.798239
6.32,19.02597,-15.2825,0,0.003,1.302141,0.9458218,0.6506131
5.63,18.94044,65.25806,-0.028,-0.032,1.273455,0.9509609,0.6843027
4.75,19.05192,-42.09528,0.061,-0.049,0.8099886,0.9947508,1.618527
5.93,19.06594,-51.01861,0.028,-0.146,1.443694,0.9183328,0.5055358
6.45,18.95483,62.39667,0.006,-0.039,1.262074,0.9529513,0.6981484
4.93,19.00025,32.14556,0.013,0.013,1.580958,0.888976,0.3916917
4.02,19.028,-5.738889,-0.019,-0.033,1.354547,0.9360177,0.5931965
2.6,19.04353,-29.88028,-0.015,-0.002,0.8476411,0.9954656,1.500175
5.65,19.04103,-24.84694,-0.022,-0.175,1.437773,0.9195387,0.5110475
6.3,18.98322,50.80944,0.024,0.018,1.290627,0.9479049,0.663932
5.74,19.05492,-38.25333,0.013,0.009,0.9487008,0.9924115,1.231931
6.39,19.01819,19.30972,0.018,0.002,1.302141,0.9458218,0.6506131
6.22,18.89256,75.7875,0.013,0.024,1.302141,0.9458218,0.6506131
6.69,19.02294,20.83361,0.007,0.017,0.8247156,0.9951659,1.57089
6.65,19.00528,40.68417,0.002,-0.011,1.302141,0.9458218,0.6506131
5.69,19.0215,26.29139,0,-0.011,0.788763,0.9938273,1.690417
6.05,19.05106,-19.24528,0.007,0.006,1.47335,0.912213,0.4787271
6.01,19.01533,33.80222,0.007,0.003,1.28489,0.9489328,0.6706696
6.37,19.05194,-19.10333,0.007,-0.015,1.023699,0.9863767,1.070307
6.72,19.02636,25.02583,-0.001,0,1.302141,0.9458218,0.6506131
6.4,19.03042,22.26389,0.021,-0.008,0.8797096,0.9952256,1.40781
6.3,19.03933,8.374167,0.026,0.022,1.702462,0.8610749,0.3099481
5.42,19.04847,-3.698889,0.023,0.007,0.8172955,0.9949792,1.594669
5.38,19.00381,50.53361,0.009,0.005,0.7558053,0.9915778,1.810148
5.5,19.07364,-31.04694,0.014,-0.016,0.8284677,0.9952433,1.559035
6.39,19.03008,33.62139,-0.003,0.003,0.7752084,0.9930265,1.738424
5.16,19.10553,-52.34083,0.03,-0.118,1.048284,0.9838315,1.02296
5.83,19.05894,1.818889,0.006,-0.067,0.8879863,0.9950467,1.385133
5.01,19.024,46.93472,0.02,-0.084,0.8921627,0.9949391,1.373863
6.09,19.04794,19.66111,0.004,-0.001,1.503099,0.9059449,0.4531172
3.77,19.07806,-21.74167,0.08,-0.06,1.307917,0.9447668,0.6440313
5.48,19.01206,55.65833,-0.016,-0.006,1.222698,0.9596106,0.7483163
6.73,19.06964,3.330556,0.007,0.013,0.8674873,0.9954039,1.442151
5.33,19.16464,-68.42472,0.145,-0.052,1.250751,0.9549033,0.7122089
6.52,19.06181,21.26778,0.022,-0.021,0.9487008,0.9924115,1.231931
5.97,19.11544,-48.29917,0.016,-0.016,0.8099886,0.9947508,1.618527
6.52,18.98128,69.53111,0.005,0.004,0.765365,0.9923371,1.774358
5.42,19.08267,-4.031389,0.02,-0.027,1.372211,0.932602,0.5749471
4.93,19.10697,-37.06333,0.096,-0.274,1.043325,0.9843654,1.032307
4.99,19.10697,-37.06333,0.096,-0.274,1.043325,0.9843654,1.032307
5.47,21.14617,-88.95639,0.023,0.005,0.9264704,0.9936338,1.285468
6.31,19.03528,52.26111,-0.007,-0.026,1.302141,0.9458218,0.6506131
5.97,19.09478,-15.66028,0.003,-0.007,0.8099886,0.9947508,1.618527
6.53,19.0885,-1.512778,-0.003,-0.007,0.9623215,0.9915266,1.200481
6.16,19.11458,-37.81028,-0.184,-0.352,1.146286,0.9713996,0.8569388
6.49,19.14781,-55.72028,0.031,-0.11,1.360425,0.934887,0.587065
3.32,19.11567,-27.67056,-0.053,-0.251,1.414119,0.924301,0.5336135
2.99,19.09017,13.86333,-0.005,-0.096,0.8209915,0.9950778,1.582768
3.44,19.10414,-4.8825,-0.017,-0.09,0.7853289,0.9936404,1.702421
5.56,19.08275,31.74444,0.076,-0.067,1.623231,0.8794511,0.3614414
6.06,19.08286,30.73333,0.03,-0.022,1.629291,0.8780689,0.3572699
6.03,19.11453,-16.22889,0.021,0.004,0.8027965,0.9944818,1.64245
6.04,19.12525,-28.63694,0.008,-0.01,1.665772,0.869665,0.3329922
6.29,19.11903,-18.73778,0.019,-0.004,0.8027965,0.9944818,1.64245
4.59,19.13914,-40.49667,0.037,-0.026,1.354547,0.9360177,0.5931965
6.09,19.10617,8.23,0.006,-0.071,1.659678,0.8710787,0.3369508
6.31,19.09642,29.92167,-0.005,-0.009,1.690208,0.8639587,0.3174968
6.56,19.11919,0.6416667,0.003,0.009,0.836055,0.9953655,1.535403
6.3,19.13739,-24.65694,0.018,0.005,0.8322476,0.9953098,1.547205
6.54,18.96589,77.05083,-0.039,-0.064,0.9761498,0.9905277,1.16955
5.09,19.11628,11.07139,0.005,-0.026,0.792227,0.9940051,1.678416
5.54,19.13797,-19.29,0.006,0.008,0.7785514,0.9932398,1.726427
5.77,19.11067,24.25083,0.055,0.015,0.8515572,0.9954764,1.488497
5.38,19.082,53.39667,-0.003,0.025,0.8136278,0.9948701,1.606589
6.43,19.08608,49.92333,-0.004,0.014,1.302141,0.9458218,0.6506131
5.55,19.11047,28.62861,0.076,0.085,0.9352911,0.9931827,1.263889
4.11,19.15786,-37.90444,0.084,-0.098,0.8322476,0.9953098,1.547205
6.46,19.16103,-39.82806,-0.001,-0.049,1.336976,0.9393615,0.611885
6.56,19.16011,-36.16472,-0.008,-0.013,0.8099886,0.9947508,1.618527
5.88,19.16606,-41.8925,0.01,-0.02,0.788763,0.9938273,1.690417
6.49,19.10472,41.41389,0.003,-0.002,0.765365,0.9923371,1.774358
4.11,19.16714,-39.34083,0.003,-0.038,1.420028,0.9231197,0.5278929
6.07,19.13258,16.85333,0.06,-0.306,1.135646,0.9729076,0.8733891
5.23,19.12378,32.50167,0.13,0.023,0.957758,0.9918342,1.210907
5.28,19.12169,36.10028,0.001,-0.004,0.7785514,0.9932398,1.726427
6.23,19.13433,21.69889,0.051,0.074,0.9854823,0.9897984,1.149222
2.89,19.16272,-21.02361,0,-0.035,0.9623215,0.9915266,1.200481
6.13,19.16336,-19.80361,0.02,-0.079,1.395897,0.9279408,0.5512831
5.22,19.14997,6.073333,-0.006,-0.076,0.9623215,0.9915266,1.200481
6.48,19.1445,16.85139,-0.036,-0.104,1.043325,0.9843654,1.032307
6.36,19.18383,-39.005,-0.011,-0.018,0.8209915,0.9950778,1.582768
6.34,19.16433,-0.4280556,0.006,-0.006,0.8027965,0.9944818,1.64245
6.3,19.18858,-29.50222,0.033,-0.018,0.8027965,0.9944818,1.64245
6.13,19.21281,-50.48639,0.04,-0.044,1.273455,0.9509609,0.6843027
6.74,19.15122,34.60056,0.053,0.195,1.098992,0.9778222,0.9328517
6.57,19.20272,-37.58278,0.01,0.008,1.313705,0.943703,0.6375007
6.27,19.27458,-69.19056,0,-0.024,0.8838352,0.9951422,1.396449
5.81,19.1405,52.42556,-0.099,-0.059,1.354547,0.9360177,0.5931965
6.41,19.20778,-21.65806,0.027,-0.012,1.378119,0.9314479,0.5689601
5.8,19.22047,-25.90667,-0.002,-0.006,1.526972,0.9008257,0.4334489
5.53,19.28667,-66.66139,-0.002,-0.021,0.8879863,0.9950467,1.385133
5.34,19.21131,-7.939444,0.016,-0.006,0.8674873,0.9954039,1.442151
6.36,19.19192,26.73583,0.023,-0.036,0.9901823,0.9894148,1.139147
5.92,19.24436,-45.19333,0.059,-0.036,1.24511,0.9558647,0.7193206
5.51,19.22097,-12.2825,0.012,-0.027,1.562919,0.8929762,0.4052402
5.98,19.19611,31.28333,-0.002,-0.003,0.792227,0.9940051,1.678416
6.18,19.18975,40.42917,0,-0.023,0.8515572,0.9954764,1.488497
6.73,19.20956,16.84639,-0.006,-0.015,0.8136278,0.9948701,1.606589
5.93,19.21019,21.55444,0.005,-0.002,0.8284677,0.9952433,1.559035
5.15,19.22853,2.293611,0.009,-0.003,0.792227,0.9940051,1.678416
6.49,19.22892,5.515833,0.016,-0.006,0.8515572,0.9954764,1.488497
5.4,19.27269,-45.46639,-0.003,0.002,1.509061,0.9046737,0.4481333
6.25,19.16272,65.97861,0.001,0.03,0.8172955,0.9949792,1.594669
6.25,19.25922,-24.17917,0.116,-0.095,1.053264,0.9832854,1.013674
4.85,19.259,-25.25667,0.045,-0.025,1.063285,0.9821562,0.9952854
6.75,19.20128,49.85417,-0.19,0.637,1.10937,0.9764765,0.9155611
6.57,19.20139,49.85611,-0.21,0.635,1.10937,0.9764765,0.9155611
5.12,19.19458,56.85917,0.039,0.048,1.307917,0.9447668,0.6440313
6.25,19.27578,-33.52167,0.012,0.024,0.8247156,0.9951659,1.57089
6.38,19.30261,-53.38667,-0.013,-0.065,1.028574,0.9858926,1.060716
4.39,19.22931,39.14611,0.004,0.002,0.765365,0.9923371,1.774358
6,19.25072,20.20333,-0.012,0,1.233874,0.9577577,0.733708
5.57,19.25558,15.08361,0.002,-0.011,1.342822,0.9382551,0.6056062
5.64,19.25483,21.23222,0.039,0.012,0.8594694,0.9954634,1.465249
5.85,19.25689,30.52639,0.029,-0.023,1.702462,0.8610749,0.3099481
5.59,19.27528,4.834722,0.015,-0.016,0.8476411,0.9954656,1.500175
4.96,19.29392,-18.95306,-0.012,-0.014,1.313705,0.943703,0.6375007
6.54,19.26583,27.45556,0.007,-0.018,0.7957208,0.9941736,1.666419
4.77,19.27028,21.39028,0,-0.009,0.799244,0.9943325,1.65443
5.63,19.27411,14.54472,0.01,0.009,0.8099886,0.9947508,1.618527
6.16,19.2665,27.92694,0.001,0.022,1.088691,0.9791206,0.9503851
4.99,19.232,57.705,-0.01,-0.07,1.395897,0.9279408,0.5512831
3.07,19.20925,67.66167,0.094,0.093,1.302141,0.9458218,0.6506131
6.27,19.25536,50.07083,0.005,-0.003,1.302141,0.9458218,0.6506131
5.13,19.15272,76.56056,0.047,-0.123,0.9442073,0.9926812,1.242528
6.19,19.29672,2.031667,-0.004,-0.03,0.8247156,0.9951659,1.57089
4.36,19.27281,38.13361,-0.001,0.004,1.455546,0.9159029,0.4946641
5.28,19.29694,11.59528,0.003,0.013,0.8963644,0.9948192,1.36264
5.59,19.32778,-35.42139,0.007,-0.013,0.7718961,0.9928048,1.750413
6.06,19.31669,-15.53639,-0.091,-0.267,1.556916,0.8942985,0.4098373
5.43,19.29544,23.02556,0.001,-0.005,0.8247156,0.9951659,1.57089
5.1,19.30903,1.085278,0.01,0.019,1.389962,0.9291172,0.5571284
6.34,19.4015,-68.37111,-0.026,-0.003,1.437773,0.9195387,0.5110475
6.41,19.31414,0.3391667,0.012,0.012,1.331141,0.9404596,0.6182135
6,19.28094,46.99917,-0.008,0.295,1.004415,0.9881883,1.109282
6.58,19.34061,-31.81778,-0.004,0.004,1.702462,0.8610749,0.3099481
6.68,19.30022,31.02222,-0.004,0.02,0.8476411,0.9954656,1.500175
6.32,19.31464,9.618056,0.003,-0.039,1.331141,0.9404596,0.6182135
6.58,19.31347,19.61056,0.022,0.002,0.8284677,0.9952433,1.559035
5.58,19.34392,-22.4025,-0.015,0.035,0.9264704,0.9936338,1.285468
3.77,19.28506,53.36861,0.059,0.125,1.279166,0.9499515,0.6774598
5.05,19.38086,-54.42361,0.015,-0.072,0.8247156,0.9951659,1.57089
6.48,19.35831,-34.98389,0.106,-0.099,1.098992,0.9778222,0.9328517
5.53,19.32758,12.37472,0.008,0.021,0.9220961,0.9938405,1.296338
6.02,19.33139,11.535,0.042,0.026,0.8476411,0.9954656,1.500175
5.01,19.34247,-5.415833,0.116,0.048,1.256405,0.9539321,0.7051516
6.34,19.36933,-42.01611,-0.05,-0.034,1.384036,0.9302863,0.5630207
6.6,19.31772,33.38889,-0.01,-0.033,0.7526829,0.9913102,1.822032
5.49,19.34325,-0.8922222,0.006,0.006,0.8027965,0.9944818,1.64245
4.01,19.37731,-44.45889,0.009,-0.02,0.781925,0.9934445,1.714426
6.22,19.317,37.44528,0.014,0.017,0.8063781,0.9946213,1.630482
6.26,19.36031,-19.23417,0.007,-0.001,0.781925,0.9934445,1.714426
3.93,19.36122,-17.84722,-0.024,0.024,0.9048428,0.9945425,1.340338
6.31,19.31047,49.56972,0.01,0.054,1.372211,0.932602,0.5749471
4.61,19.36211,-15.955,0.002,-0.006,0.8555,0.9954757,1.476855
4.29,19.387,-44.79972,0.097,-0.054,0.957758,0.9918342,1.210907
5.87,19.36414,-18.30833,0.102,-0.092,1.336976,0.9393615,0.611885
6.31,19.32747,37.33056,-0.066,-0.187,1.12508,0.9743699,0.8900779
6.31,19.34253,35.18611,0.014,0.006,0.7752084,0.9930265,1.738424
6.31,19.37242,-8.201111,-0.013,-0.024,0.781925,0.9934445,1.714426
3.97,19.39811,-40.61611,0.03,-0.123,0.781925,0.9934445,1.714426
5.83,19.37264,-0.2525,0.061,-0.025,1.354547,0.9360177,0.5931965
6.17,19.40594,-43.72306,0.024,-0.037,1.659678,0.8710787,0.3369508
6.26,19.32681,54.37611,0.018,-0.025,0.8284677,0.9952433,1.559035
4.45,19.25917,73.35556,-0.14,0.107,1.449618,0.9171209,0.5000749
6.32,19.38461,-7.400278,0.042,-0.007,1.568927,0.8916483,0.4006839
6.35,19.38011,9.913056,0.011,0.109,1.004415,0.9881883,1.109282
6.04,19.40836,-27.86556,0.004,-0.001,0.7718961,0.9928048,1.750413
5.91,19.33781,57.64528,0.023,0.011,1.647506,0.8738905,0.3449722
6.64,19.38561,14.92111,-0.027,-0.009,0.9264704,0.9936338,1.285468
5.18,19.38081,26.2625,-0.001,-0.01,0.7752084,0.9930265,1.738424
6.06,19.37594,33.51806,0.008,-0.033,1.319505,0.9426305,0.6310211
5.93,19.41781,-29.30917,0.002,-0.051,1.455546,0.9159029,0.4946641
6.52,19.32947,64.39083,-0.002,0.01,0.8027965,0.9944818,1.64245
5.03,19.42125,-24.50861,0.056,-0.054,0.9091193,0.9943857,1.329262
5.43,19.42492,-23.96222,-0.014,-0.005,1.556916,0.8942985,0.4098373
6.4,19.39636,20.26444,-0.007,0.008,0.8209915,0.9950778,1.582768
6.43,19.35706,57.76694,0.021,0.042,1.302141,0.9458218,0.6506131
6.52,19.41711,-4.884167,0.054,0.015,0.9532177,0.9921292,1.221391
5.69,19.42267,-13.89694,0.057,0.066,1.556916,0.8942985,0.4098373
6.37,19.39278,33.22222,0.085,0.168,1.195033,0.9640624,0.7858177
6.25,19.40614,16.93778,-0.003,-0.011,0.8476411,0.9954656,1.500175
5.69,19.46336,-54.32528,-0.006,0.009,1.538936,0.8982318,0.4238772
4.59,19.34447,65.71472,0.012,0.045,0.8247156,0.9951659,1.57089
4.97,19.40211,29.62139,0.013,0.013,0.781925,0.9934445,1.714426
5.16,19.41617,11.94444,0.722,0.643,1.173196,0.967433,0.8168453
6.53,19.40622,28.08778,-0.021,0.003,0.788763,0.9938273,1.690417
5.59,19.43867,-21.77667,0.04,-0.005,1.431855,0.9207385,0.5166105
6.36,19.40169,36.45194,0.01,0.077,1.302141,0.9458218,0.6506131
3.36,19.42497,3.114722,0.257,0.082,0.9487008,0.9924115,1.231931
5.72,19.43642,-15.05306,0.023,0.01,0.8247156,0.9951659,1.57089
6.7,19.44017,-14.55111,0.039,-0.006,0.836055,0.9953655,1.535403
5.67,19.44903,-29.74333,0.018,-0.048,0.8172955,0.9949792,1.594669
6.51,19.38994,50.27139,0,0.012,0.788763,0.9938273,1.690417
5.84,19.39903,43.38806,0.017,-0.025,1.256405,0.9539321,0.7051516
5.96,19.51969,-68.43389,0.013,-0.019,1.68409,0.8653929,0.3213205
6.31,19.42289,20.27139,-0.007,-0.027,0.8099886,0.9947508,1.618527
5.16,19.42461,19.79861,0.095,-0.063,1.290627,0.9479049,0.663932
6.19,19.42383,24.91278,-0.175,-0.63,1.038387,0.9848868,1.041715
4.66,19.44197,0.3386111,0,0.001,1.08357,0.9797518,0.959243
6.13,19.49794,-55.44139,0.023,-0.057,1.290627,0.9479049,0.663932
5.74,19.44003,13.02389,0.01,0.062,1.018846,0.9868484,1.07996
5.63,19.437,20.09778,0.003,-0.035,0.8136278,0.9948701,1.606589
5.81,19.44131,19.89139,-0.001,-0.046,1.629291,0.8780689,0.3572699
5.71,19.48997,-43.44583,0.096,-0.136,0.9048428,0.9945425,1.340338
6.3,19.50958,-55.11,0.033,-0.015,1.009204,0.9877542,1.099447
6.38,17.28244,89.03778,-0.023,-0.004,1.641429,0.8752886,0.3490357
5.15,19.43586,36.31778,0.005,0.014,0.7752084,0.9930265,1.738424
6.32,19.45942,14.2825,0.009,-0.002,0.7957208,0.9941736,1.666419
5.85,19.47244,2.930278,0.004,-0.006,0.8209915,0.9950778,1.582768
5.52,19.49783,-26.98556,0.034,-0.041,1.372211,0.932602,0.5749471
6.6,19.50408,-32.09222,0.083,-0.065,0.9808048,0.9901694,1.159356
5.8,19.48361,1.950278,-0.003,-0.033,0.8476411,0.9954656,1.500175
6.6,19.42964,58.02722,-0.004,0.008,0.765365,0.9923371,1.774358
6.61,19.48931,-7.043889,0.024,0.003,1.360425,0.934887,0.587065
6.34,19.46014,37.94111,0.022,-0.013,0.7686149,0.9925749,1.762392
6.25,19.48833,0.2461111,0.007,-0.008,1.491187,0.9084697,0.4632215
4.44,19.47842,24.665,-0.125,-0.106,1.599043,0.8849264,0.3784985
5.81,19.4825,24.76861,0,0.014,1.319505,0.9426305,0.6310211
5.56,19.48947,14.59583,0.045,-0.026,1.331141,0.9404596,0.6182135
5.75,19.45719,52.32056,-0.014,-0.024,0.8172955,0.9949792,1.594669
6.33,19.48914,20.27972,0.001,-0.02,0.781925,0.9934445,1.714426
6.13,19.515,-21.31222,0.012,-0.017,0.8634652,0.9954395,1.45368
5.75,19.54828,-53.18583,0.029,-0.013,0.9397373,0.9929382,1.253181
6.09,19.50292,2.904167,-0.005,0,1.795138,0.8388184,0.2572891
6.38,19.44069,62.55722,0.034,0.043,1.532952,0.8995316,0.4286416
5.03,19.51106,-2.788889,0.023,-0.01,1.751717,0.8493406,0.2810216
6.05,19.50919,3.444444,0.01,0.005,0.8209915,0.9950778,1.582768
5.61,19.556,-45.27194,-0.012,-0.031,0.8027965,0.9944818,1.64245
3.08,19.51203,27.95972,0.002,-0.002,1.378119,0.9314479,0.5689601
5.11,19.51258,27.96528,-0.009,0,0.781925,0.9934445,1.714426
6.25,19.51303,36.22861,0.006,-0.011,0.8027965,0.9944818,1.64245
3.79,19.49508,51.72972,0.02,0.13,0.8715355,0.9953564,1.430662
5.87,19.52272,26.61722,0.032,0.027,1.262074,0.9529513,0.6981484
5.89,19.56903,-40.03472,0.005,-0.005,0.8515572,0.9954764,1.488497
6.05,19.36117,79.60278,0.013,-0.034,0.843752,0.9954435,1.511886
4.9,19.58694,-48.09917,-0.009,-0.038,1.354547,0.9360177,0.5931965
6.53,19.25217,83.46278,0.008,0.012,0.8555,0.9954757,1.476855
4.74,19.52953,34.45306,0.001,-0.003,0.7686149,0.9925749,1.762392
5.53,19.52203,50.30667,-0.029,0.048,1.449618,0.9171209,0.5000749
6.37,19.52044,55.73194,-0.002,-0.011,1.395897,0.9279408,0.5512831
4.45,19.56817,7.378889,0.216,-0.157,1.40184,0.9267572,0.5454844
5.12,19.58536,-10.56028,0.009,0.003,1.378119,0.9314479,0.5689601
5.65,19.60047,-24.71917,0.012,-0.023,0.8921627,0.9949391,1.373863
6.34,19.59161,-7.460278,0.03,-0.039,1.372211,0.932602,0.5749471
6.27,19.59267,-12.25278,0.015,-0.006,1.354547,0.9360177,0.5931965
6.18,19.64053,-57.98333,0.026,-0.065,1.28489,0.9489328,0.6706696
6.39,19.66447,-66.68556,0.032,-0.043,0.8247156,0.9951659,1.57089
6.61,19.56011,38.76222,0.005,0.028,0.8284677,0.9952433,1.559035
5,19.57636,19.77333,0.008,0.002,0.7853289,0.9936404,1.702421
6.38,19.59033,2.913333,0.019,0.045,0.9901823,0.9894148,1.139147
6.11,19.60725,-18.85278,0.031,-0.003,0.9264704,0.9936338,1.285468
4.6,19.61178,-24.88361,0.069,-0.021,0.792227,0.9940051,1.678416
5.38,19.58081,29.46306,0.015,0.024,1.058264,0.9827269,1.004449
5.96,19.56156,49.2625,0.005,-0.003,1.68409,0.8653929,0.3213205
5.64,19.61758,-18.23111,0.013,-0.009,1.455546,0.9159029,0.4946641
5.35,19.57811,42.41278,-0.004,-0.022,0.836055,0.9953655,1.535403
6.68,19.60222,11.15,-0.004,-0.01,1.302141,0.9458218,0.6506131
4.95,19.61486,-7.0275,0.003,-0.004,0.8172955,0.9949792,1.594669
4.36,19.61203,-1.286389,0.004,-0.018,0.788763,0.9938273,1.690417
6.29,19.55281,60.15861,0.005,0.006,1.641429,0.8752886,0.3490357
6.38,19.60439,14.39167,0.034,-0.023,1.325317,0.9415493,0.6245921
6.07,19.51672,70.98944,-0.016,0.037,1.544924,0.8969263,0.4191554
5.73,19.57217,51.23667,0.032,-0.19,1.023699,0.9863767,1.070307
6.32,19.60231,22.58583,0.001,-0.01,0.792227,0.9940051,1.678416
6.67,19.57775,48.16472,-0.015,-0.073,0.9134204,0.9942164,1.318236
5.47,19.62622,-14.30167,-0.105,-0.142,1.03347,0.9853959,1.051185
6.09,19.69375,-65.85417,0.027,-0.065,1.629291,0.8780689,0.3572699
5.98,19.61458,11.27333,0.018,0.005,1.233874,0.9577577,0.733708
6.05,19.59675,36.94444,0.008,-0.002,0.7785514,0.9932398,1.726427
7.14,19.61047,20.33278,-0.003,-0.011,1.491187,0.9084697,0.4632215
6.26,19.67175,-54.4175,0.038,-0.009,1.302141,0.9458218,0.6506131
5.46,19.62981,-4.6475,0.107,-0.051,0.9996489,0.9886097,1.119177
6.25,19.66167,-45.27806,-0.001,0.02,0.9308688,0.9934145,1.274651
4.68,19.53933,69.66111,0.6,-1.738,1.184081,0.9657693,0.8012163
5.66,19.6215,16.46278,0.02,0.015,1.313705,0.943703,0.6375007
6.61,19.66547,-39.43333,0.062,-0.061,0.9091193,0.9943857,1.329262
6.52,19.59886,50.23861,-0.005,0.038,1.336976,0.9393615,0.611885
6.43,19.61928,29.33361,-0.016,-0.001,0.7853289,0.9936404,1.702421
6.5,19.61572,38.38389,0,0,0.765365,0.9923371,1.774358
5.17,19.61053,44.695,-0.101,-0.102,1.262074,0.9529513,0.6981484
4.48,19.60736,50.22111,-0.017,0.257,0.9761498,0.9905277,1.16955
6.34,19.66372,-23.42778,0.001,-0.032,0.8284677,0.9952433,1.559035
6.35,19.64694,3.381667,0.004,0,0.8322476,0.9953098,1.547205
6.48,19.63819,20.78278,-0.055,-0.048,1.348679,0.9371404,0.5993768
5.97,19.66864,-23.42861,0.026,0.002,1.325317,0.9415493,0.6245921
5.17,19.65322,5.397778,0.001,-0.001,0.8284677,0.9952433,1.559035
6.38,19.65706,16.57139,0.011,0.003,1.952684,0.7994306,0.1831971
6.2,19.67872,-16.29333,0.071,-0.048,1.378119,0.9314479,0.5689601
6.47,19.63242,49.28444,0.036,0.144,1.296378,0.9468679,0.6572466
4.69,19.65628,30.15333,0.004,0.037,1.28489,0.9489328,0.6706696
4.37,19.66828,18.01389,0.014,-0.021,1.17863,0.9666066,0.8090019
5.67,19.67869,-0.6211111,0.017,0.017,0.8594694,0.9954634,1.465249
6.1,19.6625,33.97917,0.007,0.017,0.8476411,0.9954656,1.500175
6.5,19.67453,20.47667,-0.002,-0.022,0.9808048,0.9901694,1.159356
5.4,19.65736,42.81833,0.022,0.031,0.788763,0.9938273,1.690417
5.82,19.64478,54.97389,0.035,0.164,1.004415,0.9881883,1.109282
6.64,19.67769,23.7175,0.019,-0.02,0.8209915,0.9950778,1.582768
6.01,19.68486,13.81556,-0.002,-0.01,0.788763,0.9938273,1.690417
6.2,19.65956,45.95806,-0.005,0.046,1.24511,0.9558647,0.7193206
4.37,19.68414,17.47611,0.01,-0.032,1.331141,0.9404596,0.6182135
5.06,19.70864,-16.12389,0.068,-0.009,0.9532177,0.9921292,1.221391
6.36,19.68747,22.45278,0.025,-0.004,1.617176,0.880828,0.3656496
6.16,19.72711,-37.53889,0.006,-0.019,0.8209915,0.9950778,1.582768
6.16,19.67811,43.07778,0.012,-0.006,1.635357,0.8766814,0.3531348
6.34,19.70356,12.19333,-0.002,-0.004,0.8063781,0.9946213,1.630482
6.39,19.93375,-81.34972,0.009,-0.001,1.538936,0.8982318,0.4238772
5.06,19.68061,45.525,0.086,0.127,0.9854823,0.9897984,1.149222
5.49,19.72597,-15.47,0.154,-0.18,1.014014,0.9873076,1.089673
5.27,19.70944,11.82667,-0.001,-0.007,1.068326,0.9815733,0.9861831
5.41,19.82369,-72.50333,0,0.017,0.9048428,0.9945425,1.340338
6.23,19.69931,40.25389,-0.025,0.026,0.8879863,0.9950467,1.385133
6.51,19.67028,60.50722,-0.008,-0.005,0.9048428,0.9945425,1.340338
6.49,19.71364,29.33167,0.061,0.047,0.9532177,0.9921292,1.221391
5.94,19.71239,32.42667,0.004,0.003,0.8594694,0.9954634,1.465249
5.96,19.69692,50.52528,-0.149,-0.153,1.104171,0.9771553,0.9241761
6.2,19.69778,50.5175,-0.134,-0.162,1.114588,0.9757859,0.9070064
6.05,19.71931,30.67861,-0.012,0.038,0.8172955,0.9949792,1.594669
5.49,19.72858,25.77194,0.012,0.019,1.262074,0.9529513,0.6981484
5.52,19.767,-31.90861,0.005,-0.017,0.8247156,0.9951659,1.57089
6.28,19.73219,27.13556,-0.009,0.004,1.360425,0.934887,0.587065
6.48,19.70114,55.46333,0.013,-0.039,1.665772,0.869665,0.3329922
5.35,19.80033,-56.3625,0.088,-0.137,0.8963644,0.9948192,1.36264
6.26,19.74281,13.30278,-0.007,-0.006,0.8063781,0.9946213,1.630482
6.05,19.73094,34.1625,-0.002,0.003,0.7957208,0.9941736,1.666419
6.45,19.83147,-66.81278,-0.012,0.016,1.586981,0.8876316,0.387255
5.84,19.72917,41.77306,0.016,0.01,1.641429,0.8752886,0.3490357
4.86,19.77269,-19.76111,-0.129,-0.089,1.262074,0.9529513,0.6981484
6.48,19.7645,-2.883333,0.005,-0.002,0.836055,0.9953655,1.535403
4.89,19.73794,37.35444,0.075,0.035,1.273455,0.9509609,0.6843027
6.82,19.74686,29.26472,0.001,-0.002,1.104171,0.9771553,0.9241761
5.91,19.76108,7.613333,0.053,0.002,0.8879863,0.9950467,1.385133
6.57,19.74394,34.41389,0.004,-0.009,1.302141,0.9458218,0.6506131
6.25,19.81531,-52.88806,0.009,-0.05,1.378119,0.9314479,0.5689601
6.22,19.72072,58.01639,0.137,-0.06,1.063285,0.9821562,0.9952854
6.34,19.74694,40.71667,-0.064,-0.023,1.68409,0.8653929,0.3213205
6.05,19.85036,-65.605,0.101,-0.155,0.9397373,0.9929382,1.253181
2.72,19.771,10.61333,0.018,-0.002,1.611126,0.8821995,0.369895
6.27,19.72767,57.0425,0.01,0.02,1.233874,0.9577577,0.733708
6.21,19.83936,-61.06139,-0.006,-0.001,0.7686149,0.9925749,1.762392
2.87,19.74958,45.13083,0.053,0.047,0.8063781,0.9946213,1.630482
6.43,19.761,36.09111,0.004,0.014,0.8063781,0.9946213,1.630482
6.09,19.76428,35.01278,0.021,-0.004,1.336976,0.9393615,0.611885
5.42,19.84578,-59.19306,0.015,0.004,0.8476411,0.9954656,1.500175
6.11,19.80083,-13.70333,0.026,-0.012,0.8963644,0.9948192,1.36264
6.62,19.77764,25.13389,0.073,-0.004,0.9264704,0.9936338,1.285468
4.99,19.77378,33.72778,0.023,-0.446,1.018846,0.9868484,1.07996
6.18,19.77639,32.88861,-0.032,-0.003,1.378119,0.9314479,0.5689601
3.82,19.78981,18.53417,0.007,0.008,1.544924,0.8969263,0.4191554
5.94,19.83717,-47.55722,-0.017,-0.008,1.720887,0.8567117,0.2988666
6.05,19.81989,-28.78889,0.126,-0.096,0.9854823,0.9897984,1.149222
5.95,19.79683,25.38389,0.082,-0.026,1.296378,0.9468679,0.6572466
6.04,19.81728,-10.87083,0.036,-0.02,1.443694,0.9183328,0.5055358
6.44,19.80844,10.69417,-0.007,-0.001,1.279166,0.9499515,0.6774598
5.77,19.79106,38.4075,0.015,-0.003,0.7957208,0.9941736,1.666419
5.72,19.81169,11.81583,0.018,-0.004,1.302141,0.9458218,0.6506131
5.92,19.73847,69.33694,0.016,-0.023,0.836055,0.9953655,1.535403
5,19.81631,19.14222,0.021,0.03,0.8555,0.9954757,1.476855
6.12,19.79078,47.90778,-0.026,-0.031,1.68409,0.8653929,0.3213205
5.74,19.87711,-54.97111,0.008,-0.002,1.256405,0.9539321,0.7051516
6.5,19.8775,-54.97667,0.008,-0.003,0.8555,0.9954757,1.476855
6.53,19.81219,35.31139,0.085,0.062,1.004415,0.9881883,1.109282
6.44,19.81406,33.43722,0.007,-0.002,0.8963644,0.9948192,1.36264
5.33,19.86406,-39.87444,0.023,-0.015,0.7957208,0.9941736,1.666419
5.39,19.84633,-10.76361,-0.03,0.033,0.9761498,0.9905277,1.16955
6.51,19.83819,7.9025,0.005,0.001,0.781925,0.9934445,1.714426
6.11,19.82431,38.71,0.006,-0.01,1.24511,0.9558647,0.7193206
6.38,19.83183,28.44056,-0.021,0.027,0.7957208,0.9941736,1.666419
0.77,19.84639,8.868333,0.538,0.386,0.9048428,0.9945425,1.340338
6.24,19.91122,-61.17083,-0.008,0.011,0.8797096,0.9952256,1.40781
6.13,19.85308,-2.460833,-0.007,-0.035,1.641429,0.8752886,0.3490357
5.11,19.85044,10.41556,0.242,-0.139,1.058264,0.9827269,1.004449
5.92,19.87,-19.045,0.002,-0.058,1.290627,0.9479049,0.663932
6.25,19.85492,9.630278,-0.001,-0.012,0.8555,0.9954757,1.476855
6.34,19.77908,68.43833,0.005,0.011,0.9308688,0.9934145,1.274651
4.23,19.84275,32.91417,-0.027,-0.04,1.795138,0.8388184,0.2572891
4.95,19.85114,22.61,0.028,-0.017,0.7686149,0.9925749,1.762392
5.12,19.84278,38.7225,0.011,0.107,1.714739,0.8581711,0.3025287
5.69,19.84369,40.59972,0.001,-0.004,0.8027965,0.9944818,1.64245
6.06,19.84639,37.82639,0.024,0.007,1.720887,0.8567117,0.2988666
6.13,19.86764,11.62889,-0.335,-0.32,1.10937,0.9764765,0.9155611
3.9,19.87456,1.005556,0.011,-0.007,1.239485,0.9568162,0.7264869
6.48,19.88511,-14.60306,-0.004,-0.042,0.8715355,0.9953564,1.430662
6.54,19.871,10.35139,0.004,-0.015,0.8136278,0.9948701,1.606589
5.57,19.86711,24.99222,0.003,-0.005,1.140957,0.9721593,0.8651342
6.23,19.87272,18.67194,-0.002,-0.003,0.8209915,0.9950778,1.582768
5.65,19.88853,-3.114444,0.024,0.015,0.8963644,0.9948192,1.36264
5.03,19.84381,52.98806,-0.008,-0.068,1.467412,0.9134489,0.4839908
6.2,19.85539,47.37722,0.018,0.019,0.966908,0.9912063,1.190112
6.18,19.90492,-23.94111,-0.131,-0.414,1.313705,0.943703,0.6375007
5.75,19.97814,-69.16389,0.063,-0.099,0.9091193,0.9943857,1.329262
6.53,19.88961,4.400556,0.016,0.004,0.8247156,0.9951659,1.57089
4.13,19.92103,-41.86833,0.017,0.056,1.348679,0.9371404,0.5993768
3.83,19.80289,70.26778,0.082,0.037,1.239485,0.9568162,0.7264869
6.1,19.87119,36.43222,0.002,0,1.556916,0.8942985,0.4098373
5.79,19.90228,-8.574167,0.005,-0.018,1.68409,0.8653929,0.3213205
6.46,19.91808,-33.04639,-0.012,-0.002,1.586981,0.8876316,0.387255
6.53,19.94936,-57.92556,-0.009,-0.036,1.617176,0.880828,0.3656496
5.26,19.95172,-58.90139,0.015,-0.021,0.8136278,0.9948701,1.606589
6.39,19.98139,-68.76222,0.034,-0.067,0.8797096,0.9952256,1.40781
5.62,19.86642,47.0275,-0.003,0,0.792227,0.9940051,1.678416
3.96,20.00986,-72.91056,0.074,-0.132,0.8063781,0.9946213,1.630482
5.91,19.86867,47.93194,-0.005,-0.007,0.7558053,0.9915778,1.810148
4.58,19.89103,24.07972,0.027,0.038,0.7957208,0.9941736,1.666419
5.71,19.91044,-8.227222,0.01,-0.025,0.788763,0.9938273,1.690417
6.49,19.91058,-8.237222,0.021,-0.027,0.8027965,0.9944818,1.64245
4.71,19.90414,8.461389,0.101,-0.081,1.331141,0.9404596,0.6182135
5.61,19.91244,0.2736111,0.042,-0.012,0.8555,0.9954757,1.476855
4.7,19.93067,-26.29944,0.207,0.083,1.162379,0.969053,0.8327068
6.15,19.91119,7.140278,0.034,-0.003,0.8284677,0.9952433,1.559035
6.51,19.92211,-6.734167,0.036,-0.046,0.9808048,0.9901694,1.159356
6.29,19.88367,47.8075,-0.009,-0.009,0.7785514,0.9932398,1.726427
5.52,19.90864,24.31944,0.026,0,0.8099886,0.9947508,1.618527
3.71,19.92189,6.406667,0.048,-0.482,1.222698,0.9596106,0.7483163
5.76,20.00639,-66.94944,-0.02,-0.197,1.325317,0.9415493,0.6245921
4.52,19.94911,-27.17,0.008,-0.013,1.57494,0.8903149,0.3961679
6.55,19.96147,-38.05833,0.089,-0.083,0.9808048,0.9901694,1.159356
5.76,19.91342,36.99611,0.014,0.021,1.162379,0.969053,0.8327068
6.57,19.91847,30.19528,0.011,0.017,0.788763,0.9938273,1.690417
5.14,19.88817,57.52361,0.009,0.013,0.7718961,0.9928048,1.750413
5.36,19.93369,16.63472,0.004,-0.004,1.119825,0.9750837,0.8985121
5.28,19.93731,11.42389,0.034,0.009,0.8136278,0.9948701,1.606589
6.06,19.89317,59.70889,0.043,0.061,0.8247156,0.9951659,1.57089
5.31,20.03122,-66.94417,0.03,-0.073,1.431855,0.9207385,0.5166105
4.94,19.93103,38.48667,0,0.002,0.788763,0.9938273,1.690417
5.02,19.96583,-15.49139,0.017,-0.101,0.836055,0.9953655,1.535403
3.89,19.93844,35.08333,-0.032,-0.027,1.313705,0.943703,0.6375007
6.48,19.95006,20.99806,-0.024,-0.023,0.843752,0.9954435,1.511886
6.28,19.98233,-30.53806,0.09,-0.053,1.331141,0.9404596,0.6182135
4.83,19.98256,-26.19556,0.035,0.033,1.24511,0.9558647,0.7193206
4.92,19.92717,52.43889,-0.037,-0.03,0.8634652,0.9954395,1.45368
6.02,19.94561,36.25083,0.004,0.005,0.765365,0.9923371,1.774358
6.17,20.00703,-49.35111,-0.082,-0.006,1.336976,0.9393615,0.611885
5.53,19.96261,16.78917,0.012,0.016,0.799244,0.9943325,1.65443
4.37,19.99561,-35.27639,0.006,-0.026,0.765365,0.9923371,1.774358
5.3,19.99758,-34.69778,0.1,-0.075,0.8838352,0.9951422,1.396449
5.13,20.02908,-59.37611,0.017,-0.033,1.617176,0.880828,0.3656496
6.09,19.92281,58.25028,0.021,-0.071,1.313705,0.943703,0.6375007
6.14,20.00736,-43.04333,0.023,0.013,1.68409,0.8653929,0.3213205
5.45,19.95386,40.36806,0.008,0.007,0.781925,0.9934445,1.714426
5.95,20.00442,-37.70222,0.018,-0.02,1.302141,0.9458218,0.6506131
5.81,20.01342,-45.11306,0,0.002,0.9308688,0.9934145,1.274651
5.66,20.00564,-33.70389,0.136,-0.306,1.028574,0.9858926,1.060716
6.43,19.94586,50.9025,0.005,0.008,0.8136278,0.9948701,1.606589
4.96,19.93206,58.84611,-0.009,-0.019,1.653589,0.8724872,0.3409441
6.12,19.93861,56.68694,0.022,0.016,1.302141,0.9458218,0.6506131
3.47,19.97928,19.49222,0.066,0.024,1.641429,0.8752886,0.3490357
6.17,19.98964,1.377778,0.026,0.065,1.378119,0.9314479,0.5689601
5.88,19.9965,-9.958333,-0.269,-0.4,1.073387,0.9809783,0.977142
6.43,19.96561,42.26083,0.001,-0.003,1.302141,0.9458218,0.6506131
6.29,20.024,-40.81417,-0.015,-0.038,0.8594694,0.9954634,1.465249
5.49,19.97722,30.98361,0.041,0.003,0.7957208,0.9941736,1.666419
5.67,19.98625,23.10139,-0.071,0.006,1.302141,0.9458218,0.6506131
6.32,19.97622,38.10556,0.009,-0.004,0.7853289,0.9936404,1.702421
6.01,20.02331,-22.73722,0.01,-0.014,1.28489,0.9489328,0.6706696
6.07,20.09244,-67.32083,0.844,-0.672,1.104171,0.9771553,0.9241761
5.37,20.00092,17.51667,0.004,-0.011,1.702462,0.8610749,0.3099481
5.92,19.98903,45.77222,0.02,-0.021,0.8797096,0.9952256,1.40781
5.19,19.99867,37.04278,0.006,0.001,0.75896,0.9918383,1.798239
5.91,20.01636,8.558056,0.008,-0.009,1.611126,0.8821995,0.369895
5.71,20.03294,-13.63694,0.038,0.018,0.8476411,0.9954656,1.500175
4.58,20.04431,-27.70972,0.036,0.017,1.690208,0.8639587,0.3174968
6.15,19.98761,52.05583,0.015,0.006,0.7526829,0.9913102,1.822032
4.77,20.05931,-37.94083,0.059,-0.092,1.544924,0.8969263,0.4191554
4.64,20.01836,27.75361,0.059,0.005,0.8879863,0.9950467,1.385133
5.96,19.97464,63.53417,-0.005,-0.026,0.8515572,0.9954764,1.488497
6.2,20.02092,37.09889,0.044,0.051,1.485238,0.9097234,0.468343
5.88,20.02908,24.80028,0.005,-0.003,0.7752084,0.9930265,1.738424
5.22,20.03372,24.93806,0.088,0.07,0.966908,0.9912063,1.190112
6.45,20.06231,-22.59556,-0.042,0.02,1.03347,0.9853959,1.051185
4.99,20.07211,-32.05639,0.047,-0.015,1.42594,0.9219321,0.5222255
5.05,20.02267,50.10472,0.019,0.004,1.366313,0.9337484,0.580982
6.72,20.067,-7.469722,0.015,-0.048,0.9623215,0.9915266,1.200481
5.96,20.05456,18.50056,0.015,-0.031,1.550918,0.8956152,0.4144755
6.45,20.13903,-66.35472,-0.01,-0.005,1.647506,0.8738905,0.3449722
5.67,20.05833,16.03139,0.003,-0.005,0.781925,0.9934445,1.714426
3.56,20.14544,-66.18194,1.207,-1.131,1.167779,0.9682485,0.8247469
6.33,19.97831,70.36694,0.045,0.06,1.233874,0.9577577,0.733708
5.68,20.07311,-0.7094444,0.003,-0.118,1.479292,0.9109711,0.4735113
6.53,20.09225,-33,0.018,-0.018,0.788763,0.9938273,1.690417
5.52,20.06897,7.278056,0.016,0.011,1.336976,0.9393615,0.611885
5.71,20.06039,29.89667,0.683,-0.526,1.151633,0.9706286,0.8488025
6.34,20.08483,-11.59944,-0.001,-0.012,1.043325,0.9843654,1.032307
5.8,20.06839,17.07,-0.395,-0.414,1.088691,0.9791206,0.9503851
4.94,20.12311,-52.88083,-0.014,0.008,1.671872,0.8682461,0.3290678
6.26,20.12642,-55.01639,0.016,0.023,1.048284,0.9838315,1.02296
6.55,20.09067,-12.66528,0.009,-0.049,0.8322476,0.9953098,1.547205
5.27,20.02458,64.82111,0.007,-0.012,1.635357,0.8766814,0.3531348
6.45,20.08294,23.21028,0.006,-0.002,1.302141,0.9458218,0.6506131
5.64,20.07669,32.21861,-0.011,-0.012,1.053264,0.9832854,1.013674
5.1,20.08597,19.99111,0.03,0.078,1.336976,0.9393615,0.611885
6.34,20.09069,15.50028,0.033,0.02,1.68409,0.8653929,0.3213205
6.47,20.10339,-4.078333,0.045,-0.045,1.395897,0.9279408,0.5512831
6.57,20.03897,64.63444,0.046,0.01,1.302141,0.9458218,0.6506131
6.19,20.08606,38.47833,0.259,0.109,1.104171,0.9771553,0.9241761
6.16,20.07467,48.22972,0.011,0.004,0.8322476,0.9953098,1.547205
4.51,20.04697,67.87361,0.016,0.046,1.491187,0.9084697,0.4632215
6.2,19.9935,76.48139,-0.029,-0.055,1.665772,0.869665,0.3329922
6.14,20.08519,51.83944,0.029,0.034,1.659678,0.8710787,0.3369508
5.07,20.11483,23.61444,0.015,0.003,0.7558053,0.9915778,1.810148
5.36,20.10606,35.9725,-0.224,-0.438,1.217133,0.9605217,0.755704
5.99,20.13383,-0.6783333,0.116,-0.07,1.313705,0.943703,0.6375007
6.37,20.18533,-57.52389,-0.002,-0.025,0.8398899,0.9954101,1.523629
6.21,20.08931,56.34139,-0.004,0.08,0.9996489,0.9886097,1.119177
6.43,20.13064,9.399722,0.047,0.022,1.014014,0.9873076,1.089673
6.18,20.14203,-10.06278,0.008,-0.042,0.8398899,0.9954101,1.523629
6.26,20.07906,63.89056,0.007,0.043,0.8555,0.9954757,1.476855
6.42,20.13514,16.66417,0.005,-0.002,1.851412,0.8249544,0.2287865
5.85,20.10383,53.16583,0.212,0.255,0.9808048,0.9901694,1.159356
6.17,20.41511,-83.31056,0.011,0.012,0.8963644,0.9948192,1.36264
6.11,20.12817,34.42306,0.002,0,0.8797096,0.9952256,1.40781
6.31,20.14397,10.72583,0.004,0.001,0.7752084,0.9930265,1.738424
5.39,20.09244,61.99556,0.121,0.074,1.407792,0.9255665,0.539732
6.54,20.11986,50.22917,0.018,-0.02,0.8674873,0.9954039,1.442151
5.32,20.18664,-36.10111,0.458,-1.571,1.228278,0.9586892,0.7409844
6.28,20.08147,68.02722,-0.017,-0.012,1.690208,0.8639587,0.3174968
6.48,20.16572,20.91528,0.054,0.101,0.9761498,0.9905277,1.16955
6.22,20.20664,-42.78056,-0.014,-0.118,1.437773,0.9195387,0.5110475
6.09,20.24081,-63.41583,-0.037,0.037,0.9442073,0.9926812,1.242528
4.93,20.15711,36.83972,0.005,0.014,0.7718961,0.9928048,1.750413
6.49,20.18614,-8.842222,0.006,0,0.765365,0.9923371,1.774358
3.23,20.18842,-0.8213889,0.038,0.004,0.792227,0.9940051,1.678416
5.52,20.17597,26.90417,0.02,0.013,0.8476411,0.9954656,1.500175
6.34,20.19942,-12.3925,-0.005,-0.017,1.42594,0.9219321,0.5222255
6.22,20.18431,21.13472,0.017,0.034,1.24511,0.9558647,0.7193206
5.65,20.23861,-52.44556,0.022,-0.045,1.599043,0.8849264,0.3784985
5.85,20.20719,-12.6175,0.197,-0.193,1.023699,0.9863767,1.070307
6.26,20.18919,21.87556,-0.001,0.007,0.8099886,0.9947508,1.618527
6.27,20.20978,0.8675,0.01,-0.014,0.8247156,0.9951659,1.57089
5.49,20.19667,26.80889,0.007,-0.01,1.544924,0.8969263,0.4191554
5.92,20.20019,26.47889,0.008,-0.011,0.7785514,0.9932398,1.726427
5.47,20.22053,-1.009444,0.022,-0.028,1.556916,0.8942985,0.4098373
6.92,20.20106,47.73694,0.016,0.004,0.7752084,0.9930265,1.738424
5.73,20.25483,-27.03278,1.244,-0.174,1.233874,0.9577577,0.733708
6.56,20.22794,24.23889,0.05,0.031,0.9352911,0.9931827,1.263889
4.95,20.23794,15.1975,0.057,0.057,0.8476411,0.9954656,1.500175
6.3,20.26406,-30.00528,0.037,0.013,1.605082,0.8835657,0.3741778
6.01,20.20883,51.46361,-0.011,-0.014,1.384036,0.9302863,0.5630207
5.75,20.19303,62.07861,0.123,0.083,1.018846,0.9868484,1.07996
6.39,20.27325,-36.45444,0.009,-0.042,1.623231,0.8794511,0.3614414
6.53,20.27403,-35.19778,0.009,0.081,0.9715175,0.9908733,1.179802
4.83,20.22167,46.81583,0.012,-0.001,0.8515572,0.9954764,1.488497
5.18,20.23736,28.69472,0.014,-0.022,0.8879863,0.9950467,1.385133
6.27,20.3175,-63.23111,-0.015,-0.084,1.325317,0.9415493,0.6245921
6.14,20.22856,43.37917,0,0.006,1.599043,0.8849264,0.3784985
6.45,20.23472,36.60528,0.024,0.002,0.8172955,0.9949792,1.594669
3.79,20.22719,46.74139,0.004,0.003,1.467412,0.9134489,0.4839908
4.97,20.24222,36.80639,0.068,0.07,0.8715355,0.9953564,1.430662
6.71,20.23933,42.10361,0.005,-0.021,0.8027965,0.9944818,1.64245
6.32,20.273,-12.33694,0.012,-0.013,0.8209915,0.9950778,1.582768
4.78,20.25442,25.59194,0.008,-0.006,0.7558053,0.9915778,1.810148
4.3,20.22331,56.56778,0.063,0.083,0.8594694,0.9954634,1.465249
5.15,20.25839,23.50861,0,-0.015,1.325317,0.9415493,0.6245921
5.79,20.22436,60.64056,0.044,0.058,1.580958,0.888976,0.3916917
5.66,20.25658,33.72944,-0.04,-0.106,1.250751,0.9549033,0.7122089
4.52,20.26281,27.81417,-0.036,0.008,1.455546,0.9159029,0.4946641
6.31,20.31556,-47.71083,0.012,-0.004,1.702462,0.8610749,0.3099481
6.13,20.27214,21.59861,0.001,-0.024,1.325317,0.9415493,0.6245921
4.24,20.29414,-12.50833,0.023,0.001,1.342822,0.9382551,0.6056062
5.87,20.30039,-21.81,0.035,-0.024,1.302141,0.9458218,0.6506131
6.13,20.32164,-47.58028,0.2,-0.185,1.014014,0.9873076,1.089673
4.39,20.14814,77.71139,0.011,0.024,0.799244,0.9943325,1.65443
3.98,20.25786,47.71444,0.001,0.008,1.611126,0.8821995,0.369895
6.27,20.26761,38.89778,-0.001,-0.037,0.8209915,0.9950778,1.582768
5.32,20.27975,24.67111,0.016,-0.018,1.273455,0.9509609,0.6843027
3.57,20.30092,-12.54472,0.064,0.004,1.267758,0.9519608,0.6911988
6.31,20.26206,50.23278,0.024,0.01,1.302141,0.9458218,0.6506131
5.91,20.26683,45.57944,0.008,-0.052,0.9761498,0.9905277,1.16955
6.48,20.2745,37.05639,0.013,0.001,0.7853289,0.9936404,1.702421
6.27,20.34231,-55.05083,0.009,-0.033,1.653589,0.8724872,0.3409441
5.24,20.28203,40.365,0.004,-0.003,1.690208,0.8639587,0.3174968
6.22,20.29208,29.14806,-0.011,0.032,1.307917,0.9447668,0.6440313
5.28,20.32322,-19.11861,0.009,-0.009,1.538936,0.8982318,0.4238772
6.29,20.29142,42.72194,0.014,0,1.68409,0.8653929,0.3213205
4.81,20.29644,38.03306,-0.005,-0.004,0.9949045,0.9890186,1.129132
6.3,20.34114,-29.19722,0.028,0.004,0.8838352,0.9951422,1.396449
6.46,20.34775,-35.67361,0.039,0.018,1.485238,0.9097234,0.468343
6.27,20.36139,-49.99944,-0.357,-0.25,1.058264,0.9827269,1.004449
5.84,20.30194,40.73222,0.001,-0.003,0.8555,0.9954757,1.476855
6.06,20.32869,-1.078611,0.042,0.033,1.354547,0.9360177,0.5931965
5.58,20.30794,37,0.037,0.025,0.8398899,0.9954101,1.523629
5.17,20.31086,34.98278,0.001,-0.003,1.10937,0.9764765,0.9155611
6.21,20.32478,13.21694,-0.029,-0.012,1.677979,0.8668221,0.3251773
6.63,20.34058,-6.361667,-0.081,-0.09,1.629291,0.8780689,0.3572699
4.76,20.34439,-12.75917,0.019,-0.019,0.799244,0.9943325,1.65443
5.95,20.33339,13.54806,0.012,-0.004,0.9442073,0.9926812,1.242528
6.1,20.34628,-14.785,0.043,0,0.8099886,0.9947508,1.618527
3.08,20.35019,-14.78139,0.042,0.002,1.184081,0.9657693,0.8012163
6.45,20.31378,46.32278,-0.005,0.01,0.7718961,0.9928048,1.750413
6.13,20.33903,14.56917,-0.001,0.004,1.250751,0.9549033,0.7122089
5.59,20.37431,-42.04972,0.036,-0.09,0.8172955,0.9949792,1.594669
5.8,20.33928,17.79306,0.02,-0.033,1.59301,0.8862817,0.3828574
5.76,20.30689,55.39722,-0.006,-0.023,0.8594694,0.9954634,1.465249
6.57,20.33008,37.1325,0.01,-0.011,0.8172955,0.9949792,1.594669
5.93,20.29203,66.85389,0.466,0.3,1.073387,0.9809783,0.977142
6.23,20.33756,39.40333,-0.002,-0.022,0.8398899,0.9954101,1.523629
5.77,20.55486,-80.965,-0.004,-0.019,1.384036,0.9302863,0.5630207
6.5,20.33225,46.8375,0.001,0.01,0.7957208,0.9941736,1.666419
5.64,20.39811,-42.42278,0,0.022,0.8963644,0.9948192,1.36264
6.3,20.38356,-9.654722,0.024,-0.018,1.250751,0.9549033,0.7122089
5.54,20.36761,24.44611,0,-0.007,0.7957208,0.9941736,1.666419
1.94,20.42747,-56.735,0.007,-0.089,0.749593,0.9910358,1.833889
6.18,20.34178,53.59611,-0.016,0.014,1.635357,0.8766814,0.3531348
5.72,20.32686,62.2575,0.01,0.026,0.799244,0.9943325,1.65443
6.17,20.38119,14.55139,0.075,-0.001,1.038387,0.9848868,1.041715
5.31,20.38631,5.343056,-0.026,-0.039,1.28489,0.9489328,0.6706696
6.39,20.3675,41.13139,-0.004,-0.031,1.342822,0.9382551,0.6056062
2.2,20.37047,40.25667,0.004,0,1.12508,0.9743699,0.8900779
6.09,20.37706,31.265,0.005,-0.027,1.509061,0.9046737,0.4481333
5.58,20.36817,45.795,0.028,0.044,1.348679,0.9371404,0.5993768
6.09,20.42997,-40.79639,-0.102,-0.093,1.515027,0.9033968,0.4431943
5.93,20.37925,41.02611,0.001,-0.047,1.659678,0.8710787,0.3369508
5.85,20.42411,-28.66333,0.014,0.007,1.360425,0.934887,0.587065
6.2,20.38208,42.98333,0.053,0.036,1.273455,0.9509609,0.6843027
6.15,20.41042,1.068611,0.003,0.007,0.8027965,0.9944818,1.64245
5.55,20.335,68.88028,0.017,0.025,1.653589,0.8724872,0.3409441
5.69,20.35317,63.98028,-0.004,0.023,1.635357,0.8766814,0.3531348
4.43,20.39769,32.19,0.049,-0.005,1.497141,0.9072102,0.4581465
5.9,20.39567,37.47639,0.004,-0.004,0.749593,0.9910358,1.833889
6.25,20.44806,-37.40306,-0.242,-0.116,1.28489,0.9489328,0.6706696
6.11,20.42847,-2.800278,-0.007,-0.03,1.414119,0.924301,0.5336135
6.33,20.42889,10.05639,0.002,-0.03,1.635357,0.8766814,0.3531348
5.66,20.42792,21.40972,0.01,-0.011,1.262074,0.9529513,0.6981484
5.91,20.6385,-81.28889,-0.005,-0.03,1.727041,0.8552473,0.295236
6.41,20.43367,19.865,0.029,0.002,1.313705,0.943703,0.6375007
5.25,20.45533,-18.21167,0.015,-0.011,0.792227,0.9940051,1.678416
6.51,20.409,53.55194,0.01,0.015,0.8209915,0.9950778,1.582768
6.22,20.43978,17.31556,0.008,-0.006,1.307917,0.9447668,0.6440313
6.1,20.47964,-35.59583,0.008,-0.021,0.7785514,0.9932398,1.726427
6.44,20.41808,59.6,0.01,-0.007,0.8515572,0.9954764,1.488497
6.41,20.47878,-15.74167,0.01,-0.008,1.296378,0.9468679,0.6572466
6.25,20.46875,8.4375,0.043,0.017,1.348679,0.9371404,0.5993768
6.13,20.47358,-3.357778,0.023,-0.015,0.7957208,0.9941736,1.666419
4.78,20.481,-17.81361,-0.014,-0.021,0.9761498,0.9905277,1.16955
6.39,20.45214,34.32889,-0.006,-0.003,1.023699,0.9863767,1.070307
6.21,20.47133,2.936944,0.049,-0.002,1.24511,0.9558647,0.7193206
6.16,20.49203,-22.39167,0.011,-0.031,1.629291,0.8780689,0.3572699
5.62,20.45953,38.44028,-0.023,-0.07,0.8398899,0.9954101,1.523629
6.36,20.43986,56.63889,0.014,0.01,0.8172955,0.9949792,1.594669
5.69,20.45064,49.38333,0.071,0.06,0.9220961,0.9938405,1.296338
6.74,20.49792,-18.58667,0.02,-0.089,0.9048428,0.9945425,1.340338
5.94,20.49831,-18.58333,0.026,-0.082,0.8476411,0.9954656,1.500175
4.91,20.49417,-2.885556,0.073,-0.021,1.389962,0.9291172,0.5571284
6.39,20.51578,-29.1125,0.015,0.003,0.9005912,0.994687,1.351465
6.55,20.48919,20.08778,-0.025,-0.002,0.9091193,0.9943857,1.329262
4.01,20.48992,30.36861,0.007,0,0.9854823,0.9897984,1.149222
5.88,20.489,36.45472,0.004,-0.001,1.043325,0.9843654,1.032307
6.08,20.505,10.89583,0.021,0.003,0.8063781,0.9946213,1.630482
6.12,20.51786,-15.05639,-0.041,-0.056,1.184081,0.9657693,0.8012163
6.11,20.59769,-69.61111,0.029,-0.061,1.47335,0.912213,0.4787271
6.18,20.51614,20.60583,0.093,0.045,0.8756096,0.995297,1.419215
7.11,20.52028,11.26056,0,-0.003,0.8284677,0.9952433,1.559035
6.41,20.49997,45.92861,0.071,0.154,1.378119,0.9314479,0.5689601
6.36,20.54789,-24.94389,0.01,-0.041,0.8136278,0.9948701,1.606589
5.91,20.49086,56.06806,0.002,0.005,0.8027965,0.9944818,1.64245
4.95,20.50097,48.95167,0.013,0.008,0.7853289,0.9936404,1.702421
5.65,20.53992,-9.853333,0.308,0.104,1.130354,0.9736445,0.8817036
5.11,20.56531,-44.51611,0.011,-0.043,1.307917,0.9447668,0.6440313
6.19,20.51644,36.93583,0.003,-0.004,1.307917,0.9447668,0.6440313
4.76,20.593,-60.58167,0.068,-0.182,0.9308688,0.9934145,1.274651
6.34,20.53283,25.80444,0.032,-0.033,0.9220961,0.9938405,1.296338
4.22,20.49303,62.99417,0.044,-0.013,0.8963644,0.9948192,1.36264
5.44,20.52189,49.22028,0.012,-0.028,1.629291,0.8780689,0.3572699
4.03,20.55356,11.30333,0.013,-0.022,0.7718961,0.9928048,1.750413
6.44,20.58208,-38.08972,0.018,-0.005,0.9220961,0.9938405,1.296338
6.18,20.52253,52.30972,0.036,0.068,1.307917,0.9447668,0.6440313
6.13,20.56992,-13.72111,0.069,0.07,1.053264,0.9832854,1.013674
6.4,20.57983,-30.47361,0.018,-0.02,0.788763,0.9938273,1.690417
6.56,20.56489,10.05972,-0.007,0.007,0.8476411,0.9954656,1.500175
5.38,20.56583,13.02722,0.072,0.026,0.843752,0.9954435,1.511886
4.88,20.62647,-61.53,0.057,-0.072,0.9996489,0.9886097,1.119177
6.14,20.52958,56.78,-0.018,-0.007,1.556916,0.8942985,0.4098373
6.6,20.54786,43.19167,0.007,0.001,0.7785514,0.9932398,1.726427
6.48,20.56944,20.98528,0.015,-0.002,0.7686149,0.9925749,1.762392
6,20.70081,-76.18056,0.18,-0.006,1.004415,0.9881883,1.109282
6.55,20.69547,-75.35056,0.141,-0.15,1.093832,0.9784774,0.941588
6.19,20.59228,-16.52583,0.083,-0.021,0.8963644,0.9948192,1.36264
4.61,20.56506,35.25083,0.002,-0.006,1.659678,0.8710787,0.3369508
6.49,20.56344,41.77222,-0.015,-0.081,1.302141,0.9458218,0.6506131
6.27,20.50019,72.53167,-0.003,-0.022,1.509061,0.9046737,0.4481333
3.11,20.62611,-47.29139,0.053,0.066,1.302141,0.9458218,0.6506131
5.78,20.56525,46.69389,0.011,-0.001,0.7621466,0.9920915,1.786308
4.68,20.58847,14.67417,0.046,0.013,0.8594694,0.9954634,1.465249
6.22,20.66428,-62.90778,0.012,-0.078,1.360425,0.934887,0.587065
4.89,20.61211,-2.55,0.013,-0.011,1.659678,0.8710787,0.3369508
6.41,20.60231,25.8825,0.019,0.011,0.9005912,0.994687,1.351465
5.12,20.66739,-60.54889,0.307,-0.57,1.048284,0.9838315,1.02296
6.11,20.58067,51.85417,-0.003,-0.005,0.9901823,0.9894148,1.139147
6.36,20.63114,-25.10889,0.064,-0.001,0.9532177,0.9921292,1.221391
6.22,20.62175,0.09694444,0,-0.018,0.788763,0.9938273,1.690417
5.2,20.52511,74.95472,0.005,-0.015,0.843752,0.9954435,1.511886
5.59,20.61797,26.46194,0.017,-0.012,0.792227,0.9940051,1.678416
5.15,20.69919,-66.76083,0.009,-0.025,0.7957208,0.9941736,1.666419
3.63,20.62583,14.59528,0.113,-0.033,1.004415,0.9881883,1.109282
5.43,20.63031,11.37778,0.04,-0.007,0.8398899,0.9954101,1.523629
4.32,20.63897,-1.105278,0.015,-0.022,1.273455,0.9509609,0.6843027
6.32,20.6255,31.5725,0.01,0,0.7853289,0.9936404,1.702421
6.25,20.63183,18.26917,0.019,0.099,1.586981,0.8876316,0.387255
6.49,20.62572,31.52194,-0.045,-0.033,0.957758,0.9918342,1.210907
6.2,20.62322,38.32861,0.01,-0.043,1.296378,0.9468679,0.6572466
5.22,20.65456,-14.95472,0.007,-0.022,0.7752084,0.9930265,1.738424
6.22,20.65367,-2.412778,0.006,0.009,0.781925,0.9934445,1.714426
4.82,20.64203,21.20111,0.071,0.005,0.8099886,0.9947508,1.618527
5.72,20.64553,13.315,-0.001,-0.004,1.617176,0.880828,0.3656496
5.47,20.67217,-33.43194,0.024,0.036,1.372211,0.932602,0.5749471
5.04,20.64219,24.11611,0.01,-0.002,0.7686149,0.9925749,1.762392
5.91,20.64308,23.68056,0.015,-0.007,1.290627,0.9479049,0.663932
5.05,20.65217,10.08611,0.321,0.023,1.146286,0.9713996,0.8569388
5.16,20.65692,0.4863889,0.101,-0.015,1.336976,0.9393615,0.611885
6.37,20.66992,-23.77389,0.491,0.464,1.146286,0.9713996,0.8569388
5.97,20.65139,15.83806,0.001,-0.017,0.7686149,0.9925749,1.762392
5.1,20.6675,-18.13861,-0.022,-0.021,1.696332,0.8625193,0.3137062
5.46,20.47072,81.42278,0.033,0.015,1.313705,0.943703,0.6375007
6.51,20.67667,-26.645,0.033,-0.017,1.068326,0.9815733,0.9861831
6.08,20.65294,21.81722,0.019,0.014,0.7957208,0.9941736,1.666419
5.68,20.64986,30.33444,-0.032,-0.058,1.354547,0.9360177,0.5931965
5.8,20.67569,-16.12417,-0.067,0.071,1.302141,0.9458218,0.6506131
3.77,20.66064,15.91194,0.066,-0.002,0.7957208,0.9941736,1.666419
6.42,20.66439,11.24972,0.06,0.088,1.058264,0.9827269,1.004449
5.96,20.49097,81.09139,0.064,0.222,1.256405,0.9539321,0.7051516
5.76,20.68992,-31.59833,0.113,-0.065,1.617176,0.880828,0.3656496
6.28,20.69003,-26,-0.002,-0.029,1.431855,0.9207385,0.5166105
6.06,20.65925,40.57944,0.007,0,0.7621466,0.9920915,1.786308
6.58,20.65642,45.66694,0.005,0.001,0.7957208,0.9941736,1.666419
3.42,20.74931,-66.20306,-0.046,0.012,0.8797096,0.9952256,1.40781
6.45,20.67922,19.93528,0.122,0.304,1.098992,0.9778222,0.9328517
6.29,20.71472,-39.55861,0.024,-0.006,1.348679,0.9371404,0.5993768
6.48,20.65006,56.005,-0.005,-0.035,1.302141,0.9458218,0.6506131
6.08,20.67672,29.80528,0.008,0.036,0.8715355,0.9953564,1.430662
5.99,20.68783,14.58306,-0.006,0.002,1.443694,0.9183328,0.5055358
5.95,20.66753,43.45861,-0.07,-0.063,1.414119,0.924301,0.5336135
4.51,20.73397,-51.92111,0.158,-0.058,0.9264704,0.9936338,1.285468
5.51,20.68406,32.30722,0.007,-0.014,1.233874,0.9577577,0.733708
6.51,20.68344,39.08222,0.007,0,0.7752084,0.9930265,1.738424
6.22,20.6995,17.52139,0.022,0.044,1.267758,0.9519608,0.6911988
1.25,20.69053,45.28028,0.003,0.002,0.8515572,0.9954764,1.488497
6.01,20.67164,60.50528,0.015,0.19,1.014014,0.9873076,1.089673
5.67,20.69903,41.71694,0.006,0,0.7752084,0.9930265,1.738424
6.66,20.70617,35.45611,-0.019,-0.009,0.7621466,0.9920915,1.786308
4.43,20.72431,15.07444,-0.019,-0.043,0.9487008,0.9924115,1.231931
5.39,20.7035,50.34,0.003,0.005,0.781925,0.9934445,1.714426
6.19,20.48419,83.62556,0.025,-0.017,0.8674873,0.9954039,1.442151
6.5,20.75367,-27.24722,0.008,0.006,1.267758,0.9519608,0.6911988
6.47,20.72339,35.58778,-0.01,-0.003,1.437773,0.9195387,0.5110475
5.5,20.77225,-39.19917,0.049,-0.03,0.781925,0.9934445,1.714426
5.41,20.82169,-68.77639,-0.069,-0.049,1.372211,0.932602,0.5749471
6.49,20.77183,-36.12028,0.044,-0.055,0.9808048,0.9901694,1.159356
4.14,20.76825,-25.27083,-0.05,-0.157,0.9996489,0.9886097,1.119177
5.93,20.76944,-21.51417,0.024,-0.021,0.8322476,0.9953098,1.547205
6.15,20.71103,60.60139,-0.003,-0.014,0.8209915,0.9950778,1.582768
4.91,20.74792,25.27056,-0.028,-0.182,1.407792,0.9255665,0.539732
6.32,20.72042,57.11417,-0.013,0.003,0.9532177,0.9921292,1.221391
6.38,20.75783,18.09028,0.002,0.005,1.708597,0.8596255,0.3062224
4.22,20.76103,30.71972,-0.01,0.028,1.331141,0.9404596,0.6182135
5.11,20.80811,-43.98861,0.185,-0.106,0.9623215,0.9915266,1.200481
5.78,20.73944,56.48806,0.006,-0.015,1.702462,0.8610749,0.3099481
5.58,20.71972,66.6575,0.021,0.032,0.9048428,0.9945425,1.340338
6.27,20.78433,-2.486667,-0.016,-0.016,1.629291,0.8780689,0.3572699
5.14,20.77742,16.12444,-0.03,-0.191,1.028574,0.9858926,1.060716
4.27,20.77764,16.12417,-0.032,-0.197,1.325317,0.9415493,0.6245921
2.46,20.77019,33.97028,0.356,0.328,1.319505,0.9426305,0.6310211
3.77,20.79461,-9.495833,0.035,-0.034,0.8172955,0.9949792,1.594669
4.42,20.79561,-5.027778,0.003,-0.04,1.690208,0.8639587,0.3174968
4.89,20.82472,-46.22694,0.04,0.024,1.611126,0.8821995,0.369895
5.58,20.79675,6.008333,0.01,-0.006,0.8099886,0.9947508,1.618527
6.4,20.79661,3.306667,0.031,0.021,0.8099886,0.9947508,1.618527
4.51,20.75586,57.57972,-0.064,-0.236,1.053264,0.9832854,1.013674
4.92,20.78633,34.37417,0.047,0.004,1.491187,0.9084697,0.4632215
3.43,20.75483,61.83889,0.087,0.818,1.256405,0.9539321,0.7051516
6.3,20.77736,46.53167,-0.024,-0.013,0.8284677,0.9952433,1.559035
6.28,20.86064,-62.42917,0.076,-0.047,0.8756096,0.995297,1.419215
6.59,20.86078,-62.42917,0.078,-0.043,0.8838352,0.9951422,1.396449
5.86,20.82156,-25.78139,0.015,-0.021,0.792227,0.9940051,1.678416
6.33,20.77256,52.99528,-0.081,-0.103,1.372211,0.932602,0.5749471
4.53,20.79014,36.49083,0.009,-0.005,0.7785514,0.9932398,1.726427
6.21,20.82236,-18.03583,0.002,-0.03,1.550918,0.8956152,0.4144755
4.9,20.83281,-33.77972,0.01,-0.025,1.302141,0.9458218,0.6506131
6.4,20.78911,45.57972,0.005,-0.025,1.665772,0.869665,0.3329922
6.41,20.74253,69.75194,-0.026,-0.027,1.302141,0.9458218,0.6506131
5.05,20.85836,-51.60833,0.007,-0.014,1.378119,0.9314479,0.5689601
5.57,20.79703,47.83194,-0.006,-0.015,1.57494,0.8903149,0.3961679
6.36,20.84642,-32.05444,-0.016,-0.061,1.623231,0.8794511,0.3614414
5.52,20.85019,-37.91333,-0.011,-0.022,1.526972,0.9008257,0.4334489
6.27,20.798,52.40722,0.068,-0.158,1.239485,0.9568162,0.7264869
5.98,20.82717,12.54528,0.057,0.098,0.9996489,0.9886097,1.119177
6.33,20.83008,7.864167,0.032,0.011,0.8247156,0.9951659,1.57089
6.21,20.83308,5.544722,0.04,0.006,1.290627,0.9479049,0.663932
5.88,20.84494,-12.545,0.126,-0.07,1.342822,0.9382551,0.6056062
4.84,20.81564,46.11417,0.004,0,0.9901823,0.9894148,1.139147
6.29,20.81186,51.91056,0.006,0.007,0.792227,0.9940051,1.678416
6.04,20.86633,-33.17722,0.015,0.014,0.8284677,0.9952433,1.559035
4.11,20.86369,-26.91917,-0.006,-0.001,1.68409,0.8653929,0.3213205
6.52,20.84361,18.05139,0.076,0.016,0.8322476,0.9953098,1.547205
5.99,20.85714,-5.626389,0.099,-0.001,1.014014,0.9873076,1.089673
6.33,20.83186,46.66111,0.008,0,0.792227,0.9940051,1.678416
5.04,20.83469,44.05944,0.126,0.133,0.8963644,0.9948192,1.36264
5.55,20.86908,-5.506944,0.002,0,0.788763,0.9938273,1.690417
3.65,20.9135,-58.45417,0.017,-0.026,1.449618,0.9171209,0.5000749
5.35,20.8945,-39.81,0.044,-0.102,1.491187,0.9084697,0.4632215
5.77,20.85783,28.25056,0.003,-0.003,1.146286,0.9713996,0.8569388
6.33,20.88367,-23.78306,0.099,-0.053,1.233874,0.9577577,0.733708
4.73,20.87756,-8.983333,0.044,-0.03,0.9487008,0.9924115,1.231931
6.35,20.89028,-30.71861,0.036,-0.008,1.354547,0.9360177,0.5931965
6.24,20.90972,-50.72778,0.002,-0.036,0.7752084,0.9930265,1.738424
6.45,20.8215,64.04222,-0.006,-0.004,0.843752,0.9954435,1.511886
6.38,20.88489,-11.57361,0.05,0.046,1.119825,0.9750837,0.8985121
4.59,20.86881,27.09694,-0.067,-0.065,1.206051,0.962313,0.7706477
6.44,20.86675,32.84917,-0.009,0.006,0.765365,0.9923371,1.774358
6.41,20.90189,-27.92556,0.027,-0.025,1.659678,0.8710787,0.3369508
6.44,20.89956,-6.889722,0.033,-0.027,0.9715175,0.9908733,1.179802
6.34,20.88539,29.64944,-0.001,-0.047,1.354547,0.9360177,0.5931965
5.78,20.91331,-17.92306,-0.051,-0.02,1.372211,0.932602,0.5749471
4.78,20.88744,44.38722,0.01,0.001,0.7686149,0.9925749,1.762392
5.75,20.70978,82.53111,0.029,0.023,0.8172955,0.9949792,1.594669
5.45,20.8885,45.18194,0.014,0.003,1.360425,0.934887,0.587065
6.66,20.89067,42.41028,0.011,0.002,0.8027965,0.9944818,1.64245
5.47,20.89831,33.43778,-0.021,0.038,1.611126,0.8821995,0.369895
6.55,20.91892,-1.373333,-0.002,0.02,0.9352911,0.9931827,1.263889
6.56,20.90622,28.52194,0.007,-0.01,0.7718961,0.9928048,1.750413
5.01,20.90933,28.0575,0,-0.002,1.586981,0.8876316,0.387255
6.7,20.90619,40.70306,0.01,0.003,0.792227,0.9940051,1.678416
6.05,20.92797,4.532778,0.07,0.01,1.200534,0.963193,0.7782043
5.17,20.92686,13.72139,0.021,-0.014,1.372211,0.932602,0.5749471
5.58,20.92739,12.56861,0.04,0.018,0.8634652,0.9954395,1.45368
5.7,20.94647,-26.29639,0.093,-0.065,1.03347,0.9853959,1.051185
6.57,20.93842,-3.561389,0.027,0.018,0.781925,0.9934445,1.714426
5.51,20.94833,-9.6975,-0.003,-0.01,1.580958,0.888976,0.3916917
5.39,20.79261,80.55222,-0.031,-0.037,1.372211,0.932602,0.5749471
6.05,20.95294,0.4636111,0.018,-0.065,1.431855,0.9207385,0.5166105
5.87,20.96128,-16.03167,0.053,0.001,0.8879863,0.9950467,1.385133
6.37,21.02447,-68.20972,-0.01,-0.002,0.8555,0.9954757,1.476855
5.67,20.9305,47.41778,-0.003,-0.002,1.018846,0.9868484,1.07996
5.15,21.07861,-77.02389,0.006,-0.369,1.028574,0.9858926,1.060716
6.63,20.93692,51.075,0.017,0.004,0.781925,0.9934445,1.714426
5.96,20.94297,44.925,-0.005,0.008,0.836055,0.9953655,1.535403
6.01,20.97831,-14.48278,-0.042,-0.002,0.9091193,0.9943857,1.329262
5.81,20.94042,50.72861,0.041,-0.015,0.9397373,0.9929382,1.253181
5.9,20.94053,49.19583,0.009,0.007,1.325317,0.9415493,0.6245921
5.76,21.00597,-51.26528,-0.084,0.13,1.018846,0.9868484,1.07996
3.94,20.95289,41.16722,0.012,-0.016,0.8247156,0.9951659,1.57089
6.23,20.93806,56.8875,0.004,0.002,0.7558053,0.9915778,1.810148
5.48,20.97386,10.83917,-0.051,-0.036,1.262074,0.9529513,0.6981484
6.11,20.99992,-36.12972,0.106,-0.061,0.9808048,0.9901694,1.159356
5.31,20.97122,22.32583,-0.003,-0.003,1.538936,0.8982318,0.4238772
6.25,20.99336,-19.03528,0.011,-0.013,0.7718961,0.9928048,1.750413
5.23,20.98456,4.293611,-0.109,-0.148,1.014014,0.9873076,1.089673
5.55,20.97208,44.47167,0.106,0.072,1.28489,0.9489328,0.6706696
6.16,20.97522,41.94028,-0.001,0.013,0.788763,0.9938273,1.690417
6.66,20.99744,16.82417,0.041,-0.014,0.9761498,0.9905277,1.16955
5.99,21.00108,7.516389,0.029,0.02,0.9220961,0.9938405,1.296338
4.67,21.02153,-32.25778,-0.002,0.005,1.239485,0.9568162,0.7264869
5.61,20.97503,50.46222,0.013,0.01,0.765365,0.9923371,1.774358
6.21,21.00939,-4.730278,0.051,-0.137,1.098992,0.9778222,0.9328517
6.64,21.03683,-43.00194,0.06,-0.103,1.12508,0.9743699,0.8900779
6.05,20.91231,75.92556,0.029,0.043,1.262074,0.9529513,0.6981484
5.65,21.00769,19.32944,-0.016,-0.063,1.665772,0.869665,0.3329922
6.05,21.02925,-26.88111,0.015,-0.023,0.8398899,0.9954101,1.523629
5.94,21.04089,-38.53056,0.163,-0.158,1.366313,0.9337484,0.580982
4.74,20.99711,47.52111,0.006,0.002,0.799244,0.9943325,1.65443
5.3,21.04944,-38.63167,-0.028,-0.111,0.9901823,0.9894148,1.139147
5.51,20.99039,59.43861,0.044,0.015,1.538936,0.8982318,0.4238772
6.25,21.05283,-27.73194,0.035,-0.044,1.273455,0.9509609,0.6843027
5.97,21.02025,36.02611,-0.005,-0.005,1.290627,0.9479049,0.663932
6.58,21.14664,-76.2125,-0.027,-0.022,1.437773,0.9195387,0.5110475
5.37,21.01969,46.15583,0.006,0.008,0.7465358,0.9907548,1.845714
6.5,21.04989,-0.9247222,0.007,-0.002,0.781925,0.9934445,1.714426
5.16,21.08728,-54.72722,0.01,-0.046,1.42594,0.9219321,0.5222255
6.25,21.05083,1.531944,-0.116,-0.053,1.023699,0.9863767,1.070307
6.31,21.0505,14.73,0.021,0.005,1.702462,0.8610749,0.3099481
7.31,21.06794,-5.823333,0.003,0.012,1.302141,0.9458218,0.6506131
5.89,21.06797,-5.823056,0.018,-0.009,1.12508,0.9743699,0.8900779
4.84,21.07342,-19.855,-0.034,-0.037,0.8838352,0.9951422,1.396449
5.68,21.15619,-73.17306,0.432,-0.331,1.078469,0.9803711,0.968162
6.19,21.04003,44.79111,-0.014,0.003,1.714739,0.8581711,0.3025287
6.07,21.05133,38.6575,0.016,-0.008,1.307917,0.9447668,0.6440313
6.48,21.04681,45.84889,-0.005,-0.001,0.765365,0.9923371,1.774358
5.83,21.03586,56.66972,0.016,0.004,0.792227,0.9940051,1.678416
5.61,21.07631,5.502778,0.017,-0.002,1.690208,0.8639587,0.3174968
6.42,21.07825,2.941944,0.013,0.001,1.331141,0.9404596,0.6182135
6.33,21.07928,2.269722,0.098,-0.065,1.28489,0.9489328,0.6706696
5.53,21.10708,-41.38611,0.026,-0.016,1.509061,0.9046737,0.4481333
5.68,21.10033,-30.125,0.041,-0.068,1.319505,0.9426305,0.6310211
6.33,21.06447,41.62806,0.001,-0.054,0.9761498,0.9905277,1.16955
6.37,21.05722,50.35194,0.058,0.053,1.290627,0.9479049,0.663932
5.76,21.14247,-63.92889,0.007,-0.011,1.407792,0.9255665,0.539732
6.32,21.06203,46.86194,-0.055,-0.11,0.9177461,0.9940347,1.307261
4.07,21.09911,-17.23278,0.083,-0.06,0.8136278,0.9948701,1.606589
5.18,21.10686,-32.34167,-0.001,0.01,1.360425,0.934887,0.587065
5.94,21.09075,5.958333,-0.09,-0.129,1.053264,0.9832854,1.013674
5.9,21.06322,53.28611,0.04,0.037,1.296378,0.9468679,0.6572466
3.72,21.08219,43.92778,0.008,0.001,1.690208,0.8639587,0.3174968
4.5,21.11881,-25.00583,-0.023,-0.043,1.665772,0.869665,0.3329922
6.2,21.18908,-72.54417,0.026,-0.022,1.348679,0.9371404,0.5993768
6.12,21.10653,26.92444,0.044,-0.017,1.331141,0.9404596,0.6182135
6.17,21.12906,-17.45528,0.018,-0.027,0.8247156,0.9951659,1.57089
5.82,21.10842,31.18472,0.007,-0.004,1.063285,0.9821562,0.9952854
5.21,21.11517,38.74583,4.136,3.203,1.407792,0.9255665,0.539732
6.03,21.11536,38.74333,4.126,3.208,1.520997,0.9021141,0.4382997
5.3,21.14267,-21.19361,0.022,-0.06,0.8209915,0.9950778,1.582768
6.34,21.126,15.65861,0.049,-0.059,1.307917,0.9447668,0.6440313
4.55,21.11003,47.64833,0.008,0.001,1.641429,0.8752886,0.3490357
6.15,21.14117,6.989444,-0.006,0.003,1.696332,0.8625193,0.3137062
6.25,21.15917,-20.55639,0.12,-0.124,0.9761498,0.9905277,1.16955
5.02,21.22236,-70.12639,0.04,-0.025,1.647506,0.8738905,0.3449722
4.51,21.15992,-11.37167,0.095,-0.015,1.267758,0.9519608,0.6911988
5.59,21.14414,30.20583,0.025,-0.017,0.781925,0.9934445,1.714426
6.45,21.16619,2.943333,0.04,0.017,0.9715175,0.9908733,1.179802
6.27,21.17969,-9.353889,0.114,-0.056,1.395897,0.9279408,0.5512831
4.69,21.17236,10.13167,0.057,-0.153,0.9220961,0.9938405,1.296338
6.07,21.17533,10.04889,-0.009,0.015,0.8247156,0.9951659,1.57089
5.87,21.10647,71.43194,-0.048,-0.116,0.9854823,0.9897984,1.149222
5.83,21.20378,-40.26944,0.047,-0.222,1.009204,0.9877542,1.099447
6.68,21.17556,22.45472,0.02,-0.008,0.8284677,0.9952433,1.559035
6.48,21.19481,-14.47222,0.039,0.004,0.9308688,0.9934145,1.274651
6.63,21.16628,45.5025,0.004,-0.001,0.7621466,0.9920915,1.786308
5.26,21.21753,-39.42528,0.186,-0.123,1.004415,0.9881883,1.109282
6.54,21.18442,36.29917,0.021,-0.015,0.7686149,0.9925749,1.762392
5.73,21.171,53.56333,0.026,0.001,0.7752084,0.9930265,1.738424
6.46,21.17528,47.69194,0.004,-0.007,0.8136278,0.9948701,1.606589
5.96,21.22192,-36.42389,0.029,-0.013,1.290627,0.9479049,0.663932
6.54,21.15803,63.29556,0.013,0.005,0.7718961,0.9928048,1.750413
5.42,21.22147,-27.61944,0.099,-0.116,1.550918,0.8956152,0.4144755
6.63,21.30447,-75.34667,0.013,-0.035,0.8284677,0.9952433,1.559035
5.91,21.09147,78.12639,0.02,0.029,0.792227,0.9940051,1.678416
7.33,21.15889,68.49028,-0.032,-0.067,1.59301,0.8862817,0.3828574
5.75,21.26275,-53.26306,0.035,-0.017,0.8921627,0.9949391,1.373863
3.2,21.21561,30.22694,0.001,-0.056,1.296378,0.9468679,0.6572466
6.27,21.22467,15.9825,0.043,-0.023,0.9134204,0.9942164,1.318236
6.21,21.25408,-40.50639,0.139,-0.009,1.384036,0.9302863,0.5630207
6.77,21.23797,-10.60528,0.014,0.004,0.788763,0.9938273,1.690417
5.64,21.19672,59.98639,0,-0.005,0.8594694,0.9954634,1.465249
6.05,21.22397,36.63361,-0.018,0.006,0.9005912,0.994687,1.351465
6.38,21.24361,0.09222222,0.028,-0.009,1.665772,0.869665,0.3329922
6.04,21.25183,-17.345,-0.004,-0.02,1.279166,0.9499515,0.6774598
4.49,21.24136,10.00694,0.049,-0.305,1.03347,0.9853959,1.051185
6.12,21.263,-36.21083,0.032,-0.009,1.520997,0.9021141,0.4382997
6.31,21.30008,-64.68167,0.006,-0.037,0.792227,0.9940051,1.678416
6.17,21.23619,29.90111,0.001,0.005,1.354547,0.9360177,0.5931965
5.24,21.26053,-20.65167,0.013,0.002,1.40184,0.9267572,0.5454844
5.28,21.26247,-15.17139,0.027,0.005,1.68409,0.8653929,0.3213205
6.45,21.5345,-84.81,0.045,-0.027,1.538936,0.8982318,0.4238772
3.72,21.24653,38.04556,0.16,0.435,0.9808048,0.9901694,1.159356
3.92,21.26372,5.247778,0.059,-0.088,1.048284,0.9838315,1.02296
6.48,21.27767,-1.607778,0.036,-0.014,1.290627,0.9479049,0.663932
6.39,21.2285,64.40389,0.027,-0.105,1.08357,0.9797518,0.959243
6.4,21.28708,-13.27889,-0.022,-0.002,0.8322476,0.9953098,1.547205
4.71,21.29897,-32.1725,0.058,-0.026,0.8398899,0.9954101,1.523629
6.46,21.26022,47.97361,-0.042,-0.023,0.765365,0.9923371,1.774358
5.43,21.29925,-17.98528,0.017,-0.002,0.7752084,0.9930265,1.738424
6.43,21.27489,42.25139,0.003,-0.028,1.302141,0.9458218,0.6506131
7.05,21.30436,-17.46222,0.036,0.004,0.957758,0.9918342,1.210907
4.39,21.33111,-53.44972,0.105,-0.072,0.8921627,0.9949391,1.373863
5.82,21.30308,-4.519444,0.011,0.015,0.7718961,0.9928048,1.750413
6.4,21.31511,-28.76556,-0.181,-0.058,1.28489,0.9489328,0.6706696
4.23,21.29028,39.39472,0.001,-0.003,0.8634652,0.9954395,1.45368
6.19,21.28978,42.68333,0.015,-0.008,0.7785514,0.9932398,1.726427
6,21.33597,-45.02222,0,-0.01,2.120333,0.7558278,0.1211408
4.43,21.29864,34.89694,0.014,-0.002,0.7785514,0.9932398,1.726427
6.13,21.28389,53.9975,0.031,0.033,0.836055,0.9953655,1.535403
6.56,21.32939,-26.35306,-0.539,-0.357,1.151633,0.9706286,0.8488025
5.96,21.31444,11.20333,0.026,0.015,1.690208,0.8639587,0.3174968
5.98,21.28731,55.79806,0.018,0.017,1.568927,0.8916483,0.4006839
4.82,21.346,-40.80972,0.069,-0.005,0.8247156,0.9951659,1.57089
6.38,21.35456,-49.93778,-0.021,-0.151,1.491187,0.9084697,0.4632215
6.42,21.28856,58.61167,0.001,0.003,0.8963644,0.9948192,1.36264
5,21.30756,43.94583,0.006,-0.009,0.8136278,0.9948701,1.606589
6.15,21.31536,41.04083,-0.006,0.009,0.9397373,0.9929382,1.253181
6.41,21.40464,-69.73417,0.005,-0.018,2.442485,0.6686023,0.03606358
5.83,21.32283,38.2375,0.011,-0.006,1.03347,0.9853959,1.051185
6.29,21.33722,22.02639,0.003,0.01,0.788763,0.9938273,1.690417
6.09,21.42169,-71.79944,0.018,-0.007,1.455546,0.9159029,0.4946641
5.87,21.35119,-4.56,-0.012,0.011,1.256405,0.9539321,0.7051516
5.76,21.32467,49.51028,0.017,0.002,0.765365,0.9923371,1.774358
2.44,21.30967,62.58556,0.151,0.049,0.9048428,0.9945425,1.340338
5.82,21.35133,7.354444,0.041,-0.019,1.696332,0.8625193,0.3137062
5.66,21.32106,58.62361,0.005,-0.001,1.526972,0.9008257,0.4334489
5.57,21.35122,23.85583,0.243,-0.12,1.331141,0.9404596,0.6182135
5.68,21.34725,32.45278,0.053,-0.033,1.348679,0.9371404,0.5993768
4.28,21.37078,-16.83444,0.033,0.004,1.24511,0.9558647,0.7193206
5.95,21.26172,77.01222,0.013,0.01,1.599043,0.8849264,0.3784985
6.04,21.35611,32.61278,0.018,-0.011,0.8284677,0.9952433,1.559035
6.4,21.35039,40.34556,-0.019,-0.207,1.048284,0.9838315,1.02296
5.18,21.32283,64.87194,0.006,0.004,0.8027965,0.9944818,1.64245
5.6,21.38347,-22.66889,0.037,0.01,1.677979,0.8668221,0.3251773
4.08,21.36811,19.80444,0.106,0.064,1.366313,0.9337484,0.580982
6.15,21.22264,81.23083,-0.009,0,0.8515572,0.9954764,1.488497
5.99,21.38231,-9.319444,-0.025,-0.026,1.623231,0.8794511,0.3614414
6.38,21.56511,-82.68306,0.018,0,0.8674873,0.9954039,1.442151
6.31,21.40578,-46.615,0.042,-0.022,0.8963644,0.9948192,1.36264
5.16,21.38156,6.811111,0.056,0.01,0.836055,0.9953655,1.535403
6.11,21.34264,60.75694,-0.04,-0.001,1.302141,0.9458218,0.6506131
5.77,21.40689,-41.00667,0.031,0,0.799244,0.9943325,1.65443
4.22,21.44072,-65.36611,0.079,0.799,1.028574,0.9858926,1.060716
6.05,21.37831,30.30972,0.015,0.004,1.348679,0.9371404,0.5993768
5.41,21.40267,-20.85194,-0.007,-0.125,1.395897,0.9279408,0.5512831
6.38,21.40219,-22.74694,-0.028,-0.003,1.313705,0.943703,0.6375007
5.69,21.36678,49.38889,0.034,0.067,1.360425,0.934887,0.587065
6.63,21.37969,38.63417,0.004,-0.024,0.8209915,0.9950778,1.582768
5.49,21.40319,-12.87806,0.091,0.008,0.9352911,0.9931827,1.263889
6.12,21.43761,-54.66056,0.004,0.036,0.957758,0.9918342,1.210907
6.58,21.38972,37.40667,0.046,0.025,1.302141,0.9458218,0.6506131
5.71,21.39967,24.27417,0.136,0.022,0.9487008,0.9924115,1.231931
6.35,21.40683,10.17417,0.072,0.021,1.018846,0.9868484,1.07996
6.36,21.41436,-3.398333,-0.006,-0.053,0.9532177,0.9921292,1.221391
6.47,21.39675,37.35139,-0.009,-0.007,1.302141,0.9458218,0.6506131
6.15,21.40206,25.31222,0.039,0,1.302141,0.9458218,0.6506131
5.7,21.42031,-9.748611,0.024,-0.171,0.8963644,0.9948192,1.36264
5.34,21.47914,-69.50528,0.075,-0.047,1.629291,0.8780689,0.3572699
6.32,21.40642,24.52889,0.033,0,1.325317,0.9415493,0.6245921
5.68,21.40944,26.17444,0.048,0.002,0.9442073,0.9926812,1.242528
5.49,21.42139,-3.556667,-0.008,-0.065,1.57494,0.8903149,0.3961679
5.63,21.43969,-37.82944,0.163,-0.012,1.414119,0.924301,0.5336135
6.47,21.55572,-80.03917,0.006,-0.012,0.8322476,0.9953098,1.547205
5.51,21.45044,-42.54778,-0.049,0.017,0.9808048,0.9901694,1.159356
6.46,21.43097,0.5344444,0.04,0.013,0.8797096,0.9952256,1.40781
3.74,21.44444,-22.41139,0.001,0.023,1.302141,0.9458218,0.6506131
6.13,21.44114,1.103333,0.113,-0.163,1.004415,0.9881883,1.109282
6.58,21.41542,49.32333,-0.015,-0.007,0.8063781,0.9946213,1.630482
5.78,21.45411,-21.19611,-0.026,-0.03,1.562919,0.8929762,0.4052402
5.6,21.42211,46.71444,0.195,0.048,0.9487008,0.9924115,1.231931
5.94,21.42972,36.6675,0.006,-0.005,0.788763,0.9938273,1.690417
6.07,21.44075,19.37556,0.081,0.014,0.9048428,0.9945425,1.340338
6.39,21.48342,-53.70583,0.081,-0.025,1.384036,0.9302863,0.5630207
6.61,21.47053,-11.56833,0.009,-0.048,1.028574,0.9858926,1.060716
4.51,21.47872,-21.80722,0.138,-0.006,1.250751,0.9549033,0.7122089
6.5,21.48439,-31.23861,0.022,-0.011,0.8284677,0.9952433,1.559035
5.31,21.45594,37.11667,0,0.002,0.7686149,0.9925749,1.762392
5.31,21.44767,48.835,0.06,0.023,0.843752,0.9954435,1.511886
5.41,21.46114,27.60861,0.041,0.018,0.8322476,0.9953098,1.547205
6.03,21.44583,52.89861,0.017,0.008,0.7752084,0.9930265,1.738424
6.4,21.47356,8.195556,0.011,-0.025,1.68409,0.8653929,0.3213205
5.8,21.46897,32.22528,0.137,0.083,0.9487008,0.9924115,1.231931
6.44,21.48331,17.90583,-0.015,-0.001,1.532952,0.8995316,0.4286416
6.57,21.49989,-19.14778,0.034,-0.045,0.9901823,0.9894148,1.139147
5.93,21.48331,22.17944,0.045,0.011,1.617176,0.880828,0.3656496
6.1,21.45703,59.75,-0.022,-0.018,1.751717,0.8493406,0.2810216
4.57,21.49914,23.63889,0.024,0.004,1.671872,0.8682461,0.3290678
6.12,21.48131,55.41861,0.014,0.011,0.8715355,0.9953564,1.430662
5.44,21.46281,66.80917,-0.014,-0.019,0.7785514,0.9932398,1.726427
5.24,21.49083,46.54056,0.045,0.104,1.28489,0.9489328,0.6706696
5.29,21.53497,-41.17917,0.018,0.015,1.360425,0.934887,0.587065
5.97,21.53739,-33.94472,-0.001,-0.004,0.836055,0.9953655,1.535403
6.08,21.51933,12.1375,0.019,-0.014,0.799244,0.9943325,1.65443
2.91,21.52597,-5.571111,0.021,-0.008,1.206051,0.962313,0.7706477
6.41,21.55492,-52.7375,-0.005,-0.009,1.586981,0.8876316,0.387255
6.18,21.64894,-79.4425,0.059,-0.022,1.014014,0.9873076,1.089673
6.43,21.54258,-24.59056,0.073,0.007,0.8963644,0.9948192,1.36264
5.57,21.55653,-44.84861,-0.017,-0.007,1.325317,0.9415493,0.6245921
6.02,21.50567,52.95806,0.024,0.015,0.8476411,0.9954656,1.500175
3.23,21.47767,70.56083,0.01,0.007,0.7435117,0.9904674,1.857505
5.97,21.41381,80.52472,0.044,-0.016,1.256405,0.9539321,0.7051516
6.7,21.54086,23.39444,0.036,0.002,0.7853289,0.9936404,1.702421
6.32,21.57139,-42.925,-0.041,-0.024,1.354547,0.9360177,0.5931965
6.16,21.52431,52.62,0.009,0.003,1.24511,0.9558647,0.7193206
5.53,21.51647,60.45944,-0.002,-0.001,0.8634652,0.9954395,1.45368
6.41,21.58139,-29.69611,0.017,-0.017,0.7785514,0.9932398,1.726427
5.69,21.58083,-20.08444,-0.037,0.031,0.9854823,0.9897984,1.149222
5.75,21.54906,49.97778,0.02,0.015,0.8063781,0.9946213,1.630482
6.4,21.58775,-23.45417,0.077,-0.008,1.360425,0.934887,0.587065
6.25,21.55497,45.85417,-0.001,0.003,1.788916,0.8403358,0.2605931
6.2,21.63414,-64.82417,0.032,-0.01,0.8284677,0.9952433,1.559035
6.47,21.57611,22.75472,0.014,-0.041,1.038387,0.9848868,1.041715
5.77,21.58822,-3.983056,-0.005,0.001,1.366313,0.9337484,0.580982
4.02,21.56636,45.59194,-0.023,-0.094,1.239485,0.9568162,0.7264869
5.73,21.60306,-26.17139,0.111,-0.023,0.9048428,0.9945425,1.340338
3.76,21.69125,-77.39,0.045,-0.24,1.302141,0.9458218,0.6506131
4.9,21.57961,38.53417,0.124,0.099,1.348679,0.9371404,0.5993768
6.11,21.61358,-33.04806,0.089,-0.003,0.9048428,0.9945425,1.340338
6.31,21.58861,28.19722,0.128,-0.043,0.9623215,0.9915266,1.200481
6.11,21.59083,24.45222,0.011,-0.011,1.302141,0.9458218,0.6506131
6.15,21.57431,51.69833,0.007,0,0.8247156,0.9951659,1.57089
4.68,21.618,-19.46611,0.015,0.003,0.75896,0.9918383,1.798239
6.36,21.60386,30.05556,-0.063,0.062,1.302141,0.9458218,0.6506131
5.53,21.60067,45.37472,0.051,0.006,1.647506,0.8738905,0.3449722
6.25,21.62606,-0.3902778,-0.015,-0.023,0.8398899,0.9954101,1.523629
4.69,21.62919,-7.854167,0.116,-0.025,0.8838352,0.9951422,1.396449
6.18,21.62881,6.618333,0.06,-0.007,0.8247156,0.9951659,1.57089
5.01,21.61583,40.41361,-0.001,0.013,0.8879863,0.9950467,1.385133
5.45,21.62928,19.31861,0.101,0.013,0.9397373,0.9929382,1.253181
6.28,21.65169,-33.67917,0.066,-0.051,1.256405,0.9539321,0.7051516
6.21,21.66658,-52.35917,-0.017,0.001,1.08357,0.9797518,0.959243
5.67,21.64219,5.771667,0.114,0.024,0.9177461,0.9940347,1.307261
6.33,21.676,-55.7375,0.01,0.023,1.336976,0.9393615,0.611885
6.2,21.62442,44.69667,-0.001,-0.028,0.8921627,0.9949391,1.373863
6.08,21.65781,-10.57694,0.019,-0.05,1.319505,0.9426305,0.6310211
6.16,21.64583,25.49889,-0.021,0.003,1.313705,0.943703,0.6375007
6.15,21.62742,54.04222,-0.019,0,1.296378,0.9468679,0.6572466
5.85,21.65031,20.26528,0.113,-0.003,0.9487008,0.9924115,1.231931
5.1,21.65925,2.243611,-0.026,-0.082,1.325317,0.9415493,0.6245921
3.68,21.66819,-16.66222,0.19,-0.023,0.9487008,0.9924115,1.231931
4.73,21.632,62.08194,-0.003,-0.002,0.9397373,0.9929382,1.253181
5.29,21.84842,-82.71917,0.058,-0.036,1.162379,0.969053,0.8327068
5.62,21.64933,57.48917,-0.001,-0.003,0.9005912,0.994687,1.351465
6.49,21.69614,-25.10194,-0.021,-0.003,1.414119,0.924301,0.5336135
5.18,21.69247,-14.0475,-0.118,-0.307,1.10937,0.9764765,0.9155611
5.11,21.66975,43.27389,0.063,0.016,1.659678,0.8710787,0.3369508
5.24,21.70022,-23.26278,0.102,-0.089,1.273455,0.9509609,0.6843027
6.01,21.758,-71.00889,0.009,-0.019,0.781925,0.9934445,1.714426
5.67,21.70281,1.285278,0.001,-0.007,1.562919,0.8929762,0.4052402
4.73,21.71097,-18.86639,0.147,-0.006,1.233874,0.9577577,0.733708
5.3,21.70431,5.68,0.014,-0.006,1.68409,0.8653929,0.3213205
6.2,21.67869,54.87222,0.01,0.005,1.395897,0.9279408,0.5512831
6.11,21.69286,40.80528,-0.012,-0.046,0.843752,0.9954435,1.511886
6.09,21.70917,10.82472,0.024,-0.002,0.7785514,0.9932398,1.726427
6.22,21.72042,-19.62083,0.077,-0.011,0.9264704,0.9936338,1.285468
6.57,22.75794,-88.81833,0.016,-0.04,0.9308688,0.9934145,1.274651
5.88,21.71789,-14.39972,-0.002,0.025,0.9177461,0.9940347,1.307261
6.07,21.70031,35.51028,0.007,0,2.244757,0.7225915,0.08378406
6.17,21.70233,45.76583,0.006,-0.013,1.629291,0.8780689,0.3572699
6.3,21.74153,-38.5525,0.081,-0.168,1.372211,0.932602,0.5749471
5.69,21.70636,41.07722,0.021,0.003,0.8209915,0.9950778,1.582768
4.67,21.70158,51.18972,0.006,-0.006,0.7752084,0.9930265,1.738424
5.99,21.73361,-14.74944,-0.023,0.008,0.9005912,0.994687,1.351465
6.45,21.75528,-49.49861,0.094,0.053,1.389962,0.9291172,0.5571284
6.09,21.71081,49.60028,0.01,-0.002,1.302141,0.9458218,0.6506131
4.34,21.74911,-33.02583,0.034,-0.094,0.799244,0.9943325,1.65443
5.49,21.71844,41.155,-0.023,-0.015,1.653589,0.8724872,0.3409441
5.65,21.72381,38.28389,0.036,0.004,0.8172955,0.9949792,1.594669
2.39,21.73644,9.875,0.031,-0.001,1.617176,0.880828,0.3656496
4.73,21.73572,28.74278,0.292,-0.241,1.023699,0.9863767,1.070307
6.08,21.73564,28.74306,0.231,-0.219,0.966908,0.9912063,1.190112
5.09,21.75008,-9.0825,0.021,-0.005,1.366313,0.9337484,0.580982
6.08,21.71261,59.27111,-0.003,0.01,1.503099,0.9059449,0.4531172
4.34,21.74186,17.35,0.012,-0.013,1.40184,0.9267572,0.5454844
5.94,21.74203,14.77194,0.234,-0.119,1.078469,0.9803711,0.968162
4.13,21.74408,25.645,0.034,0.01,0.9996489,0.9886097,1.119177
4.08,21.72511,58.78,0.003,-0.003,2.133366,0.7523779,0.1169137
4.56,21.69869,71.31139,0.117,0.099,1.360425,0.934887,0.587065
6,21.77119,-9.275833,0.021,0.009,1.696332,0.8625193,0.3137062
5.58,21.77558,-11.36583,0.031,-0.008,0.8136278,0.9948701,1.606589
6.4,21.76236,35.85722,0.094,0.012,1.302141,0.9458218,0.6506131
5.29,21.76789,22.94889,0.01,-0.005,1.544924,0.8969263,0.4191554
2.87,21.784,-16.12722,0.263,-0.297,0.9352911,0.9931827,1.263889
5.58,21.80439,-47.30361,0.167,-0.298,1.08357,0.9797518,0.959243
5.17,21.71778,72.32028,-0.044,-0.038,1.331141,0.9404596,0.6182135
6.28,21.77333,25.56333,0.166,0.044,1.42594,0.9219321,0.5222255
5.01,21.79561,-30.89833,-0.032,0.002,0.8322476,0.9953098,1.547205
5.95,21.74814,62.46056,-0.007,-0.002,0.9442073,0.9926812,1.242528
5.64,21.78722,2.686111,0.01,-0.003,0.8172955,0.9949792,1.594669
6.54,21.77128,43.06083,0.013,0.013,0.9308688,0.9934145,1.274651
6.21,21.78464,17.19417,0.094,-0.014,0.957758,0.9918342,1.210907
5.62,21.83336,-64.7125,-0.003,-0.042,1.313705,0.943703,0.6375007
6.17,21.79392,-5.917222,0.049,-0.002,0.9048428,0.9945425,1.340338
5.53,21.84642,-69.62944,-0.031,-0.002,1.520997,0.9021141,0.4382997
4.29,21.75747,61.12083,-0.003,-0.003,1.043325,0.9843654,1.032307
4.23,21.77989,49.30944,0.004,-0.002,0.7752084,0.9930265,1.738424
6.47,21.80231,36.58056,-0.028,0.002,1.302141,0.9458218,0.6506131
6.31,21.82808,-12.72306,-0.003,0.015,0.9048428,0.9945425,1.340338
6.12,21.80817,38.64861,0.022,-0.002,0.788763,0.9938273,1.690417
5.52,21.79036,60.69278,-0.008,0,1.611126,0.8821995,0.369895
6.38,21.83697,-16.84472,0.034,0,1.550918,0.8956152,0.4144755
6.29,21.82414,20.4625,0.003,-0.002,0.781925,0.9934445,1.714426
6.29,21.78361,70.15083,-0.004,-0.026,1.302141,0.9458218,0.6506131
5.04,21.83075,30.17417,0.019,-0.027,0.8063781,0.9946213,1.630482
5.29,21.83575,17.28556,0.076,-0.061,0.9715175,0.9908733,1.179802
6.48,21.82781,41.14889,-0.002,-0.007,0.9949045,0.9890186,1.129132
6.16,21.86161,-18.62306,0.148,-0.079,0.966908,0.9912063,1.190112
6.17,21.82194,61.27278,0.003,-0.024,1.702462,0.8610749,0.3099481
5.77,21.8595,19.82667,0.014,0.017,0.781925,0.9934445,1.714426
6.17,21.85136,39.53667,0.006,0.005,0.788763,0.9938273,1.690417
6.89,21.87172,21.27306,0.015,0.021,1.302141,0.9458218,0.6506131
5.08,21.88828,-13.55167,0.313,0.013,0.9715175,0.9908733,1.179802
5.9,21.91986,-61.88639,0.05,-0.084,0.9808048,0.9901694,1.159356
3.01,21.89881,-37.365,0.102,-0.021,0.7752084,0.9930265,1.738424
5.53,21.87497,28.79333,-0.059,-0.067,0.9949045,0.9890186,1.129132
6.59,21.89333,-10.31167,0.012,-0.004,0.7752084,0.9930265,1.738424
5.08,21.88439,25.925,0.009,-0.002,0.75896,0.9918383,1.798239
5.71,21.86694,55.79694,0.013,0.003,0.7718961,0.9928048,1.750413
5.68,21.89372,19.66833,0.013,0.013,0.8209915,0.9950778,1.582768
6.15,21.89939,6.864444,0.081,0,1.189549,0.9649212,0.7934883
5.71,21.90289,-4.276111,0.057,-0.093,1.407792,0.9255665,0.539732
6.37,21.86036,65.75278,-0.006,-0.015,1.302141,0.9458218,0.6506131
6.19,21.93722,-57.89944,0.016,0.011,0.9005912,0.994687,1.351465
6.2,21.90997,-3.301111,0.018,-0.028,1.023699,0.9863767,1.070307
6.39,21.90483,19.71833,-0.034,-0.008,1.28489,0.9489328,0.6706696
6.41,21.93211,-30.60639,0.051,-0.026,1.262074,0.9529513,0.6981484
5.46,21.93967,-37.25361,-0.016,-0.002,0.8476411,0.9954656,1.500175
6.18,21.95061,-37.74694,0.022,-0.003,0.9532177,0.9921292,1.221391
4.4,21.96531,-54.9925,0.048,-0.007,0.9308688,0.9934145,1.274651
6.12,21.97503,-59.01222,0.005,0.026,1.014014,0.9873076,1.089673
6.41,22.03114,-77.6625,-0.031,-0.002,0.9048428,0.9945425,1.340338
5.8,21.91478,56.61139,-0.003,-0.001,1.151633,0.9706286,0.8488025
6.4,21.94,21.23972,0.002,0.015,1.720887,0.8567117,0.2988666
5.54,21.949,12.07639,-0.024,-0.014,0.836055,0.9953655,1.535403
6.13,21.92242,61.54194,0.004,0.007,1.659678,0.8710787,0.3369508
5.86,21.92531,65.32083,0.007,0.003,0.7957208,0.9941736,1.666419
6.33,21.97036,-5.424722,0.04,-0.101,0.9715175,0.9908733,1.179802
6.42,21.95061,48.66861,0.005,0.002,0.788763,0.9938273,1.690417
6.12,21.97883,-21.18278,0.023,-0.002,1.690208,0.8639587,0.3174968
5.5,21.98831,-38.39528,0.042,-0.006,1.302141,0.9458218,0.6506131
5.95,22.05106,-76.11861,0.022,-0.08,0.9808048,0.9901694,1.159356
6.01,22.00669,-55.88278,0.01,0.014,0.781925,0.9934445,1.714426
6.22,21.98194,-4.373056,0.001,-0.254,1.302141,0.9458218,0.6506131
4.91,21.94419,63.62556,-0.005,-0.004,1.764092,0.8463581,0.2740952
6.43,21.95308,66.15611,0.005,0.001,0.799244,0.9943325,1.65443
6,22.00219,6.7175,0.015,0.004,0.7752084,0.9930265,1.738424
5.42,22.01394,-28.45361,0.016,0.006,0.7853289,0.9936404,1.702421
4.69,22.056,-56.78611,3.961,-2.538,1.336976,0.9393615,0.611885
5.93,21.9815,62.69833,0.004,0.026,1.702462,0.8610749,0.3099481
6.59,21.98972,57.65833,0.004,-0.015,0.8284677,0.9952433,1.559035
5.58,22.01806,0.605,0.01,-0.013,1.467412,0.9134489,0.4839908
6.46,22.00744,33.00611,-0.006,0.064,1.302141,0.9458218,0.6506131
5.6,22.01817,13.11972,0.059,-0.057,0.957758,0.9918342,1.210907
5.65,22.01922,8.257222,-0.009,-0.002,1.562919,0.8929762,0.4052402
6.28,22.03664,-17.90361,0.123,-0.06,1.307917,0.9447668,0.6440313
6.35,21.96417,74.99667,-0.007,-0.012,1.635357,0.8766814,0.3531348
6.37,22.04072,-16.96417,0.015,0.001,0.9949045,0.9890186,1.129132
6.37,22.03372,10.97389,0.022,0.003,0.781925,0.9934445,1.714426
7.1,22.05478,-29.90417,0.122,-0.014,0.9487008,0.9924115,1.231931
6.66,22.01092,62.48806,-0.001,0.007,0.8398899,0.9954101,1.523629
5.03,21.9875,73.18,-0.068,-0.161,1.004415,0.9881883,1.109282
5.54,22.05456,-6.5225,0.045,0.006,1.279166,0.9499515,0.6774598
4.69,22.05525,-2.155278,0.028,-0.012,0.7957208,0.9941736,1.666419
5.78,22.03072,52.88222,0.011,0.006,0.7785514,0.9932398,1.726427
5.8,22.05528,11.38639,0.017,-0.012,0.792227,0.9940051,1.678416
6.47,22.07331,-29.91667,0.014,0.001,1.677979,0.8668221,0.3251773
5.56,22.03461,58.00056,-0.002,0,0.8398899,0.9954101,1.523629
5.6,22.04908,44.65,-0.018,-0.033,0.8063781,0.9946213,1.630482
5.96,22.07689,-26.8225,0.017,-0.015,0.7686149,0.9925749,1.762392
5.62,22.09747,-59.63611,0.048,-0.056,1.57494,0.8903149,0.3961679
5.3,22.07983,-0.9066667,-0.015,-0.052,0.9091193,0.9943857,1.329262
4.46,22.10192,-39.54333,-0.023,-0.124,1.520997,0.9021141,0.4382997
6.38,22.07622,32.94194,-0.007,0.001,1.360425,0.934887,0.587065
4.84,22.09467,5.058611,0.111,0.1,1.562919,0.8929762,0.4052402
2.96,22.09639,-0.3197222,0.02,-0.01,1.290627,0.9479049,0.663932
5.78,22.0865,26.67389,0.034,0.032,1.449618,0.9171209,0.5000749
5.29,22.06469,63.11972,0.031,0.055,1.647506,0.8738905,0.3449722
4.29,22.06317,64.62778,0.209,0.085,0.957758,0.9918342,1.210907
4.27,22.10728,-13.86972,0.042,-0.056,0.792227,0.9940051,1.678416
5.7,22.09297,28.96389,0.031,-0.012,0.7957208,0.9941736,1.666419
6.55,22.17847,-75.88056,0.035,-0.002,1.407792,0.9255665,0.539732
6.13,22.08789,46.74472,-0.042,-0.02,1.665772,0.869665,0.3329922
6.44,22.09739,45.11222,0.026,-0.009,0.8063781,0.9946213,1.630482
6.98,21.97019,82.86972,-0.141,-0.041,1.043325,0.9843654,1.032307
5.14,22.10056,45.01444,-0.007,-0.016,1.641429,0.8752886,0.3490357
1.74,22.13722,-46.96111,0.129,-0.151,0.7718961,0.9928048,1.750413
5.27,22.08347,62.78556,0.015,0.058,1.544924,0.8969263,0.4191554
6.27,22.09756,48.23167,-0.005,0.004,0.7957208,0.9941736,1.666419
5.11,22.08581,62.28,0.003,0,0.8476411,0.9954656,1.500175
6.19,22.10344,45.24861,0.036,-0.01,0.8515572,0.9954764,1.488497
3.76,22.11686,25.345,0.298,0.025,1.004415,0.9881883,1.109282
4.5,22.13972,-32.98861,0.08,-0.031,0.836055,0.9953655,1.535403
6.15,22.19869,-76.11611,-0.044,-0.043,1.302141,0.9458218,0.6506131
4.99,22.14056,-34.04389,0.008,-0.049,1.586981,0.8876316,0.387255
6.39,22.10375,56.34306,0.014,-0.011,0.781925,0.9934445,1.714426
5.75,22.12461,19.47556,0.125,0.037,1.302141,0.9458218,0.6506131
6.35,22.125,18.00056,0.025,-0.04,1.68409,0.8653929,0.3213205
6.37,22.14519,-33.12556,0.022,0.029,0.8963644,0.9948192,1.36264
5.78,22.13064,21.70278,-0.047,-0.069,0.781925,0.9934445,1.714426
5.81,22.14972,-18.51972,0.003,-0.012,0.75896,0.9918383,1.798239
6.43,22.16611,-48.10722,0.077,-0.047,1.532952,0.8995316,0.4286416
6.11,22.13811,25.54361,-0.038,-0.037,0.9264704,0.9936338,1.285468
6.32,22.11933,58.84083,-0.013,-0.022,1.233874,0.9577577,0.733708
6.14,22.12375,53.30722,-0.007,-0.009,0.9996489,0.9886097,1.119177
5.37,22.16547,-34.01472,-0.017,0.038,0.9134204,0.9942164,1.318236
6.42,22.13792,49.79639,0.029,-0.023,1.302141,0.9458218,0.6506131
6.44,22.16669,-28.2925,0.032,0.026,0.8756096,0.995297,1.419215
4.92,22.16911,-32.54833,0.434,0.013,1.023699,0.9863767,1.070307
6.11,22.14472,45.74194,-0.027,0.031,1.146286,0.9713996,0.8569388
5.58,22.15378,33.17222,-0.059,-0.067,1.302141,0.9458218,0.6506131
3.53,22.17,6.197778,0.276,0.027,0.8476411,0.9954656,1.500175
6.27,22.17253,-3.894167,0.019,-0.05,0.8136278,0.9948701,1.606589
5.46,22.17708,-11.565,0.036,0.009,0.7752084,0.9930265,1.738424
6.01,22.17606,-4.267222,0.076,-0.003,1.290627,0.9479049,0.663932
4.29,22.16644,33.17833,-0.014,-0.021,1.014014,0.9873076,1.089673
6.18,22.17194,19.61694,0.086,-0.075,1.130354,0.9736445,0.8817036
6.33,22.17283,14.63,0.034,-0.026,1.348679,0.9371404,0.5993768
6.09,22.184,-21.2325,0.122,-0.033,1.03347,0.9853959,1.051185
5.78,22.17706,11.62444,-0.046,-0.054,1.647506,0.8738905,0.3449722
6.46,22.17506,20.97806,0,-0.008,0.8634652,0.9954395,1.45368
6.32,22.181,30.55306,0.008,-0.009,0.8879863,0.9950467,1.385133
5.95,22.19758,16.04056,-0.008,-0.019,1.273455,0.9509609,0.6843027
6.03,22.20717,-14.19389,0.028,-0.042,0.9761498,0.9905277,1.16955
5.4,22.18608,50.82333,0.139,0.041,0.8756096,0.995297,1.419215
6.17,22.21597,-26.32778,-0.019,-0.033,0.8838352,0.9951422,1.396449
3.35,22.18092,58.20111,0.015,0.004,1.641429,0.8752886,0.3490357
5.92,22.20222,24.95,-0.004,-0.022,1.605082,0.8835657,0.3741778
6.39,22.21217,-4.720833,-0.051,-0.035,1.03347,0.9853959,1.051185
4.79,22.16344,72.34111,0.032,0.003,1.256405,0.9539321,0.7051516
5.04,22.19186,59.41444,0.003,-0.011,0.9177461,0.9940347,1.307261
5.58,22.229,-25.18083,0.074,0.016,1.028574,0.9858926,1.060716
5.51,22.29736,-77.51167,-0.041,0.011,0.9442073,0.9926812,1.242528
5.24,22.19689,56.83944,0.237,0.13,1.038387,0.9848868,1.041715
6.37,22.17092,72.11111,-0.009,-0.028,0.7957208,0.9941736,1.666419
5.5,22.17747,70.13278,-0.06,0.028,0.9761498,0.9905277,1.16955
5.33,22.21328,34.60472,0.02,-0.05,1.378119,0.9314479,0.5689601
6.3,22.19914,59.08472,0.129,0.083,1.378119,0.9314479,0.5689601
6.23,22.24406,-41.38167,0.567,-0.79,1.10937,0.9764765,0.9155611
5.43,22.23856,-27.76694,0.026,0.002,0.7621466,0.9920915,1.786308
5.35,22.20053,60.75944,-0.008,0.019,1.40184,0.9267572,0.5454844
5.32,22.23833,-21.07417,0.016,0.066,1.189549,0.9649212,0.7934883
5.1,22.33375,-80.43972,0.043,-0.045,1.580958,0.888976,0.3916917
5.89,22.22739,28.60833,0.071,-0.001,1.389962,0.9291172,0.5571284
5.79,22.20619,63.29139,-0.006,-0.01,1.702462,0.8610749,0.3099481
6.1,22.25975,-44.45194,0.013,-0.019,1.313705,0.943703,0.6375007
4.49,22.23131,39.715,0.038,0.013,1.532952,0.8995316,0.4286416
4.79,22.26025,-41.34667,0.044,0.022,1.189549,0.9649212,0.7934883
5.53,22.23036,45.44083,0.081,0.009,0.8322476,0.9953098,1.547205
5.1,22.27406,-41.6275,-0.005,-0.013,1.256405,0.9539321,0.7051516
5.71,22.24567,42.95389,0.049,-0.025,0.8172955,0.9949792,1.594669
6.11,22.23042,63.1625,-0.02,-0.003,0.788763,0.9938273,1.690417
6.21,22.26661,8.549444,0.034,-0.011,0.8247156,0.9951659,1.57089
6.15,22.27706,-25.89833,0.037,-0.018,1.366313,0.9337484,0.580982
6.08,22.21469,73.30722,0.023,0.02,1.307917,0.9447668,0.6440313
4.19,22.25056,57.04361,0.447,0.048,0.9308688,0.9934145,1.274651
6.15,22.276,-1.596389,-0.029,-0.011,0.8921627,0.9949391,1.373863
5.34,22.28003,-12.83139,0.015,0.006,1.384036,0.9302863,0.5630207
6.17,22.28328,-23.14,0.084,-0.055,1.331141,0.9404596,0.6182135
4.13,22.26617,37.74889,0.013,0.004,1.57494,0.8903149,0.3961679
4.16,22.28056,-7.783333,0.121,-0.022,1.290627,0.9479049,0.663932
5.79,22.28128,-9.04,-0.047,-0.009,1.395897,0.9279408,0.5512831
5.37,22.30433,-53.62778,0.429,-0.667,1.08357,0.9797518,0.959243
2.86,22.30836,-60.25972,-0.072,-0.043,1.532952,0.8995316,0.4286416
6.37,22.27492,27.80417,-0.009,0.002,1.296378,0.9468679,0.6572466
5.75,22.28514,-5.387222,-0.002,0.02,1.233874,0.9577577,0.733708
5.77,22.52706,-85.96722,-0.041,0.059,1.313705,0.943703,0.6375007
5.88,22.27403,57.22028,0.043,0.006,1.262074,0.9529513,0.6981484
6.39,22.30119,-0.2377778,-0.039,-0.062,1.004415,0.9881883,1.109282
5.95,22.31689,-13.305,0.079,-0.012,1.336976,0.9393615,0.611885
6.34,22.34339,-57.51,0.022,-0.015,1.520997,0.9021141,0.4382997
6.17,22.31561,37.76944,0.057,0.044,0.9308688,0.9934145,1.274651
5.75,22.30353,62.80444,0.046,0.015,1.455546,0.9159029,0.4946641
5.37,22.33664,-7.821111,0.016,-0.001,0.7957208,0.9941736,1.666419
5.37,22.341,5.789444,0.023,-0.001,0.8099886,0.9947508,1.618527
6.17,22.34883,8.186667,0.048,0.023,1.004415,0.9881883,1.109282
5.29,22.41022,-72.25556,1.299,-0.678,1.10937,0.9764765,0.9155611
5.13,22.35989,-21.59833,-0.008,-0.085,1.342822,0.9382551,0.6056062
6.47,22.35003,26.93528,0.015,-0.006,1.653589,0.8724872,0.3409441
3.84,22.36094,-1.387222,0.132,0.007,0.799244,0.9943325,1.65443
6.42,22.34433,50.98083,0.012,0.004,1.302141,0.9458218,0.6506131
5.01,22.35864,12.20528,0.009,0.006,0.7718961,0.9928048,1.750413
6.62,22.37886,-45.94778,0.007,-0.012,1.914526,0.8091284,0.1995722
4.81,22.35536,28.33056,0.018,0.002,0.8172955,0.9949792,1.594669
4.57,22.35044,46.53667,0.023,0.005,0.781925,0.9934445,1.714426
5.62,22.38556,-45.92861,0.237,-0.061,0.966908,0.9912063,1.190112
6.66,22.30567,76.48806,0.005,0.003,0.8172955,0.9949792,1.594669
6.04,22.43083,-75.01556,0.048,0.01,1.104171,0.9771553,0.9241761
5.78,22.41958,-70.43167,0.115,-0.062,0.9761498,0.9905277,1.16955
6.41,22.36414,42.07833,0.019,0,0.788763,0.9938273,1.690417
5.53,22.39192,-24.7625,0.103,0,1.296378,0.9468679,0.6572466
5.93,22.39225,-7.194444,-0.001,0.007,1.302141,0.9458218,0.6506131
5.32,22.41567,-57.79722,0.143,-0.343,1.119825,0.9750837,0.8985121
6.04,22.39433,20.84833,0.337,-0.015,1.302141,0.9458218,0.6506131
5.78,22.40192,-4.836944,0.033,-0.004,0.8027965,0.9944818,1.64245
5.76,22.40753,-13.52944,0.053,0.012,1.28489,0.9489328,0.6706696
6.16,22.38339,57.28444,0.015,0.001,0.7718961,0.9928048,1.750413
6.22,22.39839,38.57361,0.255,0.119,1.028574,0.9858926,1.060716
6.04,22.38339,62.42,-0.005,0.04,0.836055,0.9953655,1.535403
4.43,22.39267,52.22917,-0.013,-0.186,1.313705,0.943703,0.6375007
4.66,22.42128,1.3775,0.019,0.001,0.8063781,0.9946213,1.630482
4.48,22.45556,-64.96639,0.071,0.003,0.8063781,0.9946213,1.630482
4.57,22.40861,49.47639,-0.007,-0.003,0.8515572,0.9954764,1.488497
6.29,22.43631,-23.6825,0.018,-0.002,0.8063781,0.9946213,1.630482
6.26,22.42797,18.44444,0.028,0.027,1.431855,0.9207385,0.5166105
6.57,22.44283,-16.74139,0.262,-0.013,1.302141,0.9458218,0.6506131
6.35,22.44289,-16.7425,0.223,-0.003,1.088691,0.9791206,0.9503851
5.27,22.21961,86.10806,0.052,0.045,0.8063781,0.9946213,1.630482
5.55,22.47714,-67.48917,0.149,-0.072,0.8963644,0.9948192,1.36264
5.75,22.44372,4.393611,0.301,0.048,1.043325,0.9843654,1.032307
6.46,22.44603,37.44389,0.013,-0.003,0.7718961,0.9928048,1.750413
6.76,22.39481,78.24333,-0.008,0.018,0.7957208,0.9941736,1.666419
4.79,22.46431,4.695556,0.081,-0.308,1.331141,0.9404596,0.6182135
5.47,22.47756,-39.13194,0.039,-0.164,1.273455,0.9509609,0.6843027
6.14,22.45736,39.80972,0.001,-0.011,0.7686149,0.9925749,1.762392
6.57,22.44978,56.43333,0.019,0,0.781925,0.9934445,1.714426
5.98,22.46283,31.84028,0.045,0.034,1.568927,0.8916483,0.4006839
3.97,22.48783,-43.49556,0.028,-0.005,1.319505,0.9426305,0.6310211
5.47,22.43356,70.77083,0.018,0.006,1.420028,0.9231197,0.5278929
4.59,22.48047,-0.02027778,0.181,0.009,1.302141,0.9458218,0.6506131
4.42,22.48058,-0.02,0.209,0.042,0.9761498,0.9905277,1.16955
4.11,22.49597,-43.74944,-0.007,0,1.641429,0.8752886,0.3490357
5.46,22.45147,65.13222,0.001,-0.002,0.9715175,0.9908733,1.179802
5.58,22.48556,9.128889,0.055,-0.022,1.629291,0.8780689,0.3572699
5.95,22.49611,-27.10722,0.123,-0.012,0.9532177,0.9921292,1.221391
5.79,22.48617,26.76306,0.026,-0.004,1.449618,0.9171209,0.5000749
6.4,22.50042,-12.915,0.168,0.001,0.9487008,0.9924115,1.231931
5.48,22.49944,4.431667,-0.023,-0.144,0.9761498,0.9905277,1.16955
6.37,22.50483,-14.58583,0.039,-0.039,0.8027965,0.9944818,1.64245
6.29,22.47214,64.08556,0.023,-0.013,1.348679,0.9371404,0.5993768
6.56,22.49553,35.72556,-0.026,-0.037,1.302141,0.9458218,0.6506131
6.43,22.51492,-26.07361,0.034,-0.07,1.348679,0.9371404,0.5993768
3.75,22.48619,58.41528,0.015,0.001,1.08357,0.9797518,0.959243
4.36,22.49217,47.70694,0.002,0,1.708597,0.8596255,0.3062224
4.82,22.51078,-10.67806,0.003,-0.03,0.7957208,0.9941736,1.666419
5.65,22.5005,32.5725,0.034,-0.014,0.8027965,0.9944818,1.64245
6.4,22.50181,49.35611,-0.024,-0.043,1.389962,0.9291172,0.5571284
4.29,22.52508,-32.34611,0.065,-0.018,0.8209915,0.9950778,1.582768
6.15,22.59067,-78.77167,0.046,-0.006,1.526972,0.9008257,0.4334489
5.83,22.44514,78.78583,-0.016,-0.043,0.8756096,0.995297,1.419215
4.51,22.50814,43.12333,-0.001,-0.005,0.7853289,0.9936404,1.702421
6.16,22.52178,-2.911111,-0.005,-0.036,1.348679,0.9371404,0.5993768
6.14,22.52178,-6.555,0.173,-0.106,1.063285,0.9821562,0.9952854
4.81,22.55003,-61.98222,0.039,-0.025,1.665772,0.869665,0.3329922
6.38,22.52814,-10.90556,0.075,-0.045,0.9308688,0.9934145,1.274651
6.35,22.52617,29.54278,-0.044,-0.029,0.8921627,0.9949391,1.373863
3.77,22.52153,50.2825,0.138,0.019,0.8209915,0.9950778,1.582768
6.42,22.54319,20.23,0.163,0.029,0.9487008,0.9924115,1.231931
6.32,22.54636,15.86333,0.022,0.026,1.414119,0.924301,0.5336135
5.88,22.54067,39.77972,0.004,-0.011,0.8797096,0.9952256,1.40781
6.35,22.53856,54.0375,0.035,0.027,1.302141,0.9458218,0.6506131
5.89,22.56747,-1.574167,0.036,-0.04,1.296378,0.9468679,0.6572466
5.5,22.49803,78.82417,0.001,-0.022,0.8398899,0.9954101,1.523629
5.2,22.57822,-20.70833,0.222,-0.145,1.004415,0.9881883,1.109282
6.23,22.59803,-57.88361,0.077,-0.009,0.8963644,0.9948192,1.36264
5.71,22.56128,56.625,0.073,0.047,1.279166,0.9499515,0.6774598
6.6,22.55081,69.91361,0.116,0.068,0.9487008,0.9924115,1.231931
5.97,22.59347,-23.99111,0.039,-0.006,1.296378,0.9468679,0.6572466
4.02,22.58928,-0.1175,0.091,-0.056,0.7853289,0.9936404,1.702421
6.34,22.55472,70.37389,0.051,0.02,0.8172955,0.9949792,1.594669
5.68,22.53783,76.22639,-0.021,-0.011,0.836055,0.9953655,1.535403
6.28,22.60814,-40.58278,0.048,-0.07,0.8634652,0.9954395,1.45368
5.82,22.60983,-31.66389,-0.042,-0.044,1.354547,0.9360177,0.5931965
5.86,22.61633,-40.59111,0.038,-0.075,0.8398899,0.9954101,1.523629
5.73,22.59786,39.63417,0.005,-0.006,0.765365,0.9923371,1.774358
6.1,22.60219,35.57722,0,-0.067,1.302141,0.9458218,0.6506131
6.4,22.61011,11.69694,-0.008,0.018,0.8172955,0.9949792,1.594669
6.29,22.59817,50.07111,0.006,0.008,0.799244,0.9943325,1.65443
6.38,22.59772,56.07,-0.003,-0.019,0.8634652,0.9954395,1.45368
6.3,22.61797,12.57722,-0.03,-0.017,1.302141,0.9458218,0.6506131
6.3,22.61353,35.6525,-0.004,0,1.520997,0.9021141,0.4382997
5.03,22.62928,-4.228056,-0.067,-0.12,1.384036,0.9302863,0.5630207
6.65,22.65233,-52.69222,0.005,-0.016,0.9623215,0.9915266,1.200481
6.23,22.6395,-7.897778,0.076,-0.004,1.17863,0.9666066,0.8090019
4.63,22.62289,51.54528,-0.054,-0.101,0.9134204,0.9942164,1.318236
6.47,22.64575,-28.74778,-0.035,0.001,1.325317,0.9415493,0.6245921
5.08,22.59614,73.64306,0.172,0.023,0.9808048,0.9901694,1.159356
5.66,22.64764,-33.08139,0.006,0.014,0.836055,0.9953655,1.535403
6.4,22.63819,45.18306,0.003,0,1.302141,0.9458218,0.6506131
5.82,22.64794,19.52222,-0.042,-0.099,1.256405,0.9539321,0.7051516
6.31,22.66222,-28.32528,0.076,-0.031,1.307917,0.9447668,0.6440313
5.97,22.68025,-57.42222,0.055,-0.007,1.57494,0.8903149,0.3961679
5.21,22.64386,56.79583,0.053,-0.029,1.647506,0.8738905,0.3449722
4.88,22.65436,39.05028,0.001,-0.005,0.749593,0.9910358,1.833889
5.87,22.67286,-30.65889,-0.103,-0.209,1.479292,0.9109711,0.4735113
6.21,22.66306,19.68111,-0.004,-0.01,0.8172955,0.9949792,1.594669
5.79,22.62028,75.37167,0.044,0.006,1.641429,0.8752886,0.3490357
6.03,22.65953,37.59278,0.008,-0.001,1.222698,0.9596106,0.7483163
5.19,22.64417,63.58444,-0.003,-0.025,0.8398899,0.9954101,1.523629
4.17,22.67761,-27.04361,0.03,-0.001,0.7785514,0.9932398,1.726427
6.31,22.68,-3.554167,0.003,-0.042,1.043325,0.9843654,1.032307
4.15,22.76758,-81.38167,-0.067,-0.001,0.8963644,0.9948192,1.36264
5.71,22.68131,14.54944,0.268,0.144,1.146286,0.9713996,0.8569388
4.46,22.67525,44.27639,0.094,0.012,1.497141,0.9072102,0.4581465
5.93,22.67178,53.84611,0.001,-0.014,1.262074,0.9529513,0.6981484
3.4,22.69103,10.83139,0.08,-0.013,0.7853289,0.9936404,1.702421
5.98,22.71025,-47.21056,0.009,-0.326,1.073387,0.9809783,0.977142
2.1,22.71114,-46.88472,0.137,-0.008,1.659678,0.8710787,0.3369508
6.17,22.70614,-29.36083,0.028,-0.015,1.623231,0.8794511,0.3614414
6.34,22.69206,30.96583,0.063,0,1.302141,0.9458218,0.6506131
6.07,22.71197,-44.24778,0.042,0.037,1.290627,0.9479049,0.663932
5.25,22.69128,40.22556,-0.005,-0.001,0.7686149,0.9925749,1.762392
4.79,22.69594,29.3075,-0.004,-0.027,0.8136278,0.9948701,1.606589
5.9,22.69928,14.51639,0.092,-0.021,1.366313,0.9337484,0.580982
5.94,22.69336,41.54944,0.148,0.065,1.302141,0.9458218,0.6506131
4.85,22.725,-41.41444,0.006,-0.095,1.319505,0.9426305,0.6310211
6.45,22.71764,-8.311667,0.024,-0.006,0.8838352,0.9951422,1.396449
6.3,22.73792,-60.49944,0.004,0.025,1.063285,0.9821562,0.9952854
6.41,22.72064,-6.962778,0.03,-0.008,0.8027965,0.9944818,1.64245
6.12,22.70578,53.90889,-0.001,-0.006,1.671872,0.8682461,0.3290678
4.69,22.72647,-18.83028,-0.027,-0.028,1.520997,0.9021141,0.4382997
2.94,22.71669,30.22139,0.015,-0.025,1.222698,0.9596106,0.7483163
6.43,22.71542,37.80278,0.011,-0.009,0.7853289,0.9936404,1.702421
6.39,22.71792,47.16861,0.014,-0.002,1.018846,0.9868484,1.07996
6.51,22.72853,10.93917,0.015,-0.168,1.014014,0.9873076,1.089673
5.95,22.73478,39.46556,0.007,-0.021,1.586981,0.8876316,0.387255
4.85,22.76053,-53.50028,0.029,0.014,1.407792,0.9255665,0.539732
5.08,22.73486,41.81917,-0.007,0.004,1.279166,0.9499515,0.6774598
5.51,22.76131,-46.5475,-0.031,-0.02,1.491187,0.9084697,0.4632215
6.62,22.76889,-48.97889,0.203,-0.05,1.098992,0.9778222,0.9328517
6.48,22.77453,-49.68583,0.089,-0.277,1.384036,0.9302863,0.5630207
6.25,22.75783,19.36667,-0.026,0.056,1.331141,0.9404596,0.6182135
6.55,22.747,52.51722,-0.001,0.012,1.302141,0.9458218,0.6506131
6.56,22.77881,-46.93944,0.058,0.004,0.9397373,0.9929382,1.253181
5.35,22.83969,-80.12417,0.017,-0.022,0.765365,0.9923371,1.774358
6.73,22.82803,-77.05056,0.071,0.013,0.8594694,0.9954634,1.465249
4.19,22.77822,12.17278,0.235,-0.498,1.03347,0.9853959,1.051185
5.76,22.7695,44.54611,0.14,0.032,0.966908,0.9912063,1.190112
3.95,22.77553,23.56556,0.058,-0.01,1.342822,0.9382551,0.6056062
6.28,22.78864,-34.16111,-0.066,0.048,1.395897,0.9279408,0.5512831
6.37,22.80594,-61.68417,0.069,0.003,1.336976,0.9393615,0.611885
5.26,22.79253,-19.61333,-0.101,-0.204,1.267758,0.9519608,0.6911988
6.71,22.79642,-38.22194,-0.068,-0.076,1.023699,0.9863767,1.070307
6.34,22.8215,-70.34778,0.005,0.04,0.843752,0.9954435,1.511886
5.66,22.79522,-14.05639,0.032,-0.009,0.799244,0.9943325,1.65443
6.3,22.79894,-25.91194,0.112,-0.114,1.250751,0.9549033,0.7122089
3.49,22.80925,-51.31694,0.108,-0.071,0.8476411,0.9954656,1.500175
6.19,22.80839,-10.55556,0.035,0.007,0.9308688,0.9934145,1.274651
6.36,22.78978,58.48278,0.007,0.001,0.8027965,0.9944818,1.64245
5.9,22.80303,37.41667,-0.055,-0.058,1.319505,0.9426305,0.6310211
4.01,22.82653,-13.5925,-0.012,-0.038,1.641429,0.8752886,0.3490357
6.33,22.83308,-32.80528,-0.05,-0.017,0.9442073,0.9926812,1.242528
6.54,22.82564,10.47889,0.091,-0.031,0.9352911,0.9931827,1.263889
6.12,22.81328,54.415,-0.018,0.007,0.792227,0.9940051,1.678416
6.06,22.81228,62.93833,0.007,-0.052,1.420028,0.9231197,0.5278929
3.48,22.83339,24.60167,0.147,-0.042,1.262074,0.9529513,0.6981484
5.42,22.85061,-39.15694,0.022,-0.011,1.556916,0.8942985,0.4098373
6.46,22.86247,-59.88139,-0.046,-0.009,1.378119,0.9314479,0.5689601
6.19,22.81686,68.57028,0.112,0.068,1.302141,0.9458218,0.6506131
5.43,22.8295,55.90278,0.083,0.043,1.40184,0.9267572,0.5454844
6.12,22.86942,-63.18861,0.016,-0.04,1.319505,0.9426305,0.6310211
5.92,22.83939,41.95361,0.01,0,0.8476411,0.9954656,1.500175
6.4,22.84419,19.14083,0.05,-0.02,1.302141,0.9458218,0.6506131
6.21,22.83617,50.67694,0.013,0.004,1.384036,0.9302863,0.5630207
5.97,22.85581,-29.53611,-0.004,-0.011,1.250751,0.9549033,0.7122089
3.52,22.828,66.20056,-0.065,-0.125,1.331141,0.9404596,0.6182135
4.46,22.87544,-32.87556,-0.03,-0.025,0.8027965,0.9944818,1.64245
5.6,22.85633,61.69694,0.108,0.044,1.17863,0.9666066,0.8090019
5.16,22.87336,9.835556,0.522,0.044,1.023699,0.9863767,1.070307
3.74,22.87692,-7.579722,0.011,0.037,1.68409,0.8653929,0.3213205
4.94,22.86722,43.3125,0.11,0.029,1.635357,0.8766814,0.3531348
6.04,22.89386,-48.59806,0.216,-0.078,1.093832,0.9784774,0.941588
6.05,22.91094,-70.07361,-0.05,0.072,1.114588,0.9757859,0.9070064
4.74,22.79139,83.15389,0.021,0.049,1.455546,0.9159029,0.4946641
5.64,22.88397,16.84111,-0.018,-0.024,1.372211,0.932602,0.5749471
5.8,22.89131,-11.61667,0.025,0.001,0.788763,0.9938273,1.690417
6.46,22.88119,50.41194,0.019,-0.011,0.8027965,0.9944818,1.64245
6.34,22.88647,40.16722,0.001,-0.009,0.788763,0.9938273,1.690417
6.01,22.88439,60.10111,0.017,0.002,1.751717,0.8493406,0.2810216
5.81,22.89447,44.74917,-0.016,-0.013,0.9220961,0.9938405,1.296338
3.27,22.91083,-15.82083,-0.04,-0.025,0.836055,0.9953655,1.535403
6.19,22.90947,-7.204722,-0.012,-0.038,1.467412,0.9134489,0.4839908
5.56,22.91264,-16.27194,-0.222,-0.09,1.384036,0.9302863,0.5630207
5.81,22.90194,40.37694,0.103,0.036,1.378119,0.9314479,0.5689601
6.4,22.92081,-36.38861,0.046,0.002,1.485238,0.9097234,0.468343
6.12,22.90992,16.94167,0.019,-0.008,1.764092,0.8463581,0.2740952
6.11,22.91653,1.064722,0.023,0.001,0.8963644,0.9948192,1.36264
5.72,22.91972,-4.987778,0.034,-0.005,1.233874,0.9577577,0.733708
4.9,22.92047,8.815833,0.079,0.014,0.8172955,0.9949792,1.594669
5.91,22.91739,37.07694,0.086,0.007,0.9949045,0.9890186,1.129132
6.1,22.93094,-31.63306,-0.033,-0.006,1.515027,0.9033968,0.4431943
4.21,22.93247,-32.53972,0.018,0.031,1.28489,0.9489328,0.6706696
6.48,22.94,-31.56556,0.327,-0.162,1.360425,0.934887,0.587065
5.7,22.94661,-47.96917,-0.028,-0.001,0.9048428,0.9945425,1.340338
5.74,22.92903,36.35167,0.022,0.005,0.799244,0.9943325,1.65443
6.51,22.94764,11.84833,0.063,-0.009,0.8879863,0.9950467,1.385133
5.59,22.93989,41.60389,-0.002,0,0.7686149,0.9925749,1.762392
4.95,22.94056,49.73361,0.003,-0.002,1.770289,0.8448597,0.2706763
6.31,22.95478,-4.81,-0.015,0.002,1.267758,0.9519608,0.6911988
1.16,22.96086,-29.62222,0.333,-0.165,0.8515572,0.9954764,1.488497
5.49,22.95775,20.76889,0.204,0.059,1.119825,0.9750837,0.8985121
6.28,22.95911,3.810278,0.07,0.029,1.372211,0.932602,0.5749471
5.43,22.95125,48.68417,0.012,-0.009,0.7853289,0.9936404,1.702421
6.13,22.97639,-35.52306,-0.001,-0.111,1.073387,0.9809783,0.977142
6.18,22.96131,39.30889,0.002,-0.008,0.765365,0.9923371,1.774358
6.16,22.97097,-2.395278,-0.003,-0.018,1.156997,0.9698464,0.8407252
6.37,22.97325,-1.410278,0.09,-0.007,0.9623215,0.9915266,1.200481
5.9,22.85061,85.37361,0.003,0.107,1.491187,0.9084697,0.4632215
6.43,22.97642,9.356944,0.403,-0.141,1.104171,0.9771553,0.9241761
6.33,22.9785,7.339722,-0.04,-0.08,0.8398899,0.9954101,1.523629
5.75,22.98661,11.72889,0.033,-0.041,0.9487008,0.9924115,1.231931
5.51,22.99328,-29.46222,-0.003,0.009,0.9177461,0.9940347,1.307261
6.07,22.99325,-13.07083,-0.01,0,1.568927,0.8916483,0.4006839
5.43,22.99094,0.9627778,0.086,-0.071,1.290627,0.9479049,0.663932
5.65,23.00161,-25.16417,0.035,-0.075,1.449618,0.9171209,0.5000749
6.29,22.98619,52.65444,-0.025,0.033,1.550918,0.8956152,0.4144755
6.43,22.98583,59.81472,0.003,0.005,0.8284677,0.9952433,1.559035
6.29,23.00683,-25.62667,0.086,-0.034,1.378119,0.9314479,0.5689601
4.12,23.01467,-52.75417,-0.067,-0.014,1.290627,0.9479049,0.663932
4.71,22.90689,84.34611,0.092,0.026,1.556916,0.8942985,0.4098373
5.68,23.01875,-50.95,0.078,-0.006,1.550918,0.8956152,0.4144755
6.21,23.01053,0.1858333,0.044,0.013,1.239485,0.9568162,0.7264869
5.83,23.01192,3.011667,0.011,-0.086,1.503099,0.9059449,0.4531172
5,23.00142,56.94528,0,-0.003,1.550918,0.8956152,0.4144755
6.6,23.01181,31.08306,0.031,0.005,0.8027965,0.9944818,1.64245
5.55,23.02206,-28.85361,0.066,-0.01,1.509061,0.9046737,0.4481333
6.5,23.00956,45.375,0.01,0.002,1.302141,0.9458218,0.6506131
6.28,23.02306,-22.79083,0.026,-0.027,0.8674873,0.9954039,1.442151
6.21,23.02322,-7.061111,-0.015,-0.011,1.544924,0.8969263,0.4191554
6.54,23.01519,38.70806,0.001,-0.005,0.7785514,0.9932398,1.726427
5.94,23.02547,-4.711389,0.019,0.009,1.302141,0.9458218,0.6506131
6.47,23.04278,-36.42083,0.031,-0.035,1.267758,0.9519608,0.6911988
6.2,23.02519,57.10556,-0.003,-0.007,1.599043,0.8849264,0.3784985
3.62,23.03203,42.32611,0.023,-0.006,0.7853289,0.9936404,1.702421
6.15,23.04239,-6.574167,-0.004,-0.037,1.647506,0.8738905,0.3449722
5.97,23.04564,-20.87056,-0.058,-0.117,1.267758,0.9519608,0.6911988
6.57,23.04253,31.78056,0.005,-0.016,0.9623215,0.9915266,1.200481
5.1,23.04342,42.75778,0.055,-0.004,0.8515572,0.9954764,1.488497
5.11,23.05828,-34.74944,0.076,0.08,0.9352911,0.9931827,1.263889
6.39,23.04589,44.05889,0.001,-0.002,0.8172955,0.9949792,1.594669
5.52,23.08117,-68.82028,0.04,0.063,0.966908,0.9912063,1.190112
6.5,23.0455,55.23639,0.008,0.012,0.788763,0.9938273,1.690417
5.79,23.06653,-41.47833,0.006,0.069,1.348679,0.9371404,0.5993768
6.68,23.06592,-4.795278,0.32,0.028,1.073387,0.9809783,0.977142
4.53,23.06461,3.82,0.013,-0.011,0.7752084,0.9930265,1.738424
5.37,23.07767,-53.965,0.055,-0.102,1.568927,0.8916483,0.4006839
2.42,23.06292,28.08278,0.189,0.137,1.702462,0.8610749,0.3099481
6.41,23.06694,6.616667,0.003,0.019,0.9808048,0.9901694,1.159356
6.74,23.05658,60.44528,0.007,-0.006,0.8099886,0.9947508,1.618527
6.43,23.056,58.56472,0.067,0.017,1.24511,0.9558647,0.7193206
5.24,23.05914,67.20917,0.026,0.007,1.455546,0.9159029,0.4946641
4.65,23.06972,50.05222,0.164,0.168,1.336976,0.9393615,0.611885
2.49,23.07936,15.20528,0.063,-0.042,0.8027965,0.9944818,1.64245
5.43,23.08606,-7.693611,0.129,0.011,0.9397373,0.9929382,1.253181
6.14,23.08689,-17.07917,-0.048,-0.039,1.520997,0.9021141,0.4382997
6.44,23.08508,16.56306,-0.185,-0.194,1.206051,0.962313,0.7706477
6.39,23.08822,1.306944,0.035,-0.027,1.267758,0.9519608,0.6911988
6.12,23.13992,-79.48083,0.084,-0.038,0.8715355,0.9953564,1.430662
4.28,23.11467,-43.52056,-0.039,-0.023,0.9949045,0.9890186,1.129132
6.13,23.10506,18.5175,0.232,0.057,1.004415,0.9881883,1.109282
4.47,23.11136,-23.74306,0.066,-0.003,1.24511,0.9558647,0.7193206
5.61,23.11489,-38.89222,0.04,0.013,0.8209915,0.9950778,1.582768
6.33,23.11931,-49.60667,0.017,-0.014,1.568927,0.8916483,0.4006839
6.3,23.10886,19.91083,0.295,0.002,1.028574,0.9858926,1.060716
5.83,23.12075,-50.68639,-0.044,-0.02,1.023699,0.9863767,1.070307
6.15,23.14325,-73.58639,0.021,-0.011,1.550918,0.8956152,0.4144755
4.52,23.11675,9.409444,0.011,-0.014,1.641429,0.8752886,0.3490357
4.76,23.11856,25.46833,0.004,-0.031,1.503099,0.9059449,0.4531172
4.85,23.11025,59.41972,0.009,0.001,0.8063781,0.9946213,1.630482
6.02,23.12436,32.82583,-0.024,0.008,0.8634652,0.9954395,1.45368
5.99,23.12464,21.13417,0.108,-0.052,0.9220961,0.9938405,1.296338
6.66,23.12169,46.06806,0.005,-0.001,0.799244,0.9943325,1.65443
6.11,23.11947,52.81639,0.013,0.006,1.331141,0.9404596,0.6182135
5.6,23.13917,-28.82333,-0.047,-0.031,1.233874,0.9577577,0.733708
6.4,23.11956,59.7275,0.005,0.001,0.8136278,0.9948701,1.606589
5.33,23.12758,46.38722,-0.009,-0.028,1.544924,0.8969263,0.4191554
5.7,23.12928,49.29583,0.154,0.133,1.004415,0.9881883,1.109282
6.56,23.13675,44.56167,0.024,-0.005,0.8838352,0.9951422,1.396449
5.4,23.14469,2.127778,0.145,0.108,1.250751,0.9549033,0.7122089
6.26,23.12992,63.63333,0.002,-0.004,0.8099886,0.9947508,1.618527
6.47,23.16992,-66.8575,0.201,0.038,1.273455,0.9509609,0.6843027
6.41,23.20333,-80.91278,0.009,-0.011,1.599043,0.8849264,0.3784985
6.21,23.13256,64.2225,0.01,0.001,1.360425,0.934887,0.587065
3.66,23.15744,-21.1725,0.055,0.031,1.431855,0.9207385,0.5166105
5.87,23.16239,-28.08861,0.022,0.003,1.485238,0.9097234,0.468343
5.81,23.16592,-42.86056,-0.325,-0.007,1.023699,0.9863767,1.070307
5.12,23.15875,8.677222,0.004,0.002,1.580958,0.888976,0.3916917
6.42,23.16378,-14.51056,0.031,-0.009,0.8209915,0.9950778,1.582768
4.69,23.16522,-22.4575,0.026,-0.009,1.10937,0.9764765,0.9155611
5.83,23.16939,-40.59167,0.035,-0.046,1.671872,0.8682461,0.3290678
4.41,23.13164,75.3875,0.012,-0.03,1.189549,0.9649212,0.7934883
3.9,23.17267,-45.24667,0.136,-0.03,1.313705,0.943703,0.6375007
5.39,23.16708,9.821944,-0.012,-0.012,0.788763,0.9938273,1.690417
5.7,23.16225,59.33306,-0.003,0.009,0.9532177,0.9921292,1.221391
6.51,23.17961,-29.525,-0.034,-0.058,0.9264704,0.9936338,1.285468
5.71,23.1785,17.59444,0.021,-0.028,1.503099,0.9059449,0.4531172
5.94,23.17422,43.54417,-0.191,-0.191,1.004415,0.9881883,1.109282
5.16,23.19561,8.72,-0.006,-0.006,0.8674873,0.9954039,1.442151
6.17,23.197,26.84722,-0.19,-0.12,1.267758,0.9519608,0.6911988
6.8,23.22083,-49.61889,0.002,-0.018,1.256405,0.9539321,0.7051516
6.12,23.23517,-62.7,0.473,-0.424,1.184081,0.9657693,0.8012163
4.52,23.20917,49.40639,0.092,0.098,0.9352911,0.9931827,1.263889
6.35,23.21778,29.44167,-0.031,-0.033,1.262074,0.9529513,0.6981484
5.56,23.22139,57.16833,2.075,0.296,1.307917,0.9447668,0.6440313
5.82,23.22403,11.065,-0.005,-0.003,1.307917,0.9447668,0.6440313
4.22,23.23872,-6.048889,0.042,-0.196,1.635357,0.8766814,0.3531348
5.77,23.24961,-41.10556,0.112,-0.112,1.407792,0.9255665,0.539732
6.12,23.2445,-10.68861,-0.001,-0.034,1.59301,0.8862817,0.3828574
6.31,23.23731,50.61778,0.038,-0.006,1.302141,0.9458218,0.6506131
6.41,23.23936,29.77167,-0.007,-0.013,1.009204,0.9877542,1.099447
6.36,23.24347,24.10306,0.114,0.007,1.302141,0.9458218,0.6506131
5.55,23.25953,-3.496389,-0.007,-0.003,0.8398899,0.9954101,1.523629
4.21,23.26486,-9.087778,0.372,-0.016,1.366313,0.9337484,0.580982
6.49,23.26286,28.24778,0.02,-0.005,1.217133,0.9605217,0.755704
5.66,23.28269,-62.00111,0.173,-0.026,1.038387,0.9848868,1.041715
5.84,23.24369,74.23111,0.048,0.006,1.302141,0.9458218,0.6506131
6.6,23.26608,24.77111,0.093,0.005,0.9854823,0.9897984,1.149222
5.92,23.27769,-44.48917,-0.004,-0.007,1.336976,0.9393615,0.611885
6.47,23.2805,-41.19444,-0.024,0.012,1.348679,0.9371404,0.5993768
3.99,23.2905,-58.23583,-0.029,0.079,0.9854823,0.9897984,1.149222
6.33,23.31892,-79.47278,0.013,0.007,1.250751,0.9549033,0.7122089
5.06,23.28081,-7.726667,-0.016,-0.015,1.659678,0.8710787,0.3369508
5.56,23.2605,70.88806,0.018,-0.005,0.9134204,0.9942164,1.318236
3.69,23.28608,3.282222,0.762,0.017,1.256405,0.9539321,0.7051516
5.54,23.27842,53.21361,0.115,-0.233,1.043325,0.9843654,1.032307
6.53,23.27411,61.96306,-0.026,-0.002,0.9091193,0.9943857,1.329262
6.13,23.30556,-67.47111,0.021,0.014,1.509061,0.9046737,0.4481333
6.34,23.29444,-11.71306,0.039,-0.003,0.836055,0.9953655,1.535403
6.43,23.28794,45.16417,0.097,-0.065,1.342822,0.9382551,0.6056062
4.39,23.29839,-9.1825,0.021,-0.012,0.765365,0.9923371,1.774358
5.53,23.30275,-40.82444,0.136,-0.128,1.004415,0.9881883,1.109282
4.85,23.29575,49.01528,0.037,0.008,1.702462,0.8610749,0.3099481
6.48,23.29892,45.48889,0.034,-0.017,0.8063781,0.9946213,1.630482
5.49,23.46769,-87.48222,0.015,0.009,1.461477,0.9146789,0.4893029
4.41,23.31372,-32.53194,0.019,-0.07,1.378119,0.9314479,0.5689601
6.02,23.3065,41.77361,-0.006,-0.012,1.302141,0.9458218,0.6506131
4.98,23.31603,-9.610833,0.047,-0.002,0.8099886,0.9947508,1.618527
5.08,23.31853,-13.45889,0.298,-0.101,1.189549,0.9649212,0.7934883
6.38,23.28858,75.29917,0.018,-0.002,0.8284677,0.9952433,1.559035
5.55,23.32333,-5.124444,0.202,-0.02,0.9808048,0.9901694,1.159356
5.93,23.32336,-18.07528,0.004,0.009,1.611126,0.8821995,0.369895
6.5,23.31733,45.13722,0.058,0.006,1.302141,0.9458218,0.6506131
6.37,23.32867,-33.70806,0.047,-0.041,1.479292,0.9109711,0.4735113
4.75,23.31042,68.11167,0.058,0.016,1.211584,0.9614226,0.7631477
6.32,23.32428,34.79333,0.016,-0.003,0.788763,0.9938273,1.690417
5.44,23.32494,48.62528,0.019,0.056,1.319505,0.9426305,0.6310211
6.32,23.32822,48.38083,0.209,0.032,1.372211,0.932602,0.5749471
5.79,23.33122,42.07806,0.052,0.01,1.586981,0.8876316,0.387255
6.05,23.34722,-50.30667,0.028,-0.077,0.9949045,0.9890186,1.129132
5.05,23.33906,5.381389,0.082,-0.062,1.420028,0.9231197,0.5278929
6.17,23.34469,-5.908056,-0.101,-0.057,1.342822,0.9382551,0.6056062
4.6,23.34394,23.74028,0.033,-0.008,0.8838352,0.9951422,1.396449
6.45,23.33731,61.97,0.003,-0.013,1.302141,0.9458218,0.6506131
5.59,23.34711,30.415,0.081,-0.069,1.599043,0.8849264,0.3784985
5.64,23.35431,-26.98667,-0.013,-0.012,1.200534,0.963193,0.7782043
6.13,23.34556,44.11639,-0.016,-0.027,0.8838352,0.9951422,1.396449
5.77,23.34814,38.18222,0.13,-0.063,1.014014,0.9873076,1.089673
6.39,23.34294,62.21306,0.003,-0.005,1.665772,0.869665,0.3329922
5.32,23.36525,31.8125,0.005,-0.01,0.7785514,0.9932398,1.726427
6.62,23.36617,26.60889,-0.098,-0.074,0.9715175,0.9908733,1.179802
6.09,23.38247,-60.05583,0.09,-0.009,1.659678,0.8710787,0.3369508
5.2,23.37756,-15.03917,0.112,0.019,0.8963644,0.9948192,1.36264
6.29,23.37792,20.82861,0.019,-0.012,0.8027965,0.9944818,1.64245
3.97,23.38283,-20.10056,-0.12,-0.096,1.360425,0.934887,0.587065
5.08,23.38461,12.31389,0.027,-0.017,1.485238,0.9097234,0.468343
5.56,23.37569,60.13361,0.009,-0.001,1.708597,0.8596255,0.3062224
6.15,23.39842,-53.80833,0.059,-0.027,0.9220961,0.9938405,1.296338
6.1,23.39594,-43.12444,0.015,0.01,1.57494,0.8903149,0.3961679
6.31,23.39219,0.2913889,0.068,0.01,1.665772,0.869665,0.3329922
5.75,23.40364,-51.89139,0.005,-0.041,1.653589,0.8724872,0.3409441
6.69,23.39653,32.53139,0.232,0.04,1.009204,0.9877542,1.099447
6.19,23.40217,-18.6875,0.149,0.071,1.313705,0.943703,0.6375007
5.59,23.42206,-56.84917,0.08,-0.024,1.342822,0.9382551,0.6056062
6.72,23.40972,41.11278,0.015,-0.009,0.8398899,0.9954101,1.523629
5.57,23.41411,32.385,0.017,0.002,0.7785514,0.9932398,1.726427
4.98,23.41397,62.28278,0.011,-0.013,1.708597,0.8596255,0.3062224
4.4,23.423,23.40417,0.193,0.037,1.088691,0.9791206,0.9503851
4.39,23.43411,-20.64194,-0.052,-0.058,1.580958,0.888976,0.3916917
5.52,23.4435,-52.72167,0.038,0.123,0.9854823,0.9897984,1.149222
6.45,23.452,-66.58111,-0.042,-0.023,1.580958,0.888976,0.3916917
5.63,23.45417,-58.47611,0.051,0.062,1.290627,0.9479049,0.663932
6.2,23.45253,-50.15722,0.032,0.006,0.788763,0.9938273,1.690417
4.94,23.44889,1.255556,0.089,-0.097,0.8284677,0.9952433,1.559035
6.25,23.45411,1.1225,0.044,-0.035,1.313705,0.943703,0.6375007
5.75,23.45206,42.91194,0.091,0.015,0.8172955,0.9949792,1.594669
6.32,23.46686,-35.54444,0.007,0.001,1.420028,0.9231197,0.5278929
5.98,23.46122,25.16722,0.026,-0.041,0.7957208,0.9941736,1.666419
4.28,23.46614,6.378889,-0.121,-0.045,1.342822,0.9382551,0.6056062
6.37,23.46811,-11.44972,0.102,-0.023,1.24511,0.9558647,0.7193206
5.6,23.45461,70.35972,0.119,-0.006,0.8921627,0.9949391,1.373863
5.68,23.48361,-63.11083,0.037,-0.017,0.75896,0.9918383,1.798239
6.43,23.48356,-44.49778,0.037,-0.011,1.407792,0.9255665,0.539732
6.18,23.4835,-9.266111,-0.05,-0.026,1.562919,0.8929762,0.4052402
6.35,23.48489,23.04778,-0.039,-0.094,1.302141,0.9458218,0.6506131
4.55,23.48592,12.76056,0.064,0.027,1.267758,0.9519608,0.6911988
6.25,23.49225,-4.532778,0.183,-0.232,1.354547,0.9360177,0.5931965
6.17,23.50206,49.13306,0.033,0.002,1.57494,0.8903149,0.3961679
4.91,23.50056,58.54889,0.02,0.005,0.7752084,0.9930265,1.738424
6.05,23.51103,38.66194,0.042,0.011,1.296378,0.9468679,0.6572466
6.39,23.51697,-6.288333,-0.013,-0.036,1.455546,0.9159029,0.4946641
6.02,23.52417,-44.84361,0.048,-0.025,1.313705,0.943703,0.6375007
5.22,23.5215,39.23639,0.289,-0.08,1.313705,0.943703,0.6375007
6.49,23.52542,-4.087222,0.175,-0.19,1.053264,0.9832854,1.013674
6.29,23.52836,-21.36944,0.009,0.005,0.9532177,0.9921292,1.221391
6.41,23.52864,28.40361,-0.025,-0.008,0.8209915,0.9950778,1.582768
6.38,23.53267,-1.085833,0.012,0.017,1.407792,0.9255665,0.539732
5.81,23.55542,-77.38528,0.01,0,1.12508,0.9743699,0.8900779
6.65,23.54017,34.9525,-0.007,-0.006,0.7957208,0.9941736,1.666419
4.37,23.54953,-37.81833,0.087,0.021,0.7853289,0.9936404,1.702421
5.58,23.45022,87.3075,0.075,0.018,0.9091193,0.9943857,1.329262
4.71,23.55461,-20.91444,-0.007,0.013,0.8247156,0.9951659,1.57089
5.32,23.55781,22.49889,0.01,-0.017,1.659678,0.8710787,0.3369508
6.24,23.56186,45.05806,-0.029,0.01,1.290627,0.9479049,0.663932
6.06,23.56542,20.84083,-0.004,-0.022,1.739367,0.8523037,0.2880677
4.98,23.56589,31.32528,0.052,-0.016,1.526972,0.9008257,0.4334489
5.87,23.56917,-1.2475,0.108,-0.013,0.9397373,0.9929382,1.253181
7.4,23.58686,-64.68944,0.015,0.004,1.302141,0.9458218,0.6506131
5.96,23.58039,-15.24583,0.051,-0.079,1.515027,0.9033968,0.4431943
5.59,23.57708,40.23639,-0.017,-0.046,0.8555,0.9954757,1.476855
5.63,23.57728,33.49722,0.001,0.019,1.319505,0.9426305,0.6310211
4.71,23.58461,-42.615,0.046,-0.001,0.8476411,0.9954656,1.500175
6.18,23.57964,38.02389,0.008,0.009,1.647506,0.8738905,0.3449722
6.39,23.59225,-7.464444,0.001,0.016,1.233874,0.9577577,0.733708
5.84,23.58306,71.64222,-0.004,0,1.782701,0.8418485,0.2639255
6.45,23.59886,24.56111,0.004,0.009,1.739367,0.8523037,0.2880677
5.68,23.60647,2.102222,-0.103,0.061,1.004415,0.9881883,1.109282
6.35,23.60847,32.90417,-0.008,0,1.014014,0.9873076,1.089673
6.52,23.61817,-31.87083,0.048,0.002,1.455546,0.9159029,0.4946641
6,23.64003,-76.87,0.082,-0.032,1.24511,0.9558647,0.7193206
5.65,23.62767,-13.06028,0.037,0.024,1.319505,0.9426305,0.6310211
4.74,23.63083,-45.4925,0.073,-0.014,0.8476411,0.9954656,1.500175
6.26,23.62772,16.82556,0.134,0,0.8172955,0.9949792,1.594669
3.82,23.62608,46.45806,0.162,-0.421,1.307917,0.9447668,0.6440313
5.8,23.62556,44.42917,0.015,-0.01,0.7957208,0.9941736,1.666419
5.53,23.63244,18.40056,0.05,0.017,0.8172955,0.9949792,1.594669
6.58,23.63294,46.19972,0.37,-0.003,1.114588,0.9757859,0.9070064
4.29,23.63561,43.26806,0.029,-0.001,0.781925,0.9934445,1.714426
6.09,23.65778,-46.63778,0.028,0.033,0.9134204,0.9942164,1.318236
5.3,23.65231,50.47167,-0.017,-0.002,0.7957208,0.9941736,1.666419
5,23.66308,-14.22167,0.057,-0.038,0.9134204,0.9942164,1.318236
4.13,23.66583,5.626389,0.378,-0.438,1.038387,0.9848868,1.041715
5.97,23.66531,9.677222,0.099,-0.011,0.8963644,0.9948192,1.36264
5.95,23.65289,75.29278,0.012,0.011,0.8674873,0.9954039,1.442151
5.98,23.65586,74.00278,-0.012,0.004,1.239485,0.9568162,0.7264869
6.53,23.66744,37.6525,-0.013,-0.084,0.9623215,0.9915266,1.200481
3.21,23.65578,77.6325,-0.067,0.151,1.319505,0.9426305,0.6310211
5.31,23.67728,-32.07306,-0.089,-0.055,1.28489,0.9489328,0.6706696
4.14,23.67347,44.33389,0.083,-0.019,0.788763,0.9938273,1.690417
6.23,23.67794,36.72083,0.236,0.02,0.9808048,0.9901694,1.159356
6.6,23.68528,-24.16028,0.006,-0.01,1.641429,0.8752886,0.3490357
5.89,23.68581,-11.68056,0.07,0.009,1.302141,0.9458218,0.6506131
5.34,23.69292,-18.02722,-0.039,-0.071,1.641429,0.8752886,0.3490357
6.26,23.69081,49.51222,0.002,-0.021,0.8921627,0.9949391,1.373863
4.82,23.69606,-17.81639,0.015,0.004,1.200534,0.963193,0.7782043
5.89,23.69908,7.250556,-0.024,-0.042,0.8555,0.9954757,1.476855
4.5,23.70078,1.78,-0.129,-0.155,0.8963644,0.9948192,1.36264
6.24,23.69847,57.26,0.005,-0.002,1.302141,0.9458218,0.6506131
6.57,23.70411,44.99194,-0.011,-0.01,1.302141,0.9458218,0.6506131
5.28,23.70775,-15.44778,0.025,-0.008,1.520997,0.9021141,0.4382997
4.49,23.71203,-14.545,0.101,-0.066,0.8027965,0.9944818,1.64245
6.56,23.70578,64.51556,0.003,-0.002,1.832598,0.8296167,0.2380458
6.4,23.70875,61.67944,0.043,-0.021,1.443694,0.9183328,0.5055358
5.06,23.72289,10.33139,0.008,0.007,1.708597,0.8596255,0.3062224
6.36,23.73042,-15.28444,0.032,-0.025,1.647506,0.8738905,0.3449722
6.09,23.73372,-45.08333,0.338,-0.006,1.290627,0.9479049,0.663932
6.07,23.74039,-70.49028,0.243,0.062,1.250751,0.9549033,0.7122089
5.75,23.74464,-78.79139,0.048,0.004,1.366313,0.9337484,0.580982
5.72,23.73667,-64.40444,0.011,0.031,1.538936,0.8982318,0.4238772
4.93,23.73319,29.36167,0.071,-0.037,1.273455,0.9509609,0.6843027
5.24,23.73669,-18.27694,0.029,-0.003,0.788763,0.9938273,1.690417
6.17,23.74136,-26.24639,-0.07,-0.015,1.03347,0.9853959,1.051185
6.51,23.74675,55.79972,0.02,-0.005,1.302141,0.9458218,0.6506131
6.31,23.767,-40.1825,0.097,-0.036,0.8963644,0.9948192,1.36264
5.29,23.76692,-18.67806,0.134,0.03,0.9308688,0.9934145,1.274651
4.95,23.76725,46.42028,0.011,-0.005,1.366313,0.9337484,0.580982
5.04,23.77319,3.486667,-0.03,-0.025,2.297475,0.7083221,0.06981807
5.95,23.77686,66.78222,0.004,0.001,0.8027965,0.9944818,1.64245
5.18,23.78778,-50.22667,0.011,-0.029,0.7526829,0.9913102,1.822032
6.89,23.78981,-68.39417,0.045,-0.043,1.014014,0.9873076,1.089673
4.87,23.78431,58.65194,0.061,0.057,1.366313,0.9337484,0.580982
5.73,23.78775,-11.91083,-0.049,-0.086,1.348679,0.9371404,0.5993768
5.51,23.78386,57.45139,0.002,-0.003,1.690208,0.8639587,0.3174968
6.07,23.79256,46.8325,0.013,-0.003,0.7686149,0.9925749,1.762392
5.49,23.79903,-2.761667,0.096,0.005,1.267758,0.9519608,0.6911988
5.04,23.79856,67.80694,0.014,-0.001,0.8136278,0.9948701,1.606589
6.07,23.80903,-6.380556,0.003,-0.019,1.568927,0.8916483,0.4006839
6.46,23.81369,2.214167,0.007,-0.042,1.004415,0.9881883,1.109282
4.57,23.81544,-28.13028,0.105,-0.106,0.8209915,0.9950778,1.582768
6.41,23.81083,64.87639,0.013,-0.02,0.8398899,0.9954101,1.523629
5.43,23.81394,62.21444,-0.005,-0.001,1.119825,0.9750837,0.8985121
6.34,23.81497,59.97889,0.048,0.007,0.8136278,0.9948701,1.606589
6.33,23.82,58.96306,0.038,-0.014,0.9854823,0.9897984,1.149222
6.24,23.82544,-15.86111,0.049,-0.022,1.431855,0.9207385,0.5166105
5.77,23.82431,1.076111,-0.002,-0.03,0.8797096,0.9952256,1.40781
6.59,23.82908,-62.83944,0.031,-0.035,1.586981,0.8876316,0.387255
5.9,23.82806,36.42528,0.001,-0.048,1.184081,0.9657693,0.8012163
5.97,23.82761,28.8425,0.061,0.024,0.8921627,0.9949391,1.373863
6.42,23.83044,-25.33139,-0.021,-0.024,0.8634652,0.9954395,1.45368
5.94,23.83742,-9.974167,0.14,0.076,1.378119,0.9314479,0.5689601
6.44,23.83953,51.62167,0.123,-0.015,0.9715175,0.9908733,1.179802
5.72,23.84258,-14.40194,0.037,-0.033,1.605082,0.8835657,0.3741778
5.79,23.85589,9.313333,-0.016,-0.063,1.696332,0.8625193,0.3137062
5.18,23.85592,-18.90889,0.021,0,0.7686149,0.9925749,1.762392
5.11,23.86844,-82.01889,-0.055,-0.019,1.256405,0.9539321,0.7051516
5.55,23.86608,2.930278,0.02,-0.015,1.617176,0.880828,0.3656496
6.55,23.866,77.59944,0.264,-0.092,1.004415,0.9881883,1.109282
6.11,23.87317,21.67083,-0.049,-0.015,1.653589,0.8724872,0.3409441
5.08,23.87481,19.12028,-0.005,-0.036,1.659678,0.8710787,0.3369508
5.87,23.875,-14.25111,-0.101,0,1.467412,0.9134489,0.4839908
6.39,23.87364,75.54472,0.314,0.049,1.290627,0.9479049,0.663932
5.3,23.87697,10.9475,-0.029,0.001,0.8879863,0.9950467,1.385133
5.75,23.88069,-8.996667,0.064,-0.021,1.40184,0.9267572,0.5454844
5.93,23.88211,-3.155556,0.075,-0.046,1.342822,0.9382551,0.6056062
6.28,23.88467,2.090556,0.022,-0.012,0.8136278,0.9948701,1.606589
6.24,23.88911,-24.22917,0.047,-0.011,0.8921627,0.9949391,1.373863
6.35,23.90594,-27.04222,0.02,0.025,0.8963644,0.9948192,1.36264
4.54,23.90639,57.49944,-0.002,-0.002,1.431855,0.9207385,0.5166105
6.03,23.91072,-40.3,0.368,0.028,1.068326,0.9815733,0.9861831
5.61,23.91294,0.1091667,-0.04,-0.018,1.653589,0.8724872,0.3409441
6.21,23.91883,7.071111,0.021,-0.019,0.792227,0.9940051,1.678416
6.1,23.92128,-31.92167,0.022,-0.003,0.788763,0.9938273,1.690417
6.83,23.92128,-31.88417,0.003,0.008,0.788763,0.9938273,1.690417
6.54,23.92306,25.955,-0.003,-0.008,1.302141,0.9458218,0.6506131
6,23.92603,57.41222,-0.008,-0.003,0.9005912,0.994687,1.351465
6,23.926,47.35583,0,-0.005,1.395897,0.9279408,0.5512831
6.31,23.94164,-24.73722,0.003,0.01,1.256405,0.9539321,0.7051516
6.15,23.94486,22.64806,-0.022,-0.005,1.659678,0.8710787,0.3369508
6.59,23.94103,83.19111,0.047,0.007,0.836055,0.9953655,1.535403
5.97,23.951,42.65833,0.008,-0.001,1.130354,0.9736445,0.8817036
6.26,23.95231,-26.62361,0.071,0.017,1.568927,0.8916483,0.4006839
5.55,23.95236,55.70583,-0.019,-0.011,1.028574,0.9858926,1.060716
5.97,23.95553,-62.95639,0.082,0.018,0.8594694,0.9954634,1.465249
5.73,23.95908,-82.17,-0.035,-0.026,1.331141,0.9404596,0.6182135
5,23.95978,-64.29833,0.086,-0.068,0.8398899,0.9954101,1.523629
6.47,23.95931,60.02361,0.012,-0.002,0.8209915,0.9950778,1.582768
4.66,23.96264,25.14139,-0.034,-0.033,1.653589,0.8724872,0.3409441
6.26,23.97256,-15.8475,0.086,-0.006,1.348679,0.9371404,0.5993768
4.8,23.97356,51.38861,0.08,0.009,1.801366,0.8372963,0.2540131
4.86,23.97789,-3.556111,-0.051,-0.072,1.262074,0.9529513,0.6981484
6.52,23.98033,32.38167,0.003,-0.007,0.7785514,0.9932398,1.726427
5.13,23.98217,-52.74583,0.055,0.061,1.378119,0.9314479,0.5689601
6.54,23.97958,46.41306,0.022,-0.005,0.7853289,0.9936404,1.702421
4.88,23.98347,55.755,0.009,-0.004,0.792227,0.9940051,1.678416
4.01,23.98853,6.863333,0.153,-0.115,0.9949045,0.9890186,1.129132
5.62,23.99108,-29.485,-0.001,-0.001,1.659678,0.8710787,0.3369508
6.58,23.99144,33.72444,-0.06,-0.08,1.058264,0.9827269,1.004449
6.58,23.99144,33.72444,-0.06,-0.08,1.302141,0.9458218,0.6506131
4.5,23.99861,-65.57722,0.048,-0.024,0.788763,0.9938273,1.690417
6.29,0.005333333,-44.29056,0.08,-0.111,1.167779,0.9682485,0.8247469
6.46,0.006638889,26.91833,0.044,-0.052,1.03347,0.9853959,1.051185
6.19,0.008583333,59.55972,-0.077,-0.024,1.307917,0.9447668,0.6440313
6.38,0.01213889,45.25333,0.027,0.005,0.792227,0.9940051,1.678416
5.71,0.01791667,-48.81,-0.022,-0.009,1.250751,0.9549033,0.7122089
5.53,0.02222222,-50.33722,0.002,0.013,1.659678,0.8710787,0.3369508
6.22,0.02202778,49.98167,0.018,-0.006,1.28489,0.9489328,0.6706696
4.78,0.02658333,-77.06583,-0.063,-0.177,1.461477,0.9146789,0.4893029
5.55,0.02691667,61.22306,-0.006,0.005,0.9901823,0.9894148,1.139147
6.25,0.02883333,42.36722,0.005,-0.003,0.8063781,0.9946213,1.630482
5.1,0.03038889,-3.0275,0.016,-0.009,0.7752084,0.9930265,1.738424
5.75,0.03616667,27.08194,0.841,-0.991,1.119825,0.9750837,0.8985121
4.41,0.03266667,-6.014167,0.051,-0.041,1.677979,0.8668221,0.3251773
7.1,0.03536111,-14.67611,-0.01,-0.019,1.782701,0.8418485,0.2639255
5.01,0.03886111,-29.72028,0.019,0.016,0.765365,0.9923371,1.774358
6.32,0.04005556,8.956944,0.005,-0.003,0.8879863,0.9950467,1.385133
5.63,0.04158333,8.485556,-0.092,-0.047,0.9352911,0.9931827,1.263889
5.86,0.04336111,66.09889,0.01,-0.001,1.354547,0.9360177,0.5931965
6.25,0.04933333,-20.04611,0.11,0.071,1.048284,0.9838315,1.02296
6.44,0.05213889,-24.14528,0.039,0,1.407792,0.9255665,0.539732
6.24,0.05713889,63.64194,-0.008,0.057,0.9532177,0.9921292,1.221391
4.55,0.06233333,-17.33611,0.026,-0.009,0.799244,0.9943325,1.65443
6.29,0.06441667,66.71222,0.021,-0.008,1.702462,0.8610749,0.3099481
5.88,0.07044444,62.28778,-0.004,0.006,0.9397373,0.9929382,1.253181
5.78,0.07213889,-16.52889,0.039,-0.059,1.360425,0.934887,0.587065
6.4,0.07230556,-29.26861,0.03,0.014,0.8172955,0.9949792,1.594669
4.94,0.07502778,-10.50944,-0.005,-0.011,1.677979,0.8668221,0.3251773
5.67,0.07833333,67.16667,0.092,0.03,1.342822,0.9382551,0.6056062
6.01,0.07686111,42.09222,0.005,-0.022,1.302141,0.9458218,0.6506131
7.31,0.07519444,-72.89778,0.01,-0.054,1.004415,0.9881883,1.109282
6.12,0.08161111,34.65972,0.772,0.089,1.093832,0.9784774,0.941588
5.59,0.07813889,-71.43694,0.028,-0.014,0.7752084,0.9930265,1.738424
6.25,0.08222222,26.64889,0.11,-0.012,1.538936,0.8982318,0.4238772
5.8,0.08505556,61.31417,0.015,0.005,0.7853289,0.9936404,1.702421
